question,class
"J’ai perdu mes clés, où se situe le bureau des objets trouvés ?",service_campus
Quelles sont les règles pour le retrait d’un cours  !?,reglement
Où et à quele heure est mon cours du lundi à 8h30 ?,emploi_du_temps
Comment obtenir une convention de stage  !?,procedure_administrative
"Excusez-moi, comment réussir le prochain module de statistiques ?",formation
Petite question : Quelles sont les matières principales en Psychologie … ?,formation
"S'il vous plaît, j’aimerais savoir : Quel est l’horaire du cours de microéconomie avec le professeur Moreau , pour la semaine prochaine ?",emploi_du_temps
"Excusez-moi, Est-il possible de savoir où soumettre la demande de carte étudiante ?",procedure_administrative
"Excusez-moi, à quelle heure commencent les TD de programmation Python ?",emploi_du_temps
Quels sont les prérequis pour le Master Robotique ?,formation
"Est-il possible de savoir comment réussir le prochain module de statistiques , pour la semaine prochaine … ?",formation
Quelles sont les règles pour le retrait d’un cours ?,reglement
"Que se passe-t-il en cas de triche à un examen , merci d’avance ?! ?",reglement
Est-il possible de savoir puis-je changer de majeure ou de spécialisation en cours d’année ?,formation
Petite question : où consulter le code de conduite des étudiants ?,reglement
Pouvez-vous me donner l’emploi du temps du semestre de printemps pour programmation Python ?,emploi_du_temps
Où consulter le code de conduite des étudiants ?,reglement
J’aimerais savoir : Comment demander un report d’admission ?,procedure_administrative
J’aimerais savoir : Pouvez-vous me donner l’emploi du temps du semestre de automne pour robotique ?,emploi_du_temps
J’aimerais savoir : J’aimerais savoir quand se déroule le cours de chimie organique ?,emploi_du_temps
"Combien d’absences sont autorisées avant une sanction , c’est urgent ?",reglement
Existe-t-il un minimum de crédits ou de moyenne par semestre ?,reglement
J’aimerais savoir : Combien de crédits faut-il pour se spécialiser en Biologie ?,formation
"Excusez-moi, Quelle est la date limite pour l’abandon d’une UE , merci d’avance ?",procedure_administrative
Quels sont les horaires d’’’ouverture de la bureau des carrières ?,service_campus
J’aimerais savoir : Puis-je changer de majeure ou de spécialisation en cours d’année ?,formation
"Est-il possible de savoir le Wi-Fi ne fonctionne pas, que puis-je faire ?",service_campus
"Puis-je réserver une salle de travail ou un terrain de sport , pour aujourd’hui ?",service_campus
"Quel est l’horaire du cours de programmation Python avec le professeur Martin , pour aujourd’hui ?",emploi_du_temps
Pourriez-vous me dire : Combien de crédits faut-il pour se spécialiser en Psychologie ?,formation
Où déposer mon dossier pour payer mes frais de scolarité ?,procedure_administrative
Pourriez-vous m’indiquer le créneau de droit public ?,emploi_du_temps
J’aimerais savoir : Où consulter le code de conduite des étudiants ?,reglement
Pourriez-vous me dire : Comment demander un report d’admission ?,procedure_administrative
"Quelles sont les règles pour le retrait d’un cours , merci d’avance ?",reglement
"Bonjour, Pourriez-vous me dire : Quelles sont les matières principales en Informatique  ??",formation
Quel est l’horaire du cours de statistiques appliquées avec le professeur Dupont ?,emploi_du_temps
J’aimerais savoir : À quelle heure commencent les TD de robotique ?,emploi_du_temps
Comment demander un report d’amission ?,procedure_administrative
Quelles sont les règles pour le retrait d’un cours ?,reglement
Combien d’absences sont autorisées avant une sanction  ??,reglement
"Est-il possible de savoir comment réussir le prochain module de statistiques , merci d’avance ?",formation
Est-il possible de savoir où et à quelle heure est mon cours du jeudi à 10h00 ?,emploi_du_temps
Quelles sont les règles pour le retrait d’un cours ?,reglement
Quelle est la date limite pour la demande d’aide financière ?,procedure_administrative
"Le ENT ne fonctionne pas, que puis-je faire ?",service_campus
Que se passe-t-il en cas de triche à un examen ?,reglement
"Où soumettre la demande de carte étudiante , c’est urgent ?",procedure_administrative
Comment renouveler ma carte étudiante  !?,procedure_administrative
Est-il possible de savoir quelle est la date limite pour la demande d’aide financière ?,procedure_administrative
"Pourriez-vous me dire : Le Wi-Fi ne fonctionne pas, que puis-je faire ?",service_campus
Petite question : où se trouve la maison des étudiants ?,service_campus
"Le VPN ne fonctionne pas, que puis-je faire , pour la semaine prochaine ?",service_campus
Petite question : y a-t-il un règlement spécifique pour les stages ?,reglement
Pouvez-vous me donner l’emploi du temps du semestre de automne pour chimie organique ?,emploi_du_temps
J’aimerais savoir : Quelles sont les matières principales en Psychologie ?,formation
Puis-je changer de majeure ou de spécialisation en cours d’année ?,formation
"Pardon, comment demander un report d’admission , pour aujourd’hui ?",procedure_administrative
Quels sont les prérequis pour le Parcours Data Science ?,formation
"Excusez-moi, Pourriez-vous me dire : Quels sont les prérequis pour le Parcours Data Science , si possible ?",formation
Que se passe-t-il en cas de triche à un examen ?,reglement
Combien de crédits faut-il pour se spécialiser en Psychologie  !?,formation
Pouvez-vous me donner l’emploi du temps du semestre de automne pour droit public ?,emploi_du_temps
Comment renouveler ma carte étudiante … ?,procedure_administrative
"J’aimerais savoir : Quels sont les prérequis pour le Licence Histoire , pour la semaine prochaine ?",formation
"Quels sont les horaires d’ouverture de la bibliothèque centrale , pour aujourd’hui ?",service_campus
"Est-il possible de savoir le Wi-Fi ne fonctionne pas, que puis-je faire , merci d’avance ?",service_campus
Quelles sont les règles pour le retrait d’un cours  !?,reglement
"Où soumettre la demande de carte étudiante , pour aujourd’hui ?",procedure_administrative
Quels sont les horaires douverture de la maison des étudiants ?,service_campus
J’aimerais savoir : J’aimerais savoir quand se déroule le cours de psychologie cognitive ?,emploi_du_temps
"Bonsoir, est-il possible de savoir quels sont les horaires d’ouverture de la bibliothèque centrale ?",service_campus
Est-il possible de savoir quels sont les prérequis pour le Master Robotique ?,formation
J’aimerais savoir : Existe-t-il un minimum de crédits ou de moyenne par semestre … ?,reglement
Où soumettre la demande de carte étudiante ?,procedure_administrative
Comment réussir le prochain module de statistiques ?,formation
Y a-t-il un règlemetn spécifique pour les stages ?,reglement
Quels sont les prérequis pour le Licence Histoire ?,formation
Quelle est la date limite pour l’inscription aux cours ?,procedure_administrative
"Excusez-moi, Combien d’absences sont autorisées avant une sanction ?",reglement
Pourriez-vous me dire : Quelles sont les règles pour le retrait d’un cours ?,reglement
Combien d’absences sont autorisees avant une sanction ?,reglement
Quel est l’horaire du cours de économie avec le professeur Bennani … ?,emploi_du_temps
"S'il vous plaît, j’aimerais savoir quand se déroule le cours de algèbre avancée. ?",emploi_du_temps
"Comment me connecter au Wi-Fi de l’université , merci d’avance ?",service_campus
"Comment obtenir une convention de stage , si possible ?",procedure_administrative
"Bonsoir, combien d’absences sont autorisées avant une sanction ?",reglement
"Excusez-moi, quelles sont les matières principales en Informatique ?",formation
Petite question : quelles sont les règles pour le retrait d’un cours ?,reglement
Quels sont les horaires d’ouverture de la bureau des carrières ?,service_campus
"J’ai perdu mes clés, où se situe le bureau des objets trouvés , si possible ?",service_campus
J’aimerais savoir quand se déroule le cours de robotique. — pour aujourd’hui ?,emploi_du_temps
Où déposer mon dossier pour obtenir une convention de stage ?,procedure_administrative
Quels sont les prérequis pour le Parcours Data Science ?,formation
"Bonsoir, Puis-je réserver une salle de travail ou un terrain de sport , si possible ?",service_campus
"Excusez-moi, J’aimerais savoir : Comment demander un report d’admission ?",procedure_administrative
Où soumettre la demande de carte étudiante ?,procedure_administrative
Pouvez-vous me donner l’emploi du temps du semestre de automne poru microéconomie ?,emploi_du_temps
"Est-il possible de savoir puis-je changer de majeure ou de spécialisation en cours d’année , pour la semaine prochaine ?",formation
J’aimerais savoir quand se déroule le cours de biologie cellulaire. ?,emploi_du_temps
Comment candidater pour la remise de diplôme ?,procedure_administrative
Combien de crédits faut-il pour se spécialiser en Psychologie ?,formation
Quelles sont les règles pour le retrait d’un cours ?,reglement
J’aimerais savoir : Où se trouve la bureau des carrières ?,service_campus
Que se passe-t-il en cas de triche à un examen ?,reglement
"J’ai perdu mes clés, où se situe le bureau des objets trouvés ?",service_campus
"Quels documents sont requis pour un changement de parcours , si possible ?",procedure_administrative
"Pardon, puis-je réserver une salle de travail ou un terrain de sport , merci d’avance ?",service_campus
Où déposer mon dossier pour candidater pour la remise de diplôme  !?,procedure_administrative
"S'il vous plaît, est-il possible de savoir où se trouve la service logement ?",service_campus
J’aimerais savoir : Quels sont les horaires d’ouverture de la service logement ?,service_campus
"Bonjour, Pourriez-vous m’indiquer le créneau de statistiques appliquées , pour la semaine prochaine ?",emploi_du_temps
"Bonjour, Est-il possible de savoir y a-t-il un règlement spécifique pour les stages ?",reglement
J’aimerais savoir : Où consulter le code de conduite des étudiants ?,reglement
Pourriez-vous me dire : J’aimerais savoir quand se déroule le cours de chimie organique ?,emploi_du_temps
Quelles sont les UE obligatoires pour le Parcours Data Science ?,formation
Quelle est la date limite pour la demande d’aide financière ?,procedure_administrative
Est-il possible de savoir comment demander un report d’admission ?,procedure_administrative
"Bonjour, Où se trouve la bureau des carrières , c’est urgent ?",service_campus
"J’ai perdu mes clés, où se situe le bureau des objets trouvés , c’est urgent ?",service_campus
J’aimerais savoir : Quels sont les horaires d’ouverture de la bureau des carrières ?,service_campus
"Pourriez-vous me dire : Comment me connecter au Wi-Fi de l’université , pour aujourd’hui ?",service_campus
J’aimerais savoir : Combien d’absences sont autorisées avant une sanction ?,reglement
J’aimerais savoir : Pouvez-vous me donner l’emploi du temps du semestre de été pour biologie cellulaire ?,emploi_du_temps
Pourriez-vous me dire : Puis-je changer de majeure ou de spécialisation en cours d’année ?,formation
Pouvez-vous me donner l’emploi du temps du semestre de été pour microéconomie ?,emploi_du_temps
"Petite question : comment demander un report d’admission , si possible ?",procedure_administrative
Pourriez-vous me dire : Quelles sont les UE obligatoires pour le Master Robotique ?,formation
"Bonjour, pourriez-vous me dire : Quel est l’horaire du cours de économie avec le professeur Anderson ?",emploi_du_temps
Pourriez-vous m’indiquer le créneau de microéconomie ?,emploi_du_temps
Comment candidater pour la remise de diplôme ?,procedure_administrative
J’aimerais savoir : Quels sont les horaires d’ouverture de la bureau des carrières ?,service_campus
"Est-il possible de savoir quelles sont les UE obligatoires pour le Master Psychologie , c’est urgent  ??",formation
Est-il possible de savoir combien de crédits faut-il pour se spécialiser en Psychologie ?,formation
J’aimerais savoir : Pouvez-vous me donner l’emploi du temps du semestre de automne pour droit public ?,emploi_du_temps
J’aimerais savoir : Où consulter le code de conduite des étudiants ?,reglement
"Pardon, quelle est la date limite pour la demande d’aide financière ?",procedure_administrative
"Pourriez-vous me dire : Comment demander un report d’admission , pour la semaine prochaine ?",procedure_administrative
"Bonsoir, quelle est la date limite pour l’abandon d’une UE ?",procedure_administrative
Quelles sont les matières principales en Lettres modernes ?,formation
Comment demander un relevé officiel ?,procedure_administrative
Quels documents sont requis pour un changement de parcours ?,procedure_administrative
"Excusez-moi, quels documents sont requis pour un changement de parcours ?! ?",procedure_administrative
"Quand a lieu le prochain cours de microéconomie , pour la semaine prochaine ?",emploi_du_temps
Pourriez-vous me dire : Où et à quelle heeeure est mon cours du vendredi à 14h00 ?,emploi_du_temps
Où et à quelle heure est mon cours du vendredi à 8h30 ?,emploi_du_temps
"Est-il possible de savoir où se trouve la centre de santé , si possible ?",service_campus
"S'il vous plaît, quelles sont les matières principales en Philosophie ?",formation
"Pourriez-vous me dire : J’ai perdu mes clés, où se situe le bureau des objets trouvés , pour la semaine prochaine ?",service_campus
J’aimerais savoir : Quels documents sont requis pour un changement de parcours ?,procedure_administrative
Existe-t-il un minimum de crédits ou de moyenne par semestre ?,reglement
Est-il possible de savoir comment demander un report d’admission ?,procedure_administrative
Où déposer mon dossier pour payer mes frais de scolarité ?,procedure_administrative
"Puis-je réserver une salle de travail ou un terrain de sport , merci d’avance ?",service_campus
Existe-t-il un minimum de crédits ou de moyenne par semestre ?,reglement
Comment demander un report d’admission ?,procedure_administrative
"S'il vous plaît, Où et à quelle heure est mon cours du lundi à 8h30 ?",emploi_du_temps
Pourriez-vous me dire : Comment réussir le prochain module de statistiques ?,formation
Que se passe-t-il en cas de triche à un examen ?,reglement
Est-il possible de savoir à quelle heure commencent les TD de programmation Python ?,emploi_du_temps
"Combien d’absences sont autorisées avant une sanction , c’est urgent ?",reglement
Quel est l’horaire du cours de littérature moderne avec le professeur Anderson ?,emploi_du_temps
Comment réussir le prochain module de statistiques ?,formation
"Pardon, où soumettre la demande de carte étudiante  ??",procedure_administrative
Quel est l’horaire du cours de statistiques appliquées avec le professeur Anderson ?,emploi_du_temps
"Pardon, J’aimerais savoir : Comment renouveler ma carte étudiante ?",procedure_administrative
J’aimerais savoir : Y a-t-il un règlement spécifique pour les stages ?,reglement
"Le Wi-Fi ne fonctionne pas, que puis---je faire ?",service_campus
"Pardon, pourriez-vous me dire : Où se trouve la centre de santé ?",service_campus
Où puis-je imprimer mes documents sur le campus … ?,service_campus
J’aimerais savoir : Quelle est la date limite pour l’inscription aux cours ?,procedure_administrative
Comment réussir le prochain module de statistiques ?,formation
"Bonjour, Quelles sont les UE obligatoires pour le Parcours Data Science ?",formation
Quelle est la date limite pour l’inscription aux cours ?,procedure_administrative
Comment payer mes frais de scolarité ?,procedure_administrative
"Pourrie-zvous me dire : Que se passe-t-il en cas de triche à un examen , merci d’avance ?",reglement
"Comment me connecter au portail étudiant de l’université , c’est urgent ?",service_campus
"Puis-je réserver une salle de travail ou un terrain de sport , si possible ?",service_campus
"Pouvez-vous me donner l’emploi du temps du semestre de printemps pour droit public , pour aujourd’hui  !?",emploi_du_temps
Est-il possible de savoir quels documents sont requis pour un changement de parcours ?,procedure_administrative
Combien de crédits faut-il pour se spécialiser en Lettres modernes ?,formation
J’aimerais savoir : Quelles sont les matières principales en Informatique ?,formation
Quelle est la date limite pour l’inscription aux cours ?,procedure_administrative
Est-il possible de savoir quelles sont les matières principales en Lettres modernes ?,formation
"Quel est l’horaire du cours de algèbre avancée avec le professeur Bennani , si possible  !?",emploi_du_temps
Existe-t-il un minimum de crédits ou de moyenne par semestre ?,reglement
"Pardon, où consulter le code de conduite des étudiants , merci d’avance ?",reglement
Où déposer mon dossier pour payer mes frais de scolarité ?,procedure_administrative
"Bonjour, Y a-t-il un règlement spécifique pour les stages  ??",reglement
Petite question : combien de crédits faut-il pour se spécialiser en Psychologie ?,formation
"Pourriez-vous me dire : Où déposer mon dossier pour payer mes frais de scolarité , pour aujourd’hui ?",procedure_administrative
"Excusez-moi, Existet-il un minimum de crédits ou de moyenne par semestre ?",reglement
"Quelles sont les règles pour le retrait d’un cours , c’est urgent ?",reglement
"Est-il possible de savoir j’aimerais savoir quand se déroule le cours de psychologie cognitive , c’est urgent ?",emploi_du_temps
Quels sont les prérequis pour le Licence Histoire ?,formation
Que se passe-t-il en cas de triche à un examen ?,reglement
"Bonsoir, Pourriez-vous me dire : Quelle est la politique concernant le probation académique , pour la semaine prochaine ?",reglement
"Bonjour, comment candidater pour la remise de diplôme ?",procedure_administrative
Y a-t-il un règlement spécifique pour les stages ?,reglement
"Excusez-moi, y a-t-il un règlement spécifique pour les stages ?",reglement
Est-il possible de saoir où et à quelle heure est mon cours du lundi à 8h30 ?,emploi_du_temps
"Excusez-moi, où consulter le code de conduite des étudiants , merci d’avance ?",reglement
Quelle est la politique concernant le probation académique ?,reglement
Quels sont les prérequis pour le Licence Histoire ?,formation
"Pardon, Comment me connecter au VPN de l’université ?",service_campus
"Bonsoir, Pourriez-vous me dire : Pourriez-vous m’indiquer le créneau de chimie organique ?",emploi_du_temps
Petite question : Quels sont les prérequis pour le Master Robotique  !?,formation
J’aimerais savoir : Quelles sont les UE obligtaoires pour le MBA Finance  !?,formation
Où soumettre la demande de carte étudiante ?,procedure_administrative
Combien de crédits faut-il pour se spécialiser en Informatique ?,formation
Où se trouve la gymnase  !?,service_campus
Petite question : comment me connecter au portail étudiant de l’université ?,service_campus
"Bonsoir, j’aimerais savoir quand se déroule le cours de microéconomie. ?",emploi_du_temps
"Pardon, J’aimerais savoir : Comment mettre à jour mon adresse ?",procedure_administrative
J’aimerais savoir : Où consulter le code de conduite des étudiants ?,reglement
Quelle est la date limite pour la demande d’aide financière ?,procedure_administrative
"S'il vous plaît, comment me connecter au ENT de l’université  ??",service_campus
"Excusez-moi, j’ai perdu mes clés, où se situe le bureau des objets trouvés ?",service_campus
"S'il vous plaît, combien d’absences sont autorisées avant une sanction ?",reglement
Y a-t-il un règlement spécifique pour les stages ?,reglement
"À quelle heure commencent les TD de algèbre avancée , pour aujourd’hui ?",emploi_du_temps
"Bonjour, combien de crédits faut-il pour se spécialiser en Philosophie ?",formation
Combien de crédits faut-il pour se spécialiser en Philosophie ?,formation
Où déposer mon dossier pour mettre à jour mon adresse ?,procedure_administrative
Où puis-je imprimer mes documents sur le campus  ??,service_campus
"Y a-t-il un règlement spécifique pour les stages , c’est urgent ?",reglement
Puis-je réserver une salle de travail ou un terrain de sport ?,service_campus
"Pardon, J’aimerais savoir : Pourriez-vous m’indiquer le créneau de programmation Python ?",emploi_du_temps
Y a-t-il un règlement spécifique pour les stages ?,reglement
"Où soumettre la demande de carte étudiante , pour la semaine prochaine ?",procedure_administrative
Quand a lieu le prochain cours de algèbre avancée ?,emploi_du_temps
Quelles sont les règles pour le retrait d’un cours … ?,reglement
Est-il possible de savoir puis-je réserver une salle de travail ou un terrain de sport ?,service_campus
Pourriez-vous m’indiquer le créneau de chimie organique ?! ?,emploi_du_temps
"Le ENT ne fonctionne pas, que puis-je faire ?",service_campus
"Petite question : j’aimerais savoir : Quel est l’horaire du cours de économie avec le professeur Anderson , c’est urgent ?",emploi_du_temps
"S'il vous plaît, Combien d’absences sont autorisées avant une sanction ?",reglement
Puis-je réserver une salle de travail ou un terrain de sport ?,service_campus
"Quelle est la date limite pour la demande d’aide financière , merci d’avance ?",procedure_administrative
"Le Wi-Fi ne fonctionne pas, que puis-je faire ?",service_campus
"Le Wi-Fi ne fonctionne pas, que puis-je faire , pour aujourd’hui ?",service_campus
Quelles sont les matières principales en Psychologie ?,formation
"Quelle est la date limite pour la demande d’aide financière , c’est urgent ?",procedure_administrative
Puis-je réserver une salle de travail ou un terrain de sport ?,service_campus
"Petite question : J’aimerais savoir : Où puis-je imprimer mes documents sur le campus , pour la semaine prochaine ?",service_campus
Pourriez-vous me dire : Puis-je changer de majeure ou de spécialisation en cours d’année ?! ?,formation
Petite question : Est-il possible de savoir quels sont les prérequis pour le Master Psychologie ?,formation
Comment payer mes frais de scolarité  !?,procedure_administrative
"Bonsoir, puis-je réserver une salle de travail ou un terrain de sport ?",service_campus
Quelle est la date limite pour l’inscription aux cours ?,procedure_administrative
J’aimerais savoir : Que se passe-t-il en cas de triche à un examen  !?,reglement
J’aimerais savoir : Combien d’absences sont autorisées avant une sanction ?,reglement
Petite question : J’aimerais savoir : Où soumettre la demande de carte étudiante ?,procedure_administrative
"Quel est l’horaire du cours de statistiques appliquées avec le professeur Bennani , c’est urgent ?",emploi_du_temps
Pourriez-vous me dire : Comment me connecter au VPN de l’université ?,service_campus
Quelles sont les matières principales en Biologie ?,formation
"S'il vous plaît, j’aimerais savoir : J’ai perdu mes clés, où se situe le bureau des objets trouvés ?",service_campus
Petite question : pourriez-vous m’indiquer le créneau de littérature moderne ?! ?,emploi_du_temps
"Petite question : Le Wi-Fi ne fonctionne pas, que puis-je faire , pour la semaine prochaine ?",service_campus
Quelle est la politique concernant le rattrapage d’examen ?,reglement
Petite question : Où déposer mon dossier pour payer mes frais de scolarité ?,procedure_administrative
"Pardon, Quelles sont les règles pour le retrait d’un cours ?",reglement
Quelles sont les règles pour le retrait d’un cours ?,reglement
Où soumettre la demande de carte étudiante ?,procedure_administrative
"Pourriez-vous me dire : Où puis-je imprimer mes documents sur le campus , pour la semaine prochaine ?",service_campus
Est-il possible de savoir comment réussir le prochain module de statistiques ?! ?,formation
Est-il possible de savoir puis-je réserver une salle de travail ou un terrain de sport ?,service_campus
Puis-je changer de majeure ou de spécialisation en cours d’année  ??,formation
J’aimerais savoir : Existe-t-il un minimum de crédits ou de moyenne par semestre ?,reglement
"Combien de crédits faut-il pour se spécialiser en Infrmatique , pour aujourd’hui ?",formation
J’aimerais savoir : Que se passe-t-il en cas de triche à un examen ?,reglement
Où soumettre la demande de carte étudiante ?,procedure_administrative
Quand a lieu le prochain cours de biologie cellulaire ?,emploi_du_temps
Où consulter le code de conduite des étudiants ?,reglement
Pourriez-vous me dire : Y a-t-il un règlement spécifique pour les stages ?,reglement
Combien d’absences sont autorisées avant une sanction  ??,reglement
Quand a lieu le prochain cours de littérature moderne ?,emploi_du_temps
"Bonsoir, Où déposer mon dossier pour payer mes frais de scolarité ?",procedure_administrative
"Pardon, Comment me connecte rau portail étudiant de l’université ?",service_campus
J’aimerais savoir quand se déroule le cours de littérature moderne. ?,emploi_du_temps
Existe-t-il un minimum de crédits ou de moyenne par semestre ?,reglement
"Bonsoir, J’aimerais savoir : Quels documents sont requis pour un changement de parcours ?",procedure_administrative
Où soumettre la demande de carte étudiante ?,procedure_administrative
"Quels sont les horaires d’ouverture de la centre de santé , pour la semaine prochaine  !?",service_campus
"Puis-je réserver une salle de travail ou un terrain de sport , c’est urgent ?",service_campus
Petite question : est-il possible de savoir existe-t-il un minimum de crédits ou de moyenne par semestre ?,reglement
"S'il vous plaît, Quelle est la date limite pour l’abandon d’une UE ?",procedure_administrative
Pourriez-vous me dire : J’aimerais savoir quand se déroule le cours de économie ?,emploi_du_temps
"Bonsoir, existe-t-il un minimum de crédits ou de moyenne par semestre ?",reglement
Pourriez-vous me dire : Existe-t-il un minimum de crédits ou de moyenne par semestre ?,reglement
J’aimerais savoir : Quels sont les prérequis pour le Master Psychologie ?,formation
J’aimerais savoir : Quelles sont les matières principalesen Informatique ?,formation
"Est-il possible de savoir où déposer mon dossier pour obtenir une convention de stage , merci d’avance ?",procedure_administrative
Existe-t-il un minimum de crédits ou de moyenne par semestre ?,reglement
"Le VPN ne fonctionne pas, que puis-je faire ?",service_campus
"S'il vous plaît, J’aimerais savoir : Puis-je changer de majeure ou de spécialisation en cours d’année ?",formation
"Quels sont les prérequis pour le Licence Histoire , si possible ?",formation
Petite question : j’aimerais savoir : Quelle est la politique concernant le retards ?,reglement
"Bonsoir, Pourriez-vous me dire : Où puis-je imprimer mes documents sur le campus , c’est urgent ?",service_campus
Pourriez-vous me dire : Comment demander un report d’admission ?,procedure_administrative
"Pouvez-vous me donner l’emploi du temps du semestre de été pour algèbre avancée , pour la semaine prochaine ?",emploi_du_temps
J’aimerais savoir : Combien d’absences sont autorisées avant une sanction ?,reglement
J’aimerais savoir : Quelles sont les matières principales en Informatique ?,formation
Est-il possible de savoir que se passe-t-il en cas de triche à un examen ?,reglement
"Pardon, J’aimerais savoir : Où puis-je imprimer mes documents sur le campus , merci d’avance ?",service_campus
Quelles sont les UE obligatoires pour le Parcours Data Science ?,formation
"Pourriez-vous me dire : Quelles sont les matières principales en Lettres modernes , pour la semaine prochaine ?",formation
"Pardon, Pouvez-vous me donner l’emploi du temps du semestre de printemps pour littérature moderne ?",emploi_du_temps
"Le Wi-Fi ne fonctionne pas, que puis-je faire ?",service_campus
Pourriez-vous me dire : Où et à quelle heure est mon cours du jeudi à 16h30 ?,emploi_du_temps
Existe-t-il un minimum de crédits ou de moyenne par semestre ?,reglement
J’aimerais savoir quand se déroule le cours de biologie cellulaire. ?,emploi_du_temps
Où consulter le code de conduite des étudiants ?,reglement
Où soumettre la demande de carte étudiante ?,procedure_administrative
Est-il possible de savoir quelle est la date limite pour la demande d’aide financière ?,procedure_administrative
Combien d’absences sont autorisées avant une sanction ?,reglement
J’aimerais savoir : Où déposer mon dossier pour renouveler ma carte étudiante ?,procedure_administrative
Quel est l’horaire du cours de économie avec le professeur Anderson ?,emploi_du_temps
Pourriez-vous me dire : Puis-je réserver une salle de travail ou un terrain de sport ?,service_campus
"Le Wi-Fi ne fonctionne pas, que puis-je faire ?",service_campus
"Bonsoir, quelles sont les règles pour le retrait d’un cours , pour aujourd’hui ?",reglement
Pourriez-vous me dire : Puis-je changer de majeure ou de spécialisation en cours d’année ?,formation
Quels sont les horaires d’ouverture de la bureau des carrières ?,service_campus
Quels documents sont requis pour un changement de parcours ?,procedure_administrative
"J’aimerais savoir : Le portail étudiant ne fonctionne pas, que puis-je faire ?",service_campus
Existe-t-il un minimum de crédits ou de moyenne par semestre ?,reglement
"Excusez-moi, Où puis-je imprimer mes documents sur le campus ?! ?",service_campus
Où soumettre la demande de carte étudiante ?,procedure_administrative
Combien de crédits faut-il pour se spécialiser en Philosophie ?,formation
Où puis-je imprimer mes documents sur le campus ?,service_campus
"Bonjour, Y a-t-il un règlement spécifique pour les stages  ??",reglement
Y a-t-il un règlement spécifique pour les stages ?,reglement
"J’aimerais savoir : Comment me connecter au Wi-Fi de l’université , pour la semaine prochaine ?",service_campus
J’aimerais savoir : Quelle est la date limite pour l’abandon d’une UE ?,procedure_administrative
Où déposer mon dossier pour candidater pour la remise de diplôme ?,procedure_administrative
"Où soumettre la demande de carte étudiante , merci d’avance ?",procedure_administrative
"J’aimerais savoir : Le Wi-Fi ne fonctionne pas, que puis-je faire ?",service_campus
"Excusez-moi, Quand a lieu le prochain cours de littérature moderne , pour la semaine prochaine ?",emploi_du_temps
Combien d’absences sont autorisées avant une sanction ?,reglement
"Est-il possible de savoir où et à quelle heure est mon cours du mercredi à 8h30 , pour la semaine prochaine ?",emploi_du_temps
"Bonjour, j’aimerais savoir : Y a-t-il un règlement spécifique pour les stages  !?",reglement
"J’aimerais savoir : J’ai perdu mes clés, où se situe le bureau des objets trouvés ?",service_campus
Est-il possible de savoir où puis-je imprimer mes documents sur le campus ?,service_campus
"S'il vous plaît, quel est l’horaire du cours de littérature moderne avec le professeur Martin ?",emploi_du_temps
Comment me connecter au VPN de l’université ?,service_campus
Quelle est la politique concernant le absence aux cours ?,reglement
"Petite question : j’ai perdu mes clés, où se situe le bureau des objets trouvés … ?",service_campus
"Bonsoir, Pourriez-vous me dire : Comment réussir le prochain module de statistiques ?",formation
Est-il possible de savoir quelle est la date limite pour l’abandon d’une UE ?,procedure_administrative
Est-il possible de savoir comment demander un report d’admission ?,procedure_administrative
"Où et à quelle heure est mon cours du vendredi à 8h30 , pour la semaine prochaine ?",emploi_du_temps
Comment réussir le prochain module de statistiques ?,formation
Puis-je changer de majeure ou de spécialisation en cours d’année ?,formation
Est-il possible de savoir puis-je changer de majeure ou de spécialisation en cours d’année ?,formation
"Pouvez-vous me donner l’emploi du temps du semestre de été pour droit public , si possible ?",emploi_du_temps
Est-il possible de savoir quelles sont les UE obligatoires pour le Licence Histoire ?,formation
Quels sont les prérequis pour le MBA Finance ?,formation
Petite question : où déposer mon dossier pour demander un relevé officiel  !?,procedure_administrative
"S'il vous plaît, Quels sont les horaires d’ouverture de la bureau des carrières ?",service_campus
"Puis-je changer de majeure ou de spécialisation en cours d’année , si possible ?",formation
Où et à quelle heure est mon cours du vendredi à 10h00 ?,emploi_du_temps
"Excusez-moi, J’aimerais savoir : Où déposer mon dossier pour renouveler ma carte étudiante ?",procedure_administrative
À quelle heure commencent les TD de psychologie cognitive ?,emploi_du_temps
"S'il vous plaît, Où et à quelle heure est mon cours du jeudi à 16h30 ?",emploi_du_temps
"J’ai perdu mes clés, où se situe le bureau des objets trouvé , pour la semaine prochaine ?",service_campus
Est-il possible de savoir combien de crédits faut-il pour se spécialiser en Psychologie ?,formation
"Pardon, à quelle heure commencent les TD de algèbre avancée ?",emploi_du_temps
J’aimerais savoir : Quels sont les horaires d’ouverture de la centre de santé ?,service_campus
Pourriez-vous m’indiquer le créneau de biologie cellulaire ?,emploi_du_temps
Existe-t-il un minimum de crédits ou de moyene par semestre ?,reglement
"Pardon, Est-il possible de savoir où déposer mon dossier pour candidater pour la remise de diplôme ?",procedure_administrative
Quand a lieu le prochain cours de chimiiie organique ?,emploi_du_temps
"Quelle est la politique concernant le retards , si possible … ?",reglement
Puis-je réserver une salle de travail ou un terrain de sport ?,service_campus
Quel est l’horaire du cours de économie avec le professeur Martin ?,emploi_du_temps
"Bonsoir, j’aimerais savoir : Comment me connecter au portail étudiant de l’université ?",service_campus
Quelles sont les règles pour le retrait d’un cours … ?,reglement
"Quels sont les horaires d’ouverture de la bureau des carrières , merci d’avance ?",service_campus
"Bonjour, est-il possible de savoir quand a lieu le prochain cours de algèbre avancée … ?",emploi_du_temps
"S'il vous plaît, pourriez-vous me dire : Comment demander un report d’admission ?",procedure_administrative
"Où consulter le code de conduite des étudiants , merci d’avance ?",reglement
"Pardon, combien d’absences sont autorisées avant une sanction … ?",reglement
"Excusez-moi, J’aimerais savoir quand se déroule le cours de psychologie cognitive. — si possible ?",emploi_du_temps
J’aimerais savoir : Où et à quelle heure est mon cours du mercredi à 16h30 ?,emploi_du_temps
J’aimerais savoir : Comment me connecter au Wi-Fi de l’université ?,service_campus
"Bonsoir, Pourriez-vous me dire : Quelles sont les règles pour le retrait d’un cours  !?",reglement
"Bonjour, Puis-je réserver une salle de travail ou un terrain de sport ?",service_campus
"S'il vous plaît, comment demander un report d’admission ?",procedure_administrative
Comment me connecter au portail étudiant de l’université ?,service_campus
"Bonsoir, quelles sont les règles pour le retrait d’un cours ?",reglement
"Puis-je changer de majeure ou de spécialisation en cours d’année , pour la semaine prochaine ?",formation
"Y a-t-il un règlement spécifique pour les stages , pour la semaine prochaine ?",reglement
J’aimerais savoir : Où soumettre la demande de carte étudiante ?,procedure_administrative
Comment demannnder un relevé officiel ?,procedure_administrative
Où puis-je imprimer mes documents sur le campus ?,service_campus
Quelles sont les règles pour le retrait d’un cours ?,reglement
"Quels sont les horaires d’ouverture de la maison des étudiants , c’est urgent ?",service_campus
Ou consulter le code de conduite des etudiants ?,reglement
Où déposer mon dossier pour mettre à jour mon adresse ?,procedure_administrative
"Le VPN ne fonctionne pas, que puis-je faire , pour aujourd’hui ?",service_campus
Que se passe-t-il en cas de triche à un examen ?,reglement
Comment réussir le prochain module de statistiques ?,formation
J’aimerais savoir : Puis-je changer de majeure ou de spécialisation en cours d’année ?,formation
Quelle est la date limite pour la demande d’aide financière ?,procedure_administrative
Y a-t-il un règlement spécifique pour les stages  ??,reglement
Puis-je réserver une salle de travail ou un terrain de sport ?,service_campus
"Bonjour, Pourriez-vous me dire : J’aimerais savoir quand se déroule le cours de chimie organique ?",emploi_du_temps
Quelles sont les règles pour le retrait d’un cours ?,reglement
"Excusez-moi, est-il possible de savoir quand a lieu le prochain cours de robotique ?",emploi_du_temps
"Excusez-moi, quels sont les horaires d’ouverture de la centre de santé ?",service_campus
"Pardon, J’aimerais savoir : Où puis-je imprimer mes documents sur le campus ?",service_campus
Pourriez-vous me dire : Y a-t-il un règlement spécifique pour les stages ?,reglement
"Bonsoir, Où soumettre la demande de carte étudiante ?",procedure_administrative
"S'il vous plaît, quelles sont les matières principales en Philosophie ?",formation
J’aimerais savoir : Quel est l’horaire du cours de analyse de données avec le professeur Dubois ?,emploi_du_temps
Pouvez-vous me donner l’emploi du temps du semestre de automne pour analyse de donnees ?,emploi_du_temps
Existe-t-il un minimum de crédits ou de moyenne par semestre ?,reglement
Pourriez-vous me dire : Quelles sont les matières principales en Informatique ?,formation
"Bonjour, j’aimerais savoir : Quelles sont les UE obligatoires pour le Licence Histoire ?",formation
"S'il vous plaît, Où puis-je imprimer mes documents sur le campus ?",service_campus
Est-il possible de savoir quelle est la date limite pour l’inscription aux cours … ?,procedure_administrative
"Comment demander un relevé officiel , merci d’avance ?",procedure_administrative
"Bonjour, comment me connecter au Wi-Fi de l’université ?",service_campus
Est-il possible de savoir pouvez-vous me donner l’emploi du temps du semestre de automne pour économie ?,emploi_du_temps
Quels sont les prérequis pour le Licence Histoire  ??,formation
Quelles sont les UE obligatoires pour le Parcours Data Science ?,formation
"Puis-je changer de majeure ou de spécialisation en cours d’année , si possible ?",formation
Existe-t-il un minimum de crédits ou de moyenne par semestre ?,reglement
J’aimerais savoir : À quelle heure commencent les TD de économie ?,emploi_du_temps
"S'il vous plaît, J’ai perdu mes clés, où se situe le bureau des objets trouvés ?",service_campus
"Excusez-moi, Puis-je réserver une salle de travail ou un terrain de sport ?",service_campus
Quels sont les prérequis pour le MBA Finance ?,formation
Où consulter le code de conduite des étudiants ?,reglement
Est-il possible de savoir comment réussir le prochain module de statistiques ?,formation
Quels documents sont requis pour un changement de parcours ?,procedure_administrative
"Pardon, j’aimerais savoir quand se déroule le cours de biologie cellulaire. ?",emploi_du_temps
"À quelle heure commencent les TD de économie , pour la semaine prochaine ?",emploi_du_temps
"Le ENT ne fonctionne pas, que puis-je faire ?",service_campus
Quelles sont les règles pour le retrait d’un cours ?,reglement
Est-il possible de savoir comment demander un report d’admission ?,procedure_administrative
Petite question : à quelle heure commencent les TD de psychologie cognitive ?,emploi_du_temps
Comment demander un report d’admission ?,procedure_administrative
"Bonsoir, Quels sont les horaires d’ouverture de la gymnase ?",service_campus
"Comment demander un report d’admission , pour la semaine prochaine ?",procedure_administrative
Quand a lieu le prochain cours de robotique … ?,emploi_du_temps
"Bonsoir, où soumettre la demande de carte étudiante ?",procedure_administrative
Pourriez-vous me dire : Pourriez-vous m’indiquer le créneau de chimie organique ?,emploi_du_temps
Quelle est la politique concernant le plagiat ?,reglement
Quels sont les horaires d’ouverture de la maison des étudiants ?,service_campus
Où et à quelle heure est mon cours du vendredi à 8h30 ?,emploi_du_temps
Quelles sont les règles pour le retrait d’un cours ?,reglement
"Pardon, Quelles sont les UE obligatoires pour le Master Robotique ?",formation
"Bonsoir, Que se passe-t-il en cas de triche à un examen ?",reglement
"Excusez-moi, Pouvez-vous me donner l’emploi du temps du semestre de automne pour robotique ?",emploi_du_temps
"Pardon, j’aimerais savoir : Quelle est la date limite pour la demande d’aide financière ?",procedure_administrative
Que se passe-t-il en cas de triche à un examen ?,reglement
Quels sont les horaires d’ouverture de la gymnase ?,service_campus
J’aimerais savoir quand se déroule le cours de microéconomie. ?,emploi_du_temps
Où soumettre la demande de carte étudiante ?,procedure_administrative
"Pardon, pourriez-vous me dire : Où se trouve la centre de santé , si possible ?",service_campus
J’aimerais savoir : Où et à quelle heure est mon cours du vendredi à 8h30 ?! ?,emploi_du_temps
Petite question : Quelle est la politique concernant le probation académique … ?,reglement
"Bonsoir, à quelle heure commencent les TD de microéconomie ?",emploi_du_temps
"Pardon, j’aimerais savoir : Quels sont les prérequis pour le Master Psychologie ?",formation
"Comment me connecter au Wi-Fi de l’université , si possible ?",service_campus
"Pardon, Où soumettre la demande de carte étudiante ?",procedure_administrative
J’aimerais savoir quand se déroule le cours de droit public. ?,emploi_du_temps
Combien de crédits faut-il pour se spécialiser en Biologie ?,formation
Est-il possible de savoir comment candidater pour la remise de diplôme ?,procedure_administrative
Où consulter le code de conduite des étudiants ?,reglement
Quelle est la politique concernant le plagiat ?,reglement
Où consulter le code de conduite des étudiants ?,reglement
Petite question : Est-il possible de savoir comment demander un report d’admission ?,procedure_administrative
Est-il possible de savoir quels sont les horaires d’ouverture de la gymnase ?,service_campus
Est-il possible de savoir où puis-je imprimer mes documents sur le campus ?,service_campus
"Petite question : À quelle heure commencent les TD de algèbre avancée , si possible ?",emploi_du_temps
"Excusez-moi, pourriez-vous me dire : Pourriez-vous m’indiquer le créneau de économie , merci d’avance ?",emploi_du_temps
J’aimerais savoir : Où soumettre la demande de carte étudiante ?! ?,procedure_administrative
J’aimerais savoir : Quel est l’horaire du cours de chimie organique avec le professeur Nguyen ?,emploi_du_temps
"J’aimerais savoir : J’ai perdu mes clés, où se situe le bureau des objets trouvés ?! ?",service_campus
Quelle est la date limite pour l’inscription aux cours ?,procedure_administrative
Quelle est la date limite pour l’inscription aux cours ?,procedure_administrative
"Bonjour, est-il possible de savoir où consulter le code de conduite des étudiants ?",reglement
"Pardon, pourriez-vous me dire : Où et à quelle heure est mon cours du jeudi à 10h00 ?",emploi_du_temps
"Pourriez-vous me dire : J’ai perdu mes clés, où se situe le bureau des objets trouvés ?",service_campus
À quelle heure commencent les TD de littérature moderne ?,emploi_du_temps
"S'il vous plaît, Est-il possible de savoir comment réussir le prochain module de statistiques ?",formation
"Excusez-moi, Quels sont les prérequis pour le Parcours Data Science ?",formation
"Quelles sont les matières principales en Informatique , pour la semaine prochaine ?",formation
Est-il possible de savoir combien de crédits faut-il pour se spécialiser en Psychologie ?,formation
J’aimerais savoir : Quels sont les prérequis pour le Master Psychologie ?,formation
Quels sont les horaires d’ouverture de la service logement ?,service_campus
"Excusez-moi, Quelle est la politique concernant le retards ?",reglement
"Où soumettre la demande de carte étudiante , pour aujourd’hui ?",procedure_administrative
Comment me connecter au ENT de l’université ?,service_campus
Combien de crédits faut-il pour se spécialiser en Philosophie ?,formation
Est-il possible de savoir puis-je changer de majeure ou de spécialisation en cours d’année ?,formation
Est-il possible de savoir combien d’absences sont autorisées avant une sanction ?,reglement
Pouvez-vous me donner l’emploi du temps du semestre de automne pour algèbre avancée ?,emploi_du_temps
"Le VPN ne fonctionne pas, que puis-je faire ?",service_campus
"Bonsoir, j’aimerais savoir quand se déroule le cours de programmation Python. — c’est urgent ?",emploi_du_temps
Comment me connecter au Wi-Fi de l’université ?,service_campus
"J’aimerais savoir : Existe-t-il un minimum de crédits ou de moyenne par semestre , pour la semaine prochaine ?",reglement
J’aimerais savoir : Où consulter le code de conduite des étudiants ?,reglement
Quelles sont les UE obligatoires pour le Parcours Data Science ?,formation
"Bonjour, j’aimerais savoir quand se déroule le cours de robotique. ?",emploi_du_temps
"Bonsoir, est-il possible de savoir j’ai perdu mes clés, où se situe le bureau des objets trouvés ?",service_campus
"Excusez-moi, pourriez-vous me dire : quelle est la date limite pour l’abandon d’une ue ?",procedure_administrative
"Bonsoir, où et à quell heure est mon cours du mercredi à 16h30 ?",emploi_du_temps
"Est-il possible de savoir j’aimerais savoir quand se déroule le cours de statistiques appliquées , pour la semaine prochaine ?",emploi_du_temps
Quelles sont les matières principales en philosophie ?,formation
Puis-je changer de majeure ou de spécialisation en cours d’année ?,formation
Est-il possible de savoir quelle est la date limite pour la demande d’aide financière ?,procedure_administrative
Quels documents sont requis pour un changement de parcours ?,procedure_administrative
"Bonjour, J’aimerais savoir : Quelles sont les matières principales en Psychologie , pour la semaine prochaine ?",formation
Est-il possible de savoir quelle est la date limite pour l’abandon d’une UE ?,procedure_administrative
Quelles sont les règles pour le retrait d’un cours ?,reglement
"J’aimerais savoir : Le ENT ne fonctionne pas, que puis-je faire ?",service_campus
Où puis-je imprimer mes documents sur le campus ?,service_campus
Que se passe-t-il en cas de triche à un examen ?,reglement
"Excusez-moi, puis-je changer de majeure ou de spécialisation en cours d’année ?",formation
Est-il possible de savoir quels documents sont requis pour un changement de parcours ?,procedure_administrative
"S'il vous plaît, pouvez-vous me donner l’emploi du temps du semestre de automne pour littérature moderne , c’est urgent ?",emploi_du_temps
J’aimerais savoir : Quelles sont les matières principales en Philosophie ?,formation
"Bonjour, Où puis-je imprimer mes documents sur le campus ?",service_campus
"Bonjour, comment me connecter au portail étudint de l’université ?",service_campus
Où soumettre la demande de carte étudiante … ?,procedure_administrative
Pouvez-vous me donner l’emploi du temps du semestre de printemps pour droit public ?,emploi_du_temps
"Quelles sont les règles pour le retrait d’un cours , pour la semaine prochaine ?",reglement
"Bonsoir, est-il possible de savoir quels sot les prérequis pour le Parcours Data Science ?",formation
Est-il possible de savoir quelle est la date limite pour l’inscription aux cours ?,procedure_administrative
Quels sont les horaires d’ouverture de la bibliothèque centrale ?,service_campus
J’aimerais savoir quand se déroule le cours de statistiques appliquées. ?,emploi_du_temps
"Pourriez-vous m’indiquer le créneau de droit public , c’est urgent ?",emploi_du_temps
"Quelles sont les règles pour le retrait d’un cours , pour aujourd’hui ?",reglement
Pouvez-vous me donner l’emploi du temps du semestre de automne pour biologie cellulaire ?,emploi_du_temps
"Bonjour, Est-il possible de savoir comment demander un report d’admission ?",procedure_administrative
"Où et à quelle heure est mon cours du mercredi à 16h30 , si possible ?",emploi_du_temps
Est-il possible de savoir puis-je réserver une salle de travail ou un terrain de sport ?,service_campus
Comment me connecter au ENT de l’université ?,service_campus
Est-il possible de savoir quel est l’horaire du cours de programmation Python avec le professeur Moreau ?,emploi_du_temps
"Où et à quelle heure est mon cours du lundi à 8h30 , merci d’avance ?",emploi_du_temps
J’aimerais savoir : J’aimerais savoir quand se déroule le cours de économie … ?,emploi_du_temps
Pourriez-vous me dire : Où déposer mon dossier pour candidater pour la remise de diplôme ?,procedure_administrative
"Bonjour, Est-il possible de savoir pouvez-vous me donner l’emploi du temps du semestre de automne pour psychologie cognitive ?",emploi_du_temps
Petite question : Pourriez-vous me dire : Quelles sont les matières principales en Lettres modernes ?,formation
Comment obtenir une convention de stage ?,procedure_administrative
J’aimerais savoir : Quelles sont les UE obligatoires pour le Master Psychologie ?,formation
"Pardon, Que se passe-t-il en cas de triche à un examen , merci d’avance ?",reglement
Est-il possible de savoir quelles sont les règles pour le retrait d’un cours ?! ?,reglement
Combien de crédits faut-il pour se spécialiser en Lettres modernes ?,formation
Est-il possible de savoir j’aimerais savoir quand se déroule le cours de algèbre avancée ?,emploi_du_temps
Pourriez-vous me dire : Comment réussir le prochain module de statistiques ?,formation
Pourriez-vous me dire : Quand a lieu le prochain cours de droit public ?,emploi_du_temps
Comment mettre à jour mon adresse ?,procedure_administrative
Où puis-je imprimer mes documents sur le campus ?,service_campus
Pourriez-vous me dire : Où consulter le code de conduite des étudiants ?,reglement
Pourriez-vous me dire : Où se trouve la bureau des carrières ?,service_campus
"Comment me connecter au portail étudiant de l’université , c’est urgent ?",service_campus
"Pourriez-vous me dire : Quelles sont les règles pour le retrait d’un cours , si possible ?",reglement
Quelle est la dateee limite pour la demande d’aide financière ?,procedure_administrative
Où consulter le code de conduite des étudiants ?,reglement
"Excusez-moi, Quelles sont les UE obligatoires pour le MBA Finance ?",formation
"Est-il possible de savoir le VPN ne fonctionne pas, que puis-je faire ?",service_campus
J’aimerais savoir : Où puis-je imprimer mes documents sur le campus ?,service_campus
"Petite question : puis-je réserver une salle de travail ou un terrain de sport , si possible  !?",service_campus
Pourriez-vous me dire : Où soumettre la demande de carte étudiante ?,procedure_administrative
Pourriez-vous me dire : Quels documents sont requis pour un changement de parcours ?,procedure_administrative
Quelles sont les règles pour le retrait d’un cours ?,reglement
"Bonjour, Est-il possible de savoir quels sont les horaires d’ouverture de la gymnase ?",service_campus
"Pardon, Quels sont les horaires d’ouverture de la bibliothèque centrale ?",service_campus
"Est-il possible de savoir j’ai perdu mes clés, où se situe le bureau des objets trouvés ?",service_campus
"Bonsoir, Quelles sont les UE obligatoires pour le Parcours Data Science ?",formation
"S'il vous plaît, j’aimerais savoir : Puis-je réserver une salle de travail ou un terrain de sport ?",service_campus
"Quels documents sont requis pour un changement de parcours , c’est urgent ?",procedure_administrative
Puis-je changer de majeure ou de spécialisation en cours d’année ?,formation
Est-il possible de savoir pouvez-vous me donner l’emploi du temps du semestre de printemps pour algèbre avancée ?,emploi_du_temps
Est-il possible de savoir comment demander un report d’admission ?,procedure_administrative
Pourriez-vous me dire : Existe-t-il un minimum de crédits ou de moyenne par semestre ?,reglement
"Comment demander un report d’admission , pour la semaine prochaine ?",procedure_administrative
Où soumettre la demande de carte étudiante ?,procedure_administrative
Pouvez-vous me donner l’emploi du temps du semestre de été pour statistiques appliquées ?,emploi_du_temps
J’aimerais savoir : Quel est l’horaire du cours de analyse de données avec le professeur Bennani … ?,emploi_du_temps
Comment renouveler ma carte étudiante ?,procedure_administrative
"Où se trouve la bibliothèque centrale , pour aujourd’hui … ?",service_campus
Où soumettre la demande de carte étudiante  !?,procedure_administrative
Où soumettre la demande de carte étudiante ?,procedure_administrative
"Excusez-moi, quelles sont les UE obligatoires pour le MBA Finance ?",formation
Puis-je changer de majeure ou de spécialisation en cours d’année ?,formation
"Y a-t-il un règlement spécifique pour les stages , si possible ?",reglement
"Excusez-moi, quelles sont les matières principales en Informatique , si possible ?",formation
"Pardon, pourriez-vous me dire : À quelle heure commencent les TD de psychologie cccognitive ?",emploi_du_temps
"EL ENT ne fonctionne pas, que puis-je faire ?",service_campus
Est-il possible de savoir puis-je réserver une salle de travail ou un terrain de sport ?,service_campus
"Puis-je changer de majeure ou de spécialisation en cours d’année , c’est urgent ?",formation
"Pouvez-vous me donner l’emploi du temps du semestre de été pour programmation Python , merci d’avance ?",emploi_du_temps
Quelle est la date limite pour la demande d’aide financière ?,procedure_administrative
Où soumettre la demande de carte étudiante ?,procedure_administrative
"J’ai perdu mes clés, où se situe le bureau des objets trouvés ?",service_campus
"J’aimerais savoir : Où se trouve la service logement , merci d’avance ?! ?",service_campus
Est-il possible de savoir pouvez-vous me donner l’emploi du temps du semestre de printemps pour programmation Python ?,emploi_du_temps
"Bonsoir, Que se passe-t-il en cas de triche à un examen ?",reglement
"Quels documents sont requis pour un changement de parcours , si possible ?",procedure_administrative
Que se passe-t-il en cas de triche à un examen ?,reglement
"Bonjour, Pourriez-vous me dire : Combien d’absences sont autorisées avant une sanction ?",reglement
Quelle est la date limite pour l’inscription aux cours ?,procedure_administrative
J’aimerais savoir : Comment me connecter au portail étudiant de l’université ?,service_campus
"Puis-je changer de majeure ou de spécialisation en cours d’année , c’est urgent ?",formation
"Puis-je changer de majeure ou de spécialisation en cours d’année , c’est urgent ?",formation
Quelle est la date limite pour l’abandon d’une UE ?,procedure_administrative
Où puis-je imprimer mes docuemnts sur le campus ?,service_campus
Puis-je changer de majeure ou de spécialisation en cours d’année ?,formation
Où déposer mon dossier pour payer mes frais de scolarité … ?,procedure_administrative
Quand a lieu le prochain cours de biologie cellulaire ?,emploi_du_temps
Pourriez-vous me dire : Quels documents sont requis pour un changement de parcours ?,procedure_administrative
Où et à quelle heure est mon cours du jeudi à 14h00 ?,emploi_du_temps
"S'il vous plaît, J’aimerais savoir quand se déroule le cours de microéconomie. ?",emploi_du_temps
"S'il vous plait, quels documents sont requis pour un changement de parcours ?",procedure_administrative
Petite question : quelle est la politique concernant le rattrapage d’examen ?,reglement
"Bonjour, Quand a lieu le prochain cours de biologie cellulaire ?",emploi_du_temps
Quels sont les prérequis pour le Master Robotique ?,formation
"S'il vous plaît, Y a-t-il un règlement spécifique pour les stages ?",reglement
Petite question : quels documents sont requis pour un changement de parcours ?,procedure_administrative
Quelle est la date limite pour la demande d’aide financière ?,procedure_administrative
"Bonjour, est-il possible de savoir combien de crédits faut-il pour se spécialiser en Psychologie ?",formation
Où consulter le code de conduite des étudiants ?,reglement
"Pourriez-vous me dire : Quels documents sont requis pour un changement de parcours , si possible ?",procedure_administrative
"Excusez-moi, Quelles sont les matières principales en Informatique ?",formation
Petite question : Quelle est la date limite pour l’abandon d’une UE ?,procedure_administrative
Puis-je changer de majeure ou de spécialisation en cours d’année ?,formation
"Est-il possible de savoir existe-t-il un minimum de crédits ou de moyenne par semestre , pour aujourd’hui ?",reglement
"Bonsoir, est-il possible de savoir où soumettre la demande de carte étudiante ?",procedure_administrative
"Est-il possible de savoir j’ai perdu mes clés, où se situe le bureau des objets trouvés ?",service_campus
Est-il possible de savoir quels sont les prérequis pour le Parcours Data Science ?,formation
Pourriez-vous me dire : Puis-je réserver une salle de travail ou un terrain de sport ?,service_campus
Où soumettre la demande de carte étudiante ?,procedure_administrative
"Pourriez-vous me dire : Existe-t-il un minimum de crédits ou de moyenne par semestre , pour aujourd’hui  ??",reglement
"Bonjour, Comment me connecter au Wi-Fi de l’université ?",service_campus
J’aimerais savoir : Quelles sont les matières principales en Informatique ?,formation
"J’aimerais savoir : Comment renouveler ma carte étudiante , pour aujourd’hui ?",procedure_administrative
"S'il vous plaaaît, est-il possible de savoir comment demander un report d’admission ?",procedure_administrative
Où soumettre la demande de carte étudiante ?,procedure_administrative
"Comment demander un relevé officiel , c’est urgeeent ?",procedure_administrative
"S'il vous plaît, J’aimerais savoir : Pouvez-vous me donner l’emploi du temps du semestre de printemps pour biologie cellulaire ?",emploi_du_temps
Quelles sont les UE obligatoires pour le Licence Histoire ?,formation
"Bonjour, pourriez-vous me dire : Quelle est la date limite pour l’inscription aux cours ?",procedure_administrative
Puis-je changer de majeure ou de spécialisation en cours d’année ?,formation
J’aimerais savoir : Où soumettre la demande de carte étudiante ?,procedure_administrative
"S'il vous plaît, le ENT ne fonctionne pas, que puis-je faire , pour aujourd’hui ?",service_campus
Que se passe-t-il en cas de triche à un examen ?,reglement
"Pardon, Puis-je réserver une salle de travail ou un terrain de sport ?",service_campus
Quel est l’horaire du cours de psychologie cognitive avec le professeur Dubois ?,emploi_du_temps
"Pardon, J’aimerais savoir : Quelle est la date limite pour l’inscription aux cours ?",procedure_administrative
"Quelles sont les UE obligatoires pour le Master Robotique , pour aujourd’hui ?",formation
"J’ai perdu mes clés, où se situe le bureau des objets trouvés ?",service_campus
J’aimerais savoir quand se déroule le cours de économie. ?,emploi_du_temps
Quelles sont les UE obligatoires pour le Master Psychologie ?,formation
Est-il possible de savoir où et à quelle heure est mon cours du lundi à 10h00 ?,emploi_du_temps
Quelle est la politique concernant le plagiat ?,reglement
J’aimerais savoir : Existe-t-il un minimum de crédits ou de moyenne par semestre ?,reglement
"S'il vous plaît, le ENT ne fonctionne pas, que puis-je faire ?",service_campus
"Est-il possible de savoir j’ai perdu mes clés, où se situe le bureau des objets trouvés , pour la semaine prochaine ?",service_campus
Puis-je changer de majeure ou de spécialisation en cours d’année ?,formation
"Quel est l’horaire du cours de droit public avec le professeur Nguyen , si possible ?",emploi_du_temps
Pourriez-vous me dire : Où et à quelle heure est mon cours du lundi à 8h30 ?,emploi_du_temps
Quand a lieu le prochain cours de économie ?,emploi_du_temps
Où déposer mon dossier pour candidater pour la remise de diplôme ?,procedure_administrative
Quelles sont les UE obligatoires pour le Parcours Data Science ?,formation
Est-il possible de savoir où se trouve la centre de santé ?,service_campus
Où consulter le code de conduite des étudiants ?,reglement
Puis-je changer de majeure ou de spécialisation en cours d’année ?,formation
"Pourriez-vous me dire : Quelles sont les règles pour le retrait d’un cours , pour aujourd’hui ?",reglement
J’aimerais savoir quand se déroule le cours de algèbre avancée. — pour aujourd’hui ?,emploi_du_temps
"Pourriez-vous me dire : J’ai perdu mes clés, où se situe le bureau des objets trouvés ?",service_campus
"Pardon, Est-il possible de savoir à quelle heure commencent les TD de économie ?",emploi_du_temps
Comment réussir le prochain module de statistiques ?,formation
Combien de crédits faut-il pour se spécialiser en Informatique ?,formation
"Le ENT ne fonctionne pas, que puis-je faire ?",service_campus
Quelles sont les UE obligatoires pour le MBA Finance ?,formation
"Pardon, comment payer mes frais de scolarité ?! ?",procedure_administrative
Où et à quelle heure est mon cours du vendredi à 8h30 ?,emploi_du_temps
Où soumettre la demande de carte étudiante ?,procedure_administrative
Comment demander un relevé officiel  ??,procedure_administrative
"Bonsoir, Comment demander un report d’admission ?",procedure_administrative
Est-il possible de savoir pouvez-vous me donner l’emploi du temps du semestre de été pour statistiques appliquées ?,emploi_du_temps
"Puis-je réserver une salle de travail ou un terrain de sport , pour aujourd’hui ?",service_campus
"J’aimerais savoir : j’ai perdu mes clés, où se situe le bureau des objets trouvés ?",service_campus
"Excusez-moi, quel est l’horaire du cours de biologie cellulaire avec le professeur Martin ?",emploi_du_temps
"Petite question : comment mettre à jour mon adresse , c’est urgent ?",procedure_administrative
"J’aimerais savoir : Comment demander un relevé officiel , pour aujourd’hui  ??",procedure_administrative
"Excusez-moi, y a-t-il un règlement spécifique pour les stages ?",reglement
J’aimerais savoir quand se déroule le cours de biologie cellulaire. — c’est urgent ?,emploi_du_temps
Est-il possible de savoir quel est l’horaire du cours de microéconomie avec le professeur Moreau ?,emploi_du_temps
"Excusez-moi, Pourriez-vous me dire : Puis-je changer de majeure ou de spécialisation en cours d’année  !?",formation
Quelle est la date limite pour la demande d’aide financière ?,procedure_administrative
"Y a-t-il un règlement spécifique pour les stages , c’est urgent ?",reglement
"Bonsoir, Où soumettre la demande de carte étudiante ?",procedure_administrative
Puis-je réserver une salle de travail ou un terrain de sport ?,service_campus
J’aimerais savoir : Comment réussir le prochain module de statistiques ?,formation
"Quel est l’horaire du cours de économie avec le professeur Bennani , si possible ?",emploi_du_temps
"Pardon, j’aimerais savoir : Que se passe-t-il en cas de triche à un examen , si possible ?",reglement
"Excusez-moi, Comment réussir le prochain module de statistiques ?",formation
Pourriez-vous me dire : Quels documents sont requis pour un changement de parcours ?,procedure_administrative
"Pourriez-vous me dire : Quand a lieu le prochain cours de économie , merci d’avance ?",emploi_du_temps
Existe-t-il un minimum de crédits ou de moyenne par semestre ?,reglement
Quels sont les horaires d’ouverture de la gymnase ?,service_campus
Pourriez-vous m’indiquer le créneau de microéconomie ?,emploi_du_temps
Est-il possible de savoir pourriez-vous m’indiquer le créneau de algèbre avancée ?,emploi_du_temps
J’aimerais savoir : Où soumettre la demande de carte étudiante ?,procedure_administrative
"Bonsoir, Où puis-je imprimer mes documents sur le campus ?",service_campus
"Bonsoir, Combien de crédits faut-il pour se spécialiser en Informatique , pour la semaine prochaine ?",formation
Pourriez-vous me dire : Comment demander un report d’admission ?,procedure_administrative
Où et à quelle heure est mon cours du jeudi à 16h30 ?,emploi_du_temps
"Où soumettre la demande de carte étudiante , merci d’avance ?",procedure_administrative
Combien de crédits faut-il pour se spécialiser en Biologie ?,formation
Quelle est la politique concernant le rattrapage d’examen ?,reglement
"S'il vous plaît, pourriez-vous m’indiquer le créneau de microéconomie ?",emploi_du_temps
Où puis-je imprimer mes documents sur le campus ?,service_campus
Où puis-je imprimer mes documents sur le campus ?,service_campus
"Le VPN ne fonctionne pas, que puis-je faire ?",service_campus
Quelles sont les UE obligatoires pour le Licence Histoire ?,formation
J’aimerais savoir : Comment me connecter au VPN de l’université ?,service_campus
Petite question : Quels sont les horaires d’ouverture de la bureau des carrières ?,service_campus
"Bonsoir, Pourriez-vous me dire : Quelles sont les UE obligatoires pour le Licence Histoire  ??",formation
J’aimerais savoir : Quelles sont les UE obligatoires pour le Licence Histoire ?,formation
Pourriez-vous me dire : Comment demander un report d’admission ?,procedure_administrative
Pourriez-vous me dire : Quand a lieu le prochain cours de droit public ?,emploi_du_temps
Où se trouve la bibliothèque centrale ?,service_campus
Pourriez-vous me dire : Quels documents sont requis pour un changement de parcours ?,procedure_administrative
"J’aimerais savoir : Combien d’absences sont autorisées avant une sanction , merci d’avance ?",reglement
Où consulter le code de conduite des étudiants ?,reglement
"Bonjour, Quel est l’horaire du cours de psychologie cognitive avec le professeur Anderson ?",emploi_du_temps
"S'il vous plaît, quels documents sont requis pour un changement de parcours , merci d’avance ?",procedure_administrative
"Excusez-moi, Est-il possible de savoir à quelle heure commencent les TD de littérature moderne ?",emploi_du_temps
J’aimerais savoir : Existe-t-il un minimum de crédits ou de moyenne par semestre ?,reglement
"S'il vous plaît, comment mettre à jour mon adresse ?",procedure_administrative
Que se passe-t-il en cas de triche à un examen ?,reglement
Pourriez-vous me dire : Quels sont les prérequis pour le Master Robotique  ??,formation
"Comment réussir le prochain module de statistiques , si possible ?",formation
J’aimerais savoir : Comment réussir le prochain module de statistiques ?,formation
"Combien de crédits faut-il pour se spécialiser en Biologie , pour la semaine prochaine ?",formation
"Combien de crédits faut-il pour se spécialiser en Lettres modernes , si possible ?",formation
Est-il possible de savoir où consulter le code de conduite des étudiants ?,reglement
Que se passe-t-il en cas de triche à un examen ?,reglement
"Bonjour, puis-je réserver une salle de travail ou un terrain de sport ?",service_campus
Pourriez-vous me dire : Comment me connecter au VPN de l’université ?,service_campus
Quelles sont les matières principales en Informatique ?,formation
Pourriez-vous m’indiquer le créneau de littérature moderne  !?,emploi_du_temps
"Quelles sont les matières principales en Lettres modernes , merci d’avance … ?",formation
Comment renouveler ma carte étudiante ?,procedure_administrative
Comment réussir le prochain module de statistiques ?,formation
"J’ai perdu mes clés, où se situe le bureau des objets trouvés ?",service_campus
Combien d’absences sont autorisées avant une sanction ?,reglement
Où se trouve la bureau des carrières ?,service_campus
Quelles sont les matières principales en Biologie ?,formation
J’aimerais savoir : Où se trouve la bibliothèque centrale ?,service_campus
J’aimerais savoir : J’aimerais savoir quand se déroule le cours de statistiques appliquées ?,emploi_du_temps
Comment me connecter au portail étudiant de l’université ?,service_campus
Quand a lieu le prochain cours de économie ?,emploi_du_temps
J’aimerais savoir quand se déroule le cours de statistiques appliquées. ?,emploi_du_temps
"Excusez-moi, Pourriez-vous me dire : Quelle est la date limite pour la demande d’aide financière ?",procedure_administrative
Y a-t-il un règlement spécifique pour les stages ?,reglement
J’aimerais savoir quand se dérule le cours de littérature moderne. ?,emploi_du_temps
"Bonjour, j’aimerais savoir : Puis-je changer de majeure ou de spécialisation en cours d’année ?",formation
"Où déposer mon dossier pour obtenir une convention de stage , pour aujourd’hui ?",procedure_administrative
"S'il vous plaît, J’ai perdu mes clés, où se situe le bureau des objets trouvés ?",service_campus
Est-il possible de savoir combien de crédits faut-il pour se spécialiser en Psychologie ?,formation
"Est-il possible de savoir où soumettre la demande de carte étudiante , c’est urgent ?",procedure_administrative
Que se passe-t-il en cas de triche à un examen ?,reglement
Quelles sont les UE obligatoires pour le Parcours Data Science ?,formation
"Bonsoir, est-il possible de savoir puis-je réserver une salle de travail ou un terrain de sport ?",service_campus
Comment me connecter au Wi-Fi de l’université ?,service_campus
"Quand a lieu le prochain cours de droit public , c’est urgent ?",emploi_du_temps
Quelles sont les UE obligatoires pour le Parcours Data Science ?,formation
"Comment demander un report d’admission , merci d’avance ?",procedure_administrative
Pourriez-vous me dire : Où se trouve la bibliothèque centrale ?,service_campus
Pourriez-vous me dire : Où consulter le code de conduite des étudiants ?,reglement
"Pardon, Où et à quelle heure est mon cours du jeudi à 8h30 ?",emploi_du_temps
Pourriez-vous me dire : Quelle est la politique concernant le absence aux cours  !?,reglement
"Quelles sont les matières principales en Philosophie , pour la semaine prochaine ?",formation
J’aimerais savoir : Combien de crédits faut-il pour se spécialiser en Biologie ?,formation
Existe-t-il un minimum de crédits ou de moyenne par semestre  ??,reglement
Où et à quelle heure est mon cours du mercredi à 14h00 ?! ?,emploi_du_temps
Pourriez-vous m’indiquer le créneau de statistiques appliquées … ?,emploi_du_temps
J’aimerais savoir : Où consulter le code de conduite des étudiants  !?,reglement
"Pourriez-vous me dire : À quelle heure commencent les TD de statistiques appliquées , merci d’avance ?",emploi_du_temps
Quelles sont les règles pour le retrait d’un cours ?,reglement
"Puis-je réserver une salle de travail ou un terrain de sport , merci d’avance ?",service_campus
Où déposer mon dossier pour candidater pour la remise de diplôme ?,procedure_administrative
"J’ai perdu mes clés, où se situe le bureau des objets trouvés ?",service_campus
"Bonjour, j’aimerais savoir : Comment me connecter au VPN de l’université ?",service_campus
Quel est l’horaire du cours de biologie cellulaire avec le professeur Anderson ?,emploi_du_temps
Pourriez-vous me dire : Où se trouve la centre de santé ?,service_campus
Petite question : Combien d’absences sont autorisées avant une sanction  !?,reglement
Pourriez-vous me dire : Quels sont les horaires d’ouverture de la bibliothèque centrale ?,service_campus
Pourriez-vous me dire : Où déposer mon dossier pour renouveler ma carte étudiante ?,procedure_administrative
Comment réussir le prochain module de statistiques ?,formation
"Pardon, quelles sont les UE obligatoires pour le Master Robotique ?",formation
"Bonsoir, comment me connecter au ENT de l’université ?",service_campus
"Quand a lieu le prochain cours de microéconomie , c’est urgent ?",emploi_du_temps
"J’ai perdu mes clés, où se situe le bureau des objets trouvés ?",service_campus
Quand a lieu le prochain cours de microéconomie ?,emploi_du_temps
"J’aimerais saoir : Puis-je réserver une salle de travail ou un terrain de sport , pour aujourd’hui ?! ?",service_campus
J’aimerais savoir : Où consulter le code de conduite des étudiants ?,reglement
"Comment demander un report d’admission , merci d’avance ?",procedure_administrative
Existe-t-il un minimum de crédits ou de   moyenne par semestre ?,reglement
"Bonjour, j’aimerais savoir : Où consulter le code de conduite des étudiants ?",reglement
"S'il vous plaît, quelles sont les UE obligatoires pour le Master Robotique  !?",formation
Pourriez-vous me dire : Quels sont les prérequis pour le Parcours Data Science  ??,formation
"Excusez-moi, quel est l’horaire du cours de biologie cellulaire avec le professeur dubois ?",emploi_du_temps
Que se passe-t-il en cas de triche à un examen ?,reglement
Comment demander un report d’admission ?,procedure_administrative
Est-il possible de savoir à quelle heure commencent les TD de littérature moderne ?,emploi_du_temps
Que se passe-t-il en cas de triche à un examen ?,reglement
"Comment me connecter au Wi-Fi de l’université , merci d’avance ?",service_campus
"Le portail étudiant ne fonctionne pas, que puis-je faire ?",service_campus
"Bonsoir, où soumettre la demande de carte étudiante ?",procedure_administrative
Que se passe-t-il en cas de triche à un examen ?,reglement
Comment me connecter au VPN de l’université ?,service_campus
Quels sont les prérequis pour le MBA Finance ?,formation
Où consulter le code de conduite des étudiants ?,reglement
"S'il vous plaît, où puis-je imprimer mes documents sur le campus ?",service_campus
"Pourriez-vous m’indiquer le créneau de programmation Python , pour la semaine prochaine ?",emploi_du_temps
"Excusez-moi, Existe-t-il un minimum de crédits ou de moyenne par semestre ?",reglement
Quels sont les prérequis pour le Licence Histoire ?,formation
À quelle heure commencent les TD de droit pblic ?,emploi_du_temps
Petie question : J’aimerais savoir : Quelles sont les règles pour le retrait d’un cours ?,reglement
Puis-je changer de majeure ou de spécialisation en cours d’année ?,formation
"Bonsoir, Quelle est la politique concernant le retards ?",reglement
Quelles sont les UE obligatoires pour le MBA Finance ?,formation
"Bonjour, combien d’absences sont autorisées avant une sanction ?",reglement
"Est-il possible de savoir où puis-je imprimer mes documents sur le campus , pour aujourd’hui ?",service_campus
Quel est l’horaire du cours de microéconomie avec le professeur Moreau ?,emploi_du_temps
"Pardon, Est-il possible de savoir quelles sont les UE obligatoires pour le Parcours Data Science ?",formation
"S'il vous plaît, Quels sont les horaires d’ouverture de la bibliothèque centrale ?",service_campus
"Bonsoir, J’aimerais savoir quand se déroule le cours de économie. ?",emploi_du_temps
Combien de crédits faut-il pour se spécialiser en Psychologie ?,formation
Puis-je changer de majeure ou de spécialisation en cours d’année ?,formation
Petite question : puis-je changer de majeure ou de spécialisation en cours d’année ?,formation
J’aimerais savoir : À quelle heure commencent les TD de analyse de données  !?,emploi_du_temps
"Est-il possible de savoir où se trouve la gymnase , merci d’avance ?",service_campus
"Puis-je changer de majeure ou de spécialisation en cours d’année , si possible ?",formation
"Où se trouve la bureau des carrières , c’est urgent ?",service_campus
Où se trouve la gymnase ?,service_campus
Où soumettre la demande de carte étudiante ?,procedure_administrative
Pourriez-vous me dire : Quelle est la date limite pour la demande d’aide financière ?,procedure_administrative
"S'il vous plaît, Pourriez-vous m’indiquer le créneau de robotique , pour la semaine prochaine ?",emploi_du_temps
Est-il possible de savoir où se trouve la bibliothèque centrale  !?,service_campus
"Pourriez-vous me dire : J’ai perdu mes clés, où se situe le bureau des objets trouvés ?",service_campus
Existe-t-il un minimum de crédits ou de moyenne par semestre ?,reglement
"Quelle est la date limite pour l’abandon d’une UE , pour la semaine prochaine ?",procedure_administrative
J’aimerais savoir : Où soumettre la demande de carte étudiante ?,procedure_administrative
"Bonsoir, quels sont les prérequis pour le Master Robotique ?",formation
Quels sont les horaires d’ouverture de la centre de santé ?,service_campus
"Bonsoir, quels documents sont requis pour un changement de parcours ?",procedure_administrative
Comment me connecter au Wi-Fi de l’université ?,service_campus
J’aimerais savoir : Pouvez-vous me donner l’emploi du temps du semestre de printemps pour biologie cellulaire ?,emploi_du_temps
Où déposer mon dossier pour candidater pour la remise de diplôme ?,procedure_administrative
"Bonjour, le portail étudiant ne fonctionne pas, que puis-je faire ?! ?",service_campus
"Pardon, Puis-je réserver une salle de travail ou un terrain de sport ?",service_campus
Où soumettre la demande de carte étudiante ?,procedure_administrative
Que se passe-t-il en cas de triche à un examen ?,reglement
"Bonsoir, Pourriez-vous m’indiquer le créneau de biologie cellulaire ?",emploi_du_temps
Où puis-je imprimer mes documents sur le campus ?,service_campus
Pourriez-vous me dire : Où se trouve la bureau des carrières ?! ?,service_campus
Pourriez-vous m’indiquer le créneau de robotique ?,emploi_du_temps
"Pardon, Est-il possible de savoir pouvez-vous me donner l’emploi du temps du semestre de printemps pour psychologie cognitive ?",emploi_du_temps
"Bonjour, j’aimerais savoir : Quelles sont les matières principales en Biologie ?",formation
Où puis-je imprimer mes documents sur le campus ?,service_campus
Est-il possible de savoir pourriez-vous m’indiquer le créneau de droit public ?,emploi_du_temps
"Pardon, j’aimerais savoir : Où soumettre la demande de carte étudiante ?",procedure_administrative
Comment mettre à jour mon adresse ?! ?,procedure_administrative
"S'il vous plaît, j’aimerais savoir : Quand a lieu le prochain cours de droit public ?",emploi_du_temps
Est-il possible de savoir puis-je changer de majeure ou de spécialisation en cours d’année ?,formation
Quelles sont les matières principales en Psychologie ?,formation
J’aimerais savoir : Pourriez-vous m’indiquer le créneau de droit public ?,emploi_du_temps
"Excusez-moi, Comment réussir le prochain module de statistiques ?",formation
"Pardon, comment me connecter au ENT de l’université , merci d’avance ?",service_campus
Est-il possible de savoir pouvez-vous me donner l’emploi du temps du semestre de automne pour statistiques appliquées ?,emploi_du_temps
"Quand a lieu le prochain cours de psychologie cognitive , si possible ?",emploi_du_temps
Où puis-je imprimer mes documents sur le campus ?,service_campus
Comment obtenir une convention de stage ?,procedure_administrative
Pourriez-vous me dire : Combien d’absences sont autorisées avant une sanction ?,reglement
Quelles sont les matières principales en Lettres modernes ?! ?,formation
"Comment candidater pour la remise de diplôme , c’est urgent ?",procedure_administrative
Où et à quelle heure est mon cours du mercredi à 10h00 ?,emploi_du_temps
Quels sont les prérequis pour le Licence Histoire ?,formation
Pourriez-vous me dire : Pourriez-vous m’indiquer le creneau de economie ?,emploi_du_temps
Puis-je changer de majeure ou de spécialisation en cours d’année ?,formation
J’aimerais savoir quand se déroule le cours de microéconomie. ?,emploi_du_temps
"J’aimerais savoir : J’ai perdu mes clés, où se situe le bureau des objets trouvés ?",service_campus
J’aimerais savoir : Où et à quelle heure est mon cours du jeudi à 10h00 ?! ?,emploi_du_temps
"Est-il possible de savoir puis-je réserver une salle de travail ou un terrain de sport , si possible ?",service_campus
"S'il vous plaît, Est-il possible de savoir où déposer mon dossier pour obtenir une convention de stage , c’est urgent ?",procedure_administrative
"Excusez-moi, J’aimerais savoir : Quelle est la date limite pour l’abandon d’une UE ?",procedure_administrative
Puis-je réserver une salle de travail ou un terrain de sport ?,service_campus
"Comment demander un relevé officiel , pour aujourd’hui ?",procedure_administrative
"Quels sont les horaires d’ouverture de la service logement , pour la semaine prochaine ?",service_campus
Est-il possible de savoir existe-t-il un minimum de crédits ou de moyenne par semestre ?,reglement
"Comment réussir le prochain module de statistiques , merci d’avance ?",formation
Quelles sont les UE obligatoires pour le MBA Finance … ?,formation
Est-il possible de savoir puis-je changer de majeure ou de spécialisation en cours d’année  ??,formation
Puis-je changer de majeure ou de spécialisation en cours d’année ?,formation
Puis-je réserver une salle de travail ou un terrain de sport ?,service_campus
J’aimerais savoir : Quand a lieu le prochain cours de économie ?,emploi_du_temps
Est-il possible de savoir où déposer mon dossier pour payer mes frais de scolarité ?,procedure_administrative
J’aimerais savoir : Existe-t-il un minimum de crédits ou de moyenne par semestre ?,reglement
"Bonsoir, existe-t-il un minimum de crédits ou de moyenne par semestre ?",reglement
"J’aimerais savoir : Le portail étudiant ne fonctionne pas, que puis-je faire , si possible ?",service_campus
Quel est l’horaire du cours de algèbre avancée avec le professeur Moreau ?,emploi_du_temps
Comment réussir le prochain module de statistiques ?,formation
"Où soumettre la demande de carte étudiante , si possible ?",procedure_administrative
À quelle heure commencent les TD de biologie cellulaire ?,emploi_du_temps
"Est-il possible de savoir le ENT ne fonctionne pas, que puis-je faire ?",service_campus
"Le portail étudiant ne fonctionne pas, que puis-je faire ?",service_campus
Pourriez-vous me dire : Que se passe-t-il en cas de triche à un examen ?,reglement
"J’ai perdu mes clés, où se situe le bureau des objets trouvés ?",service_campus
"Bonsoir, Quels documents sont requis pour un changement de parcours ?",procedure_administrative
J’aimerais savoir : Pourriez-vous m’indiquer le créneau de analyse de données ?,emploi_du_temps
Petite question : où déposer mno dossier pour renouveler ma carte étudiante ?,procedure_administrative
Où consulter le code de conduite des étudiants ?,reglement
Quels sont les prérequis pour le Master Robotique ?,formation
"Bonsoir, J’ai perdu mes clés, où se situe le bureau des objets trouvés ?",service_campus
J’aimerais savoir : Quels sont les horaires d’ouverture de la bureau des carrières ?,service_campus
Comment me connecter au ENT de l’université ?,service_campus
Petite question : Combien de crédits faut-il pour se spécialiser en Biologie ?,formation
"Le VPN ne fonctionne pas, que puis-je faire ?",service_campus
Quels sont les prérequis pour le MBA Finance ?,formation
Pourriez-vous m’indiquer le créneau de microéconomie ?,emploi_du_temps
Est-il possible de savoir y a-t-il un règlement spécifique pour les stages ?,reglement
"Bonsoir, Comment payer mes frais de scolarité ?",procedure_administrative
"J’aimerais savoir : Que se passe-t-il en cas de triche à un examen , pour la semaine prochaine ?",reglement
"J’aimerais savoir : Quels documents sont requis pour un changement de parcours , si possible ?",procedure_administrative
Petite question : Est-il possible de savoir combien d’absences sont autorisées avant une sanction ?,reglement
"Bonjour, Pourriez-vous me dire : Où soumettre la demande de carte étudiante ?",procedure_administrative
"Bonsoir, Où se trouve la maison des étudiants ?",service_campus
Quelles sont les UE obligatoires pour le Master Psychologie … ?,formation
À quelle heure commencent les TD de programmation Python ?,emploi_du_temps
"Quelles sont les UE obligatoires pour le MBA Finance , merci d’’’avance ?",formation
J’aimerais savoir : Où consulter le code de conduite des étudiants ?,reglement
"Excusez-moi, Où consulter le code de conduite des étudiants , pour aujourd’hui ?",reglement
"Excusez-moi, Quelle est la politique concernant le absence aux cours , pour aujourd’hui ?",reglement
Où et à quelle heure est mon cours du mardi à 8h30 ?,emploi_du_temps
Est-il possible de savoir puis-je réserver une salle de travail ou un terrain de sport ?,service_campus
"Bonsoir, comment demander un report d’admission , si possible ?",procedure_administrative
Est-il possible de savoir existe-t-il un minimum de crédits ou de moyenne par semestre ?,reglement
Existe-t-il un minimum de crédits ou de moyenne par semestre ?,reglement
Combien d’absences sont autorisées avant une sanction ?,reglement
Pouvez-vous me donner l’emploi du temps du semestre de printemps pour droit public ?,emploi_du_temps
Pourriez-vous me dire : Où déposer mon dossier pour obtenir une convention de stage ?,procedure_administrative
Petite question : Quels sont les prérequis pour le Parcours Data Science ?,formation
Où puis-je imprimer mes documents sur le campus ?,service_campus
Pourriez-vous me dire : Comment demander un relevé officiel ?,procedure_administrative
Quelles sont les règles pour le retrait d’un cours ?,reglement
À quelle heure commencent les TD de psychologie cognitive ?,emploi_du_temps
Pourriez-vous me dire : Où soumettre la demande de carte étudiante ?,procedure_administrative
Pourriez-vous m’indiquer le créneau de psychologie cognitive ?,emploi_du_temps
Petite question : Que se passe-t-il en cas de triche à un examen ?,reglement
Pourriez-vous me dire : J’aimerais savoir quand se déroule le cours de algèbre avancée ?,emploi_du_temps
J’aimerais savoir : Où consulter le code de conduite des étudiants ?,reglement
Quels documents sont requis pour un changement de parcours ?,procedure_administrative
"S'il vous plaît, j’aimerais savoir : où consulter le code de conduite des étudiants ?",reglement
"Combien d’absences sont autorisées avant une sanction , pour aujourd’hui ?",reglement
"Pardon, pourriez-vous me dire : Y a-t-il un règlement spécifique pour les stages ?",reglement
"Bonjour, pourriez-vous me dire : Le Wi-Fi ne fonctionne pas, que puis-je faire ?",service_campus
Existe-t-il un minimum de crédits ou de moyenne par semestre ?,reglement
Quelle est la date limite pour la demande d’aide financière ?,procedure_administrative
Puis-je changer de majeure ou de spécialisation en cours d’année ?,formation
"Bonsoir, à quelle heure commencent les TD de droit public ?",emploi_du_temps
Où et à quelle heure est mon cours du lundi à 14h00 ?,emploi_du_temps
Où déposer mon dossier pour mettre à jour mon adresse ?,procedure_administrative
"Quelles sont les UE obligatoires pour le Master Psychologie , pour aujourd’hui ?",formation
Quels documents sont requis pour un changement de parcours ?,procedure_administrative
Petite question : pourriez-vous me dire : Comment demander un report d’admission ?,procedure_administrative
Est-il possible de savoir comment me connecter au ENT de l’université ?,service_campus
Pourriez-vous me dire : Combien d’absences sont autorisées avant une sanction ?,reglement
Que se passe-t-il en cas de triche à un examen ?,reglement
Est-il possible de savoir quelle est la politique concernant le probation académique ?,reglement
"Bonsoir, Quelles sont les UE obligatoires pour le Parcours Data Science ?",formation
Quelles sont les matières principales en Lettres modernes ?,formation
Où soumettre la demande de carte étudiante ?,procedure_administrative
"Bonjour, quels sont les prérequis pour le Master Robotique ?",formation
Pourriez-vous me dire : Quels documents sont requis pour un changement de parcours ?,procedure_administrative
Quels documents sont requis pour un changement de parcours ?,procedure_administrative
Combien d’absences sont autorisées avant une sanction ?,reglement
Pourriez-vous me dire : Quelles sont les UE obligatoires pour le MBA Finance ?,formation
"Est-il possible de savoir pouvez-vous me donner l’emploi du temps du semestre de été pour psychologie cognitive , pour aujourd’hui ?",emploi_du_temps
Où et à quelle heure est mon cours du jeudi à 8h30 ?,emploi_du_temps
Est-il possible de savoir combien d’absences sont autorisées avant une sanction ?,reglement
Comment demander un report d’admission ?,procedure_administrative
Pourriez-vous me dire : Pouvez-vous me donner l’emploi du temps du semestre de automne pour droit public ?,emploi_du_temps
"Bonsoir, pourriez-vous me dire : Quels sont les horaires d’ouverture de la bibliothèque centrale , pour la semaine prochaine ?",service_campus
"Excusez-moi, pourriez-vous me dire : Où soumettre la demande de carte étudiante  ??",procedure_administrative
"Petite question : Est-il possible de savoir j’ai perdu mes clés, où se situe le bureau des objets trouvés ?",service_campus
Quels sont les horaires d’ouverture de la bureau des carrières ?,service_campus
"Est-il possible de savoir comment me connecter au VPN de l’université , si possible ?",service_campus
Où déposer mon dossier pour obtenir une convention de stage ?,procedure_administrative
Où puis-je imprimer mes documents sur le campus ?,service_campus
J’aimerais savoir : J’aimerais savoir quand se déroule le cours de chimie organique ?,emploi_du_temps
"S'il vous plaît, j’aimerais svoir : Que se passe-t-il en cas de triche à un examen ?",reglement
"Pardon, Pourriez-vous me dire : Comment réussir le prochain module de statistiques ?",formation
Comment demander un report d’admission ?,procedure_administrative
J’aimerais savoir : Où et à quelle heure est mon cours du vendredi à 10h00 ?,emploi_du_temps
J’aimerais savoir : Où se trouve la centre de santé  !?,service_campus
J’aimerais savoir quand se déroule le cours de programmation Python. ?,emploi_du_temps
"Est-il possible de savoir pourriez-vous m’indiquer le créneau de économie , merci d’avance ?",emploi_du_temps
Pourriez-vous m’indiquer le créneau de statistiques appliquées ?,emploi_du_temps
Où somuettre la demande de carte étudiante … ?,procedure_administrative
Quel est l’horaire du cours de analyse de données avec le professeur Dubois ?,emploi_du_temps
Comment réussir le prochain module de statistiques ?,formation
Quels sont les prérequis pour le Master Psychologie ?,formation
Pourriez-vous me dire : Que se passe-t-il en cas de triche à un examen ?,reglement
Où soumettre la demande de carte étudiante ?,procedure_administrative
Est-il possible de savoir que se passe-t-il en cas de triche à un examen ?,reglement
Où soumettre la demande de carte étudiante ?,procedure_administrative
Pourriez-vous m’indiquer le créneau de chimie organique ?,emploi_du_temps
"J’aimerais savoir : Que se passe-t-il en cas de triche à un examen , pour la semaine prochaine ?",reglement
Pourriez-vous me dire : Où soumettre la demande de carte étudiante ?,procedure_administrative
Petite question : j’aimerais savoir : Où soumettre la demande de carte étudiante ?,procedure_administrative
"J’aimerais savoir : J’ai perdu mes clés, où se situe le bureau des objets trouvés ?",service_campus
Quelles sont les UE obligatoires pour le Licence Histoire ?,formation
Où puis-je imprimer mes documents sur le campus ?,service_campus
Où puis-je imprimer mes documents sur le campus ?! ?,service_campus
Pourriez-vous me dire : Pourriez-vous m’indiquer le créneau de économie ?,emploi_du_temps
J’aimerais savoir : Où se trouve la bureau des carrières ?,service_campus
Puis-je changer de majeure ou de spécialisation en cours d’année ?,formation
"Pardon, J’aimerais savoir : Quels sont les prérequis pour le Master Psychologie ?",formation
Que se passe-t-il en cas de triche à un examen  !?,reglement
Pourriez-vous me dire : Que se passe-t-il en cas de triche à un examen ?,reglement
"Bonsoir, Pourriez-vous me dire : Où puis-je imprimer mes documents sur le campus ?",service_campus
Comment mettre à jour mon adresse ?,procedure_administrative
Puis-je réserver une salle de travail ou un terrain de sport ?,service_campus
Quels documents sont requis pour un changement de parcours ?,procedure_administrative
"S'il vous plaît, J’aimerais savoir : Que se passe-t-il en cas de triche à un examen ?",reglement
Quels documents sont requis pour un changement de parcours ?,procedure_administrative
Où et à quelle heure est mon cours du jeudi à 8h30 ?,emploi_du_temps
Où déposer mon dossier pour obtenir une convention de stage ?,procedure_administrative
"Est-il possible de savoir où puis-je imprimer mes documents sur le campus , si possible ?",service_campus
"Bonjour, à quelle heure commencent les TD de biologie cellulaire … ?",emploi_du_temps
"S'il vous plaît, Où consulter le code de conduite des étudiants , pour la semaine prochaine  ??",reglement
Pourriez-vous me dire : Pouvez-vous me donner l’emploi du temps du semestre de printemps pour statistiques appliquées … ?,emploi_du_temps
"S'il vous plaît, où puis-je imprimer mes documents sur le campus ?",service_campus
J’aimerais savoir quand se déroule le cours de chimie organique. — pour aujourd’hui ?,emploi_du_temps
J’aimerais savoir : J’aimerais savoir quand se déroule le cours de chimie organique ?,emploi_du_temps
"Puis-je réserver une salle de travail ou un terrain de sport , merci d’avance ?",service_campus
"Quelles sont les UE obligatoires pour le Master Robotique , merci d’avance ?",formation
Petite question : Quel est l’horaire du cours de biologie cellulaire avec le professeur Martin  ??,emploi_du_temps
Comment réussir le prochain module de statistiques ?,formation
"Excusez-moi, où se trove la bibliothèque centrale ?",service_campus
Comment réussir le prochain module de statistiques ?,formation
Quels sont les horaires d’ouverture de la maison des étudiants ?! ?,service_campus
J’aimerais savoir quand se déroule le cours de économie. ?,emploi_du_temps
Puis-je changer de majeure ou de spécialisation en cours d’année  !?,formation
Est-il possible de savoir quels sont les horaires d’ouverture de la bibliothèque centrale ?,service_campus
Est-il possible de savoir où déposer mon dossier pour obtenir une convention de stage ?,procedure_administrative
"Où déposer mon dossier pour renouveler ma carte étudiante , merci d’avance ?",procedure_administrative
Pourriez-vous me dire : Comment renouveler ma carte étudiante ?,procedure_administrative
"Bonjour, Est-il possible de savoir comment réussir le prochain module de statistiques , si possible ?",formation
Où soumettre la demande de carte étudiante  !?,procedure_administrative
Pourriez-vous me dire : Comment demander un report d’admission ?,procedure_administrative
Où déposer mon dossier pour candidater pour la remise de diplôme ?,procedure_administrative
"Bonjour, pourriez-vous me dire : Quelle est la date limite pour la demande d’aide financière , merci d’avance ?",procedure_administrative
Petite question : Comment réussir le prochain module de statistiques  !?,formation
Pourriez-vous me dire : Quels sont les horaires d’ouverture de la maison des étudiants ?,service_campus
"Bonsoir, le portail étudiant ne fonctionne pas, que puis-je faire , si possible ?",service_campus
Comment me connecter au portail étudiant de l’université ?,service_campus
Quels sont les horaires d’ouverture de la bibliothèque centrale ?,service_campus
"Pourriez-vous me dire : Quels sont les horaires d’ouverture de la gymnase , c’est urgent ?",service_campus
"J’ai perdu mes clés, où se situe le bureau des objets trouvés ?",service_campus
Où déposer mon dossier pour mettre à jour mon adresse … ?,procedure_administrative
Où puis-je imprimer mes documents sur le campus ?,service_campus
Que se passe-t-il en cas de triche à un examen ?,reglement
J’aimerais savoir quand se déroule le cours de analyse de données. ?,emploi_du_temps
Quelles sont les règles pour le retrait d’un cours ?,reglement
"J’aimerais savoir : Où pui-sje imprimer mes documents sur le campus , merci d’avance  ??",service_campus
Quelle est la politique concernant le rattrapage d’examen ?,reglement
Pourriez-vous me dire : Quand a lieu le prochain cours de biologie cellulaire ?,emploi_du_temps
Quelle est la politique concernant le plagiat ?,reglement
Où déposer mon dossier pour renouveler ma carte étudiante ?,procedure_administrative
"S'il vous plaît, Pourriez-vous me dire : Puis-je changer de majeure ou de spécialisation en cours d’année ?",formation
Est-il possible de savoir quel est l’horaire du cours de algèbre avancée avec le professeur Nguyen ?,emploi_du_temps
"Comment me connecter au Wi-Fi de l’université , si possible ?",service_campus
J’aimerais savoir : Comment me connecter au Wi-Fi de l’université ?,service_campus
J’aimerais savoir quand se déroule le cours de statistiques appliquées. ?,emploi_du_temps
"Bonjour, Où consulter le code de conduite des étudiants ?",reglement
Est-il possible de savoir quel est l’horaire du cours de programmation Python avec le professeur Moreau … ?,emploi_du_temps
"Bonjour, est-il possible de savoir j’ai perdu mes clés, où se situe le bureau des objets trouvés ?",service_campus
Puis-je changer de majeure ou de spécialisation en cours d’année ?,formation
"Excusez-moi, Comment demander un report d’admission  !?",procedure_administrative
Pourriez-vous m’indiquer le créneau de analyse de données ?,emploi_du_temps
"Bonsoir, Comment réussir le prochain module de statistiques , pour aujourd’hui ?",formation
Existe-t-il un minimum de crédits ou de moyenne par semestre ?,reglement
Où et à quelle heure est mon cours du lundi à 14h00 … ?,emploi_du_temps
Est-il possible de savoir où puis-je imprimer mes documents sur le campus ?,service_campus
"Excusez-moi, J’aimerais savoir quand se déroule le cours de biologie cellulaire. — merci d’avance ?",emploi_du_temps
Existe-t-il un minimum de crédits ou de moyenne par semestre ?,reglement
Comment réussir le prochain module de statistiques ?,formation
"Pardon, j’aimerais savoir : Où soumettre la demande de carte étudiante ?",procedure_administrative
"J’aimerais savoir : Quels sont les prérequis pour le Master Psychologie , pour la semaine prochaine ?",formation
"Pardon, Est-il possible de savoir quelle est la politique concernant le absence aux cours ?",reglement
J’aimerais savoir : Où et à quelle heure est mon cours du lundi à 10h00 ?,emploi_du_temps
Où se trouve la maison des étudiants ?,service_campus
Où puis-je imprimer mes documents sur le campus ?,service_campus
Comment me connecter au VPN de l’université ?,service_campus
J’aimerais savoir : Où et à quelle heure est mon cours du lundi à 14h00 ?,emploi_du_temps
"Bonjour, Comment demander un report d’admission ?",procedure_administrative
"J’ai perdu mes clés, où se situe le bureau des objets trouvés  ??",service_campus
Est-il possible de savoir quelles sont les UE obligatoires pour le Master Psychologie ?,formation
"Comment réussir le prochain module de statistiques , si possible ?",formation
"Pourriez-vous me dire : J’ai perdu mes clés, où se situe le bureau des objets trouvés ?",service_campus
Comment demander un report d’admission ?,procedure_administrative
Pourriez-vous me dire : Où soumettre la demande de carte étudiante ?,procedure_administrative
Comment me connecter au ENT de l’université ?,service_campus
J’aimerais savoir : Quelles sont les matières principales en Informatique ?,formation
Comment me connecter au ENT de l’université ?,service_campus
"Le Wi-Fi ne fonctionne pas, que puis-je faire ?",service_campus
Quelle est la date limite pour la demande d’aide financière ?,procedure_administrative
Que se passe-t-il en cas de triche à un examen ?,reglement
Où soumettre la demande de carte étudiante ?,procedure_administrative
"Bonjour, j’aimerais savoir : J’aimerais savoir quand se déroule le cours de statistiques appliquées ?",emploi_du_temps
J’aimerais savoir : Comment demander un report d’admission ?,procedure_administrative
J’aimerais savoir : Quelle est la date limite pour la demande d’aide financière ?,procedure_administrative
Quels sont llles horaires d’ouverture de la gymnase ?,service_campus
Quels documents sont requis pour un changement de parcours ?,procedure_administrative
Est-il possible de savoir où soumettre la demande de carte étudiante ?,procedure_administrative
"Bonjour, j’aimerais savoir : Quelle est la politique concernant le probation académique ?",reglement
Comment obtenir une convention de stage ?,procedure_administrative
"Pardon, Où consulter le code de conduite des étudiants ?",reglement
Quand a lieu le prochain cours de chimie organique ?,emploi_du_temps
J’aimerais savoir : quelle est la politique concernant le retards ?,reglement
Est-il possible de savoir existe-t-il un minimum de crédits ou de moyenne par semestre  ??,reglement
Y a-t-il un règlement spécifique pour les stages ?,reglement
Est-il possible de savoir puis-je changer de majeure ou de spécialisation en cours d’année ?,formation
Comment obtenir une convention de stage ?! ?,procedure_administrative
Pourriez-vous me dire : Comment demander un report d’admission ?,procedure_administrative
Petite question : Quel est l’horaire du cours de biologie cellulaire avec le professeur Anderson ?,emploi_du_temps
Comment demander un report d’admission ?,procedure_administrative
"Bonjour, Comment demander un report d’admission ?",procedure_administrative
"Où puis-je imprimer mes documents sur le campus , si possible ?",service_campus
Petite question : J’aimerais savoir quand se déroule le cours de économie. ?,emploi_du_temps
Quelle est la politique concernant le plagiat ?,reglement
Pourriez-vous me dire : Où et à quelle heure est mon cours du vendredi à 16h30 ?,emploi_du_temps
"Puis-je changer de majeure ou de spécialisation en cours d’année , merci d’avance ?",formation
Combien d’absences sont autorisées avant une sanction ?,reglement
"Puis-je changer de majeure ou de spécialisation en cours d’année , merci d’avance ?",formation
"Petite question : À quelle heure commencent les TD de psychologie cognitive , c’est urgent ?",emploi_du_temps
J’aimerais savoir : Y a-t-il un règlement spécifique pour les stages … ?,reglement
Quels sont les prérequis pour le Master Psychologie ?,formation
"Quels sont les horaires d’ouverture de la bureau des carrières , c’est urgent  !?",service_campus
"Bonsoir, où soumettre la demande de carte étudiante ?",procedure_administrative
Existe-t-il un minimum de crédits ou de moyenne par semestre ?,reglement
Petite question : y a-t-il un règlement spécifique pour les stages ?,reglement
Petite question : Y a-t-il un règlement spécifique pour les stages ?,reglement
"Bonjour, Où soumettre la demande de carte étudiante ?",procedure_administrative
"Pardon, Quelle est la date limite pour l’inscription aux cours ?",procedure_administrative
Quels sont les prérequis pour le Master Robotique ?,formation
Y a-t-il un règlement spécifique pour les stages ?,reglement
"Est-il possible de savoir quelles sont les matières principales en Philosophie , merci d’avance ?",formation
"Bonjour, à quelle heure commencent les TD de robotique ?",emploi_du_temps
Quels sont les horaires d’ouverture de la maison des étudiants ?,service_campus
Quelles sont les matières principales en Lettres modernes ?,formation
À quelle heure commencent les TD de littérature moderne ?,emploi_du_temps
"Bonsoir, Où soumettre la demande de carte étudiante , pour aujourd’hui ?",procedure_administrative
"Bonjour, est-il possible de savoir quelle est la date limite pour la demande d’aide financière ?",procedure_administrative
Quel est l’horaire du cours de psychologie cognitive avec le professeur Nguyen ?,emploi_du_temps
"J’aimerais savoir : J’ai perdu mes clés, où se situe le bureau des objets trouvés ?",service_campus
"Est-il possible de savoir le ENT ne fonctionne pas, que puis-je faire ?",service_campus
"Pardon, pourriez-vous m’indiquer le créneau de psychologie cognitive ?",emploi_du_temps
Quels sont les horaires d’ouverture de la bibliothèque centrale ?,service_campus
Existe-t-il un minimum de crédits ou de moyenne par semestre ?,reglement
Est-il possible de savoir existe-t-il un minimum de crédits ou de moyenne par semestre ?,reglement
"Pardon, Est-il possible de savoir comment réussir le prochain module de statistiques ?",formation
Pourriez-vous m’indiquer le créneau de programmation Python ?,emploi_du_temps
"Où déposer mon dossier pour payer mes frais de scolarité , pour la semaine prochaine ?",procedure_administrative
"Est-il possible de savoir combien d’absences sont autorisées avant une sanction , pour aujourd’hui ?",reglement
"S'il vous plaît, Quels sont les prérequis pour le Master Psychologie ?",formation
Quels documents sont requis pour un changement de parcours ?,procedure_administrative
J’aimerais savoir : J’aimerais savoir quand se déroule le cours de analyse de données ?,emploi_du_temps
"S'il vous plaît, Y a-t-il un règlement spécifique pour les stages ?",reglement
"Bonjour, j’aimerais savoir : Comment me connecter au ENT de l’université ?",service_campus
Où puis-je imprimer mes documents sur le campus ?,service_campus
"S'il vous plaît, pourriez-vous me dire : Quelles sont les matières principales en Lettres modernes ?",formation
"Excusez-moi, Où déposer mon dossier pour obtenir une convention de stage ?",procedure_administrative
Pourriez-vous me dire : Y a-t-il un règlement spécifique pour les stages ?,reglement
"Est-il possible de savoir que se passe-t-il en cas de triche à un examen , merci d’avance ?",reglement
"J’ai perdu mes clés, où se situe le bureau des objets trouvés ?",service_campus
"Pardon, Combien d’absences sont autorisées avant une sanction ?",reglement
J’aimerais savoir : Y a-t-il un règlement spécifique pour les stages ?,reglement
Est-il possible de savoir où soumettre la demande de carte étudiante ?,procedure_administrative
Petite question : pourriez-vous me dire : Quelles sont les matières principales en Informatique ?,formation
"Pourriez-vous me dire : J’aimerais savoir quand se déroule le cours de microéconomie , pour la semaine prochaine ?",emploi_du_temps
"S'il vous plaît, pouvez-vous me donner l’emploi du temps du semestre de printemps pour algèbre avancée ?",emploi_du_temps
Petite question : j’aimerais savoir quand se déroule le cours de psychologie cognitive. ?,emploi_du_temps
À quelle heure commencent les TD de analyse de données ?,emploi_du_temps
"Quelles sont les règles pour le retrait d’un cours , c’est urgent ?",reglement
Comment demander un report d’admission ?,procedure_administrative
"Excusez-moi, existe-t-il un minimum de crédits ou de moyenne par semestre , si possible ?",reglement
Quelles sont les matières principales en Informatique ?,formation
Quelle est la politique concernant le rattrapage d’examen … ?,reglement
"Pardon, Quel est l’horaire du cours de psychologie cognitive avec le professeur Martin ?",emploi_du_temps
"Bonsoir, Quels sont les prérequis pour le Master Robotique , pour la semaine prochaine ?",formation
Pourriez-vous me dire : J’aimerais savoir quand se déroule le cours de algèbre avancée ?,emploi_du_temps
"Où déposer mon dossier pour payer mes frais de scolarité , c’est urgent ?",procedure_administrative
"Pourriez-vous me dire : Le Wi-Fi ne fonctionne pas, que puis-je faire ?",service_campus
"Quelles sont les matières principales en Lettres modernes , c’est urgent ?",formation
"Excusez-moi, Est-il possible de savoir que se passe-t-il en cas de triche à un examen ?",reglement
Où consulter le code de conduite des étudiants ?,reglement
"Pardon, Quel est l’horaire du cours de littérature moderne avec le professeur Dubois , c’est urgent ?",emploi_du_temps
Où déposer mon dossier pour demander un relevé officiel ?,procedure_administrative
"Quelle est la politique concernant le probation académique , merci d’avance ?",reglement
"Quelle est la date limite pour la demande d’aide financière , c’est urgent ?",procedure_administrative
"Quelle est la politique concernant le retards , pour la semaine prochaine  ??",reglement
J’aimerais savoir : Que se passe-t-il en cas de triche à un examen ?,reglement
Où puis-je imprimer ems documents sur le campus ?,service_campus
"Pourriez-vous m’indiquer le créneau de littérature moderne , merci d’avance ?",emploi_du_temps
Où consulter le code de conduite des étudiants ?,reglement
J’aimerais savoir : Quelle est la date limite pour l’abandon d’une UE ?,procedure_administrative
"Puis-je réserver une salle de travail ou un terrain de sport , c’est urgent  !?",service_campus
Petite question : Pourriez-vous m’indiquer le créneau de robotique ?,emploi_du_temps
Où soumettre la demande de carte étudiante ?,procedure_administrative
Où se trouve la gymnase ?! ?,service_campus
Est-il possible de savoir pouvez-vous me donner l’emploi du temps du semestre de printemps pour statistiques appliquées ?,emploi_du_temps
Quelle est la date limite pour la demande d’aide financière ?,procedure_administrative
Pourriez-vous me dire : Pourriez-vous m’indiquer le créneau de biologie cellulaire ?,emploi_du_temps
"Y a-t-il un règlement spécifique pour les stages , si possible ?",reglement
"Bonjour, J’ai perdu mes clés, où se situe le bureau des objets trouvés ?",service_campus
Où se trouve la bibliothèque centrale ?,service_campus
"Bonsoir, Quels documents sont requis pour un changement de parcours ?",procedure_administrative
"J’aimerais savoir : Comment renouveler ma carte étudiante , si possible  ??",procedure_administrative
"Bonsoir, est-il possible de savoir où consulter le code de conduite des étudiants ?",reglement
"Excusez-moi, Où déposer mon dossier pour demander un relevé officiel , pour la semaine prochaine … ?",procedure_administrative
"Combien d’absences sont autorisées avant une sanction , pour la semaine prochaine ?",reglement
Est-il possible de savoir où soumettre la demande de carte étudiante ?,procedure_administrative
Combien d’absences sont autorisées avant une sanction ?,reglement
"Quels sont les horaires d’ouverture de la bibliothèque centrale , c’est urgent ?",service_campus
Où puis-je imprimer mes documents sur le campus ?,service_campus
"Où consulter le code de conduite des étudiants , pour la semaine prochaine ?",reglement
Quelle est la politique concernant le rattrapage d’examen ?,reglement
"Excusez-moi, où puis-je imprimer mes documents sur le campus ?",service_campus
Quelles sont les règles pour le retrait d’un cours ?,reglement
Est-il possible de savoir combien de crédits faut-il pour se spécialiser en Lettres modernes ?,formation
J’aimerais savoir : Quelles sont les UE obligatoires pour le Licence Histoire ?,formation
"S'il vous plaît, où soumettre la demande de carte étudiante ?",procedure_administrative
"Pardon, pourriez-vous me dire : J’ai perdu mes clés, où se situe le bureau des objets trouvés , si possible ?",service_campus
"Où puis-je imprimer mes documents sur le campus , pour aujourd’hui ?",service_campus
Pourriez-vous me dire : Pouvez-vous me donner l’emploi du temps du semestre de printemps pour analyse de données ?,emploi_du_temps
"Bonsoir, pouvez-vous me donner l’emploi du temps du semestre de automne pour robotique ?",emploi_du_temps
Y a-t-il un règlement spécifique pour les stages ?,reglement
Combien d’absences sont autorisées avant une sanction ?,reglement
Existe-t-il un minimum de crédits ou de moyenne par semestre ?,reglement
Petite question : comment demander un report d’admission ?,procedure_administrative
J’aimerais savoir : Puis-je changer de majeure ou de spécialisation en cours d’année ?,formation
"Où déposer mon dossier pour mettre à jour mon adresse , merci d’avance ?",procedure_administrative
J’aimerais savoir : Où consulter le code de conduite des étudiants ?,reglement
Comment réussir le prochain module de statistiques ?,formation
Quelle est la date limite pour la demande d’aide financière ?,procedure_administrative
Quel est l’horaire du cours de statistiques appliquées avec le professeur Anderson  !?,emploi_du_temps
"Bonsoir, Quelles sont les matières principales en Lettres modernes ?",formation
Quand a lieu le prochain cours de psychologie cognitive ?,emploi_du_temps
J’aimerais savoir : Combien de crédits faut-il pour se spécialiser en Biologie ?,formation
"Pardon, où et à quelle heure est mon cours du jeudi à 8h30 ?",emploi_du_temps
"Quand a lieu le prochain cours de microéconomie , pour aujourd’hui ?",emploi_du_temps
"Quelle est la date limite pour l’abandon d’une UE , pour la semaine prochaine ?",procedure_administrative
Où déposer mon dossier pour mettre à jour mon adresse ?,procedure_administrative
"Bonjour, pourriez-vous me dire : Puis-je changer de majeure ou de spécialisation en cours d’année , c’est urgent ?",formation
Combien de crédits faut-il pour se spécialiser en Philosophie ?,formation
Est-il possible de savoir comment réussir le prochain module de statistiques ?,formation
Que se passe-t-il en cas de triche à un examen ?,reglement
"Excusez-moi, Où se trouve la service logement ?",service_campus
J’aimerais savoir : Quelles sont les règles pour le retrait d’un cours ?,reglement
J’aimerais savoir : À quelle heure commencent les TD de littérature moderne  !?,emploi_du_temps
"S'il vous plaît, quels documents sont requis pour un changement de parcours  !?",procedure_administrative
Combien de crédits faut-il pour se spécialiser en Informatique ?,formation
"Bonjour, Quelle est la politique concernant le plagiat ?",reglement
"Bonsoir, pourriez-vous me dire : Quelle est la date limite pour la demande d’aide financière ?",procedure_administrative
Pourriez-vous me dire : Comment payer mes frais de scolarité ?,procedure_administrative
J’aimerais savoir : Où et à quelle heure est mon cours du vendredi à 10h00 ?,emploi_du_temps
"Excusez-moi, pourriez-vous me dire : Quel est l’horaire du cours de psychologie cognitive avec le professeur Dubois ?",emploi_du_temps
"Bonjour, pourriez-vous me dire : Quelle est la politique concernant le plagiat , si possible ?! ?",reglement
J’aimerais savoir : Comment renouveler ma carte étudiante ?,procedure_administrative
J’aimerais savoir : Comment demander un report d’admission ?,procedure_administrative
Où consulter le code de conduite des étudiants ?,reglement
"À quelle heure commencent les TD de algèbre avancée , si possible ?",emploi_du_temps
"Le portail etudiant ne fonctionne pas, que puis-je faire ?",service_campus
Quels documents sont requis pour un changement de parcours ?,procedure_administrative
J’aimerais savoir quand se déroule le cours de programmation Python. — pour la semaine prochaine ?,emploi_du_temps
"Puis-je changer de majeure ou de spécialisation en cours d’année , si possible ?",formation
Comment candidater pour la remise de diplôme ?! ?,procedure_administrative
Est-il possible de savoir que se passe-t-il en cas de triche à un examen  ??,reglement
Combien de crédits faut-il pour se spécialiser en Informatique ?,formation
Où et à quelle heure est mon cours du vendredi à 10h00 ?,emploi_du_temps
"J’aimerais savoir : Puis-je reserver une salle de travail ou un terrain de sport , pour la semaine prochaine ?",service_campus
J’aimerais savoir : Pouvez-vous me donner l’emploi du temps du semestre de printemps pour biologie cellulaire ?,emploi_du_temps
"Bonjour, pourriez-vous m’indiquer le créneau de droit public , c’est urgent ?",emploi_du_temps
Quelle est la politique concernant le probation académique ?,reglement
Puis-je réserver une salle de travail ou un terrain de sport ?,service_campus
"Quel est l’horaire du cours de biologie cellulaire avec le professeur Dubois , c’est urgent ?",emploi_du_temps
Est-il possible de savoir à quelle heure commencent les TD de statistiques appliquées ?,emploi_du_temps
Quelles sont les UE obligatoires pour le Master Psychologie ?,formation
"Bonsoir, Quelle est la date limite pour l’inscription aux cours … ?",procedure_administrative
Pourriez-vous me dire : quand a lieu le prochain cours de économie ?,emploi_du_temps
J’aimerais savoir quand se déroule le cours de psychologie cognitive. — c’est urgent ?,emploi_du_temps
"Pourriez-vous m’indiquer le créneau de chimie organique , merci d’avance ?",emploi_du_temps
"S'il vous plaît, Pourriez-vous me dire : Où consulter le code de conduite des étudiants ?",reglement
"S'il vous plaît, Quels documents sont requis pour un changement de parcours ?",procedure_administrative
"Le VPN ne fonctionne pas, que puis-je faire ?",service_campus
Est-il possible de savoir où déposer mon dossier pour candidater pour la remise de diplôme ?,procedure_administrative
Est-il possible de savoir comment me connecter au Wi-Fi de l’université  !?,service_campus
"Pourriez-vous me dire : Où soumettre la demande de carte étudiante , pour aujourd’hui ?",procedure_administrative
Petite question : quelles sont les matières principales en Philosophie ?,formation
Quelles sont les règles pour le retrait d’un cours ?,reglement
"S'il vous plaît, j’ai perdu mes clés, où se situe le bureau des objets trouvés , si possible ?",service_campus
Quelle est la politique concernant le retards ?,reglement
Est-il possible de savoir où puis-je imprimer mes documents sur le campus ?,service_campus
Quel est l’horaire du cours de droit public avec le professeur Martin ?,emploi_du_temps
Est-il possible de savoir quand a lieu le prochain cours de économie ?,emploi_du_temps
Quelles sont les règles pour le retrait d’un cours ?,reglement
"Pardon, j’ai perdu mes clés, où se situe le bureau des objets trouvés ?",service_campus
J’aimerais savoir quand se déroule le cours de programmation Python. ?,emploi_du_temps
Quels sont les prérequis pour le Parcours Data Science ?! ?,formation
Où consulter le code de conduite des étudiants … ?,reglement
J’aimerais savoir : Où soumettre la demande de carte étudiante ?,procedure_administrative
Combien de crédits faut-il pour se spécialiser en Informatique ?,formation
Où se trouve la gymnase ?,service_campus
Comment candidater pour la remise de diplôme ?,procedure_administrative
"Bonjour, quels documents sont requis pour un changement de parcours ?",procedure_administrative
Combien d’absences sont autorisées avant une sanction ?,reglement
Pourriez-vous me dire : Pourriez-vous m’indiquer le créneau de analyse de données ?,emploi_du_temps
Oùs e trouve la bureau des carrières ?,service_campus
"Bonjour, Pourriez-vous me dire : Quels documents sont requis pour un changement de parcours  ??",procedure_administrative
J’aimerais savoir : Pouvez-vous me donner l’emploi du temps du semestre de automne pour biologie cellulaire ?,emploi_du_temps
Pouvez-vous me donner l’emploi du temps du semestre de été pour analyse de données ?,emploi_du_temps
"S'il vous plaît, J’aimerais savoir : Quelles sont les UE obligatoires pour le Parcours Data Science ?",formation
Ou soumettre la demande de carte etudiante ?,procedure_administrative
"Excusez-moi, j’aimerais savoir : Quelles sont les UE obligatoires pour le Parcours Data Science ?",formation
Puis-je réserver une salle de travail ou un terrain de sport ?,service_campus
J’aimerais savoir : Comment candidater pour la remise de diplôme ?,procedure_administrative
"Excusez-moi, y a-t-il un règlement spécifique pour les stages ?",reglement
"Pourriez-vous me dire : Pouvez-vous me donner l’emploi du temps du semestre de été pour analyse de données , pour aujourd’hui … ?",emploi_du_temps
Est-il possible de savoir quelles sont les matières principales en Informatique ?,formation
Quelle est la politique concernant le retards ?,reglement
"Excusez-moi, Que se passe-t-il en cas de triche à un examen  !?",reglement
Que se passe-t-il en cas de triche à un examen ?,reglement
Pourriez-vous me dire : Où déposer mon dossier pour obtenir une convention de stage ?,procedure_administrative
"Bonjour, Est-il possible de savoir puis-je réserver une salle de travail ou un terrain de sport ?",service_campus
J’aimerais savoir quand se déroule le cours de chimie organique. ?,emploi_du_temps
"Pourriez-vous me dire : Comment me connecter au Wi-Fi de l’université , si possible ?",service_campus
Pourriez-vous me dire : Comment demander un report d’admission ?,procedure_administrative
"Excusez-moi, À quelle heure commencent les TD de robotique ?",emploi_du_temps
"S'il vous plaît, pourriez-vous me dire : quand a lieu le prochain cours de statistiques appliquées ?",emploi_du_temps
J’aimerais savoir : À quelle heure commencent les TD de analyse de données ?,emploi_du_temps
"Bonsoir, à quelle heure commencent les TD de analyse de données ?",emploi_du_temps
"S'il vous plaît, comment me connecter au portail étudiant de l’université ?",service_campus
"Bonsoir, pourriez-vous me dire : Quels sont les prérequis pour le MBA Finance ?",formation
Quels documents sont requis pour un changement de parcours ?,procedure_administrative
Comment payer mes frais de scolarité ?,procedure_administrative
Pourriez-vous me dire : Combien de crédits faut-il pour se spécialiser en Philosophie ?,formation
"S'il vous plaît, combien d’absences sont autorisées avant une sanction ?",reglement
J’aimerais savoir : Pouvez-vous me donner l’emploi du temps du semestre de automne pour économie ?,emploi_du_temps
"J’aimerais savoir : Combien de crédits faut-il pour se spécialiser en Informatique , pour aujourd’hui ?",formation
J’aimerais savoir quand se déroule le cours de robotique. ?,emploi_du_temps
Comment renouveler ma carte étudiante ?,procedure_administrative
"Comment payer mes frais de scolarité , si possible ?",procedure_administrative
"Quelles sont les matières principales en Informatique , pour aujourd’hui ?",formation
Est-il possible de savoir puis-je réserver une salle de travail ou un terrain de sport ?,service_campus
Comment me connecter au Wi-Fi de l’université ?,service_campus
"Excusez-moi, puis-je réserver une salle de travail ou un terrain de sport ?",service_campus
"Pardon, puis-je changer de majeure ou de specialisation en cours d’annee ?",formation
Quels documents sont requis pour un changement de parcours ?,procedure_administrative
Comment me connecter au ENT de l’université ?,service_campus
Y a-t-il un règlement spécifique pour les stages ?,reglement
"Bonjour, où déposer mon dossier pour obtenir une convention de stage ?",procedure_administrative
Petite question : où puis-je imprimer mes documents sur le campus ?,service_campus
"Pardon, comment me connecter au Wi-Fi de l’université ?",service_campus
"Bonsoir, Est-il possible de savoir puis-je changer de majeure ou de spécialisation en cours d’année ?",formation
À quelle heure commencent les TD de économie ?,emploi_du_temps
Petite question : J’aimerais savoir : Comment me connecter au ENT de l’université  ??,service_campus
Quand a lieu le prochain cours de analyse de données  ??,emploi_du_temps
Où et à quelle heure est mon cours du lundi à 10h00 ?,emploi_du_temps
"Excusez-moi, J’aimerais savoir : Où déposer mon dossier pour mettre à jour mon adresse ?",procedure_administrative
Quand a lieu le prochain cours de chimie organique ?,emploi_du_temps
Quels sont les prérequis pour le Master Robotique ?,formation
Petite question : quelles sont les règles pour le retrait d’un cours ?,reglement
Pourriez-vous me dire : Quels sont les prérequis pour le Parcours Data Science ?,formation
Y a-t-il un règlement spécifique pour les stages ?,reglement
Comment candidater pour la remise de diplôme ?,procedure_administrative
"Bonjour, pourriez-vous me dire : J’aimerais savoir quand se déroule le cours de chimie organique , pour aujourd’hui ?",emploi_du_temps
Quand a lieu le prochain cours de droit public ?,emploi_du_temps
Quels sont les prérequis pour le Master Psychologie ?,formation
Pourriez-vous me dire : Quelle est la date limite pour l’inscription aux cours ?! ?,procedure_administrative
"Combien d’absences sont autorisées avant une sanction , merci d’avance ?",reglement
Comment réussir le prochain module de statistiques ?,formation
"Excusez-moi, est-il possible de savoir y a-t-il un règlement spécifique pour les stages ?",reglement
"Pardon, Pourriez-vous me dire : Existe-t-il un minimum de crédits ou de moyenne par semestre ?",reglement
"Est-il possible de savoir combien d’absences sont autorisées avant une sanction , si possible ?",reglement
Est-il possible ed savoir y a-t-il un règlement spécifique pour les stages ?,reglement
Pourriez-vous me dire : Quels documents sont requis pour un changement de parcours ?,procedure_administrative
Combien d’absences sont autorisées avnat une sanction ?,reglement
"Y a-t-il un règlement spécifique pour les stages , c’est urgent ?",reglement
Combien d’absences sont autorisées avant une sanction ?,reglement
"Excusez-moi, Pourriez-vous me dire : Puis-je changer de majeure ou de spécialisation en cours d’année ?",formation
"Excusez-moi, Pourriez-vous me dire : Où se trouve la centre de santé ?",service_campus
"Petite question : quels documents sont requis pour un changement de parcours , si possible ?",procedure_administrative
"Bonjour, Quels sont les prérequis pour le Master Robotique ?",formation
"Excusez-moi, quels sont les horaires d’ouverture de la bibliothèque centrale ?",service_campus
Est-il possible de savoir combien d’absences sont autorisées avant une sanction ?,reglement
"J’aimerais savoir : Comment réussir le prochain module de statistiques , si possible  !?",formation
Comment demander un report d’admission ?,procedure_administrative
"Excusez-moi, j’aimerais savoir quand se déroule le cours de programmation Python. — pour la semaine prochaine ?",emploi_du_temps
Quel est l’horaire du cours de psychologie cognitive avec le professeur Martin ?,emploi_du_temps
"Comment demander un report d’admission , pour aujourd’hui ?",procedure_administrative
J’aimerais savoir quand se déroule le cours de psychologie cognitive. ?,emploi_du_temps
Où soumettre la demande de carte étudiante ?,procedure_administrative
"Bonsoir, quelles sont les règles pour le retrait d’un cours ?",reglement
Combien de crédits faut-il pour se spécialiser en Philosophie ?,formation
"Où se trouve la bureau des carrières , pour aujourd’hui ?",service_campus
Quelle est la date limite pour la demande d’aide financière ?,procedure_administrative
"J’ai perdu mes clés, où se situe le bureau des objets trouvés ?",service_campus
Comment réussir le prochain module de statistiques ?,formation
"Où se trouve la gymnase , merci d’avance ?",service_campus
Quelle est la politique concernant le retards ?,reglement
Quelle est la date limite pour l’abandon d’une UE ?,procedure_administrative
Pourriez-vous me dire : Combien de crédits faut-il pour se spécialiser en Informatique ?,formation
"Bonsoir, Quelles sont les UE obligatoires pour le Licence Histoire ?",formation
Quel est l’horaire du cours de microéconomie avec le professeur Martin ?,emploi_du_temps
"Pourriez-vous me dire : Comment me connecter au portail étudiant de l’université , pour la semaine prochaine ?",service_campus
"Bonjour, pourriez-vous me dire : Quelle est la date limite pour l’inscription aux cours ?",procedure_administrative
Comment demander un report d’admission ?,procedure_administrative
Comment me connecter au portail étudiant de l’université ?,service_campus
Quelles sont les UE obligatoires pour le Master Psychologie ?,formation
Comment mettre à jour mon adresse ?,procedure_administrative
Pourriez-vous me dire : Où soumettre la demande de carte étudiante ?,procedure_administrative
Est-il possible de savoir puis-je changer de majeure ou de spécialisation en cours d’année ?,formation
Y a-t-il un règlement spécifique pour les stages ?,reglement
Où soumettre la demande de carte étudiante ?,procedure_administrative
"Exusez-moi, Quels documents sont requis pour un changement de parcours  !?",procedure_administrative
"Excusez-moi, J’aimerais savoir : J’aimerais savoir quand se déroule le cours de algèbre avancée , merci d’avance ?",emploi_du_temps
Existe-t-il un minimum de crédits ou de moyenne par semestre ?,reglement
"J’ai perdu mes clés, où se situe le bureau des objets trouvés , pour la semaine prochaine ?",service_campus
Comment réussir le prochain module de statistiques ?,formation
Quels documents sont requis pour un changement de parcours ?,procedure_administrative
"Le portail étudiant ne fonctionne pas, que puis-je faire ?",service_campus
"Bonsoir, Quelle est la politique concernant le retards ?! ?",reglement
"Bonsoir, J’ai perdu mes clés, où se situe le bureau des objets trouvés ?",service_campus
"Bonjour, Où soumettre la demande de carte étudiante ?",procedure_administrative
Pourriez-vous me dire : J’aimerais savoir quand se déroule le cours de économie ?,emploi_du_temps
"S'il vous plaît, existe-t-il un minimum de crédits ou de moyenne par semestre , merci d’avance ?! ?",reglement
Quand a lieu le prochain cours de biologie cellulaire ?,emploi_du_temps
Puis-je réserver une salle de travail ou un terrain de sport ?! ?,service_campus
"S'il vous plaît, À quelle heure commencent les TD de littérature moderne ?",emploi_du_temps
"J’ai perdu mes clés, où se situe le bureau des objets trouvés ?",service_campus
Où puis-je imprimer mes documents sur le campus ?,service_campus
"S'il vous plaît, J’aimerais savoir : Y a-t-il un règlement spécifique pour les stages  ??",reglement
J’aimerais savoir : Combien d’absences sont autorisées avant une sanction ?,reglement
Quelle est la politique concernant le rattrapage d’examen ?,reglement
"Bonjour, à quelle heure commencent les TD de analyse de données ?",emploi_du_temps
Quand a lieu le prochain cours de biologie cellulaire ?,emploi_du_temps
Pourriez-vous me dire : J’aimerais savoir quand se déroule le cours de psychologie cognitive ?! ?,emploi_du_temps
Comment demander un report d’admission ?,procedure_administrative
Comment réussir le prochain module de statistiques ?,formation
J’aimerais savoir : Quels sont les horaires d’ouverture de la service logement ?! ?,service_campus
"Bonsoir, Où consulter le code de conduite des étudiants ?",reglement
"Le portail étudiant ne fonctionne pas, que puis-je faire ?",service_campus
Pourriez-vous me dire : Où puis-je imprimer mes documents sur le campus ?,service_campus
Où puis-je imprimer mes documents sur le campus ?,service_campus
Quels documents sont requis pour un changement de parcours  ??,procedure_administrative
Combien de crédits faut-il pour se spécialiser en Biologie ?,formation
"S'il vous plaît, j’aimerais savoir quand se déroule le cours de biologie cellulaire. ?",emploi_du_temps
Pourriez-vous me dire : Ou consulter le code de conduite des etudiants ?,reglement
Quels sont les horaires d’ouverture de la service logement ?,service_campus
"Comment réussir le prochain module de statistiques , pour la semaine prochaine  ??",formation
Ou consulter le code de conduite des etudiants ?,reglement
"Le wi-fi ne fonctionne pas, que puis-je faire ?",service_campus
Comment réussir le prochain module de statistiques ?,formation
Est-il possible de savoir pouvez-vous me donner l’emploi du temps du semestre de été pour droit public ?,emploi_du_temps
"Pourriez-vous me dire : Quels documents sont requis pour un changement de parcours , si possible ?",procedure_administrative
Quelle est la politique concernant le plagiat ?,reglement
"Excusez-moi, Puis-je changer de majeure ou de spécialisation en cours d’année … ?",formation
J’aimerais savoir : Y a-t-il un règlement spécifique pour les stages ?,reglement
J’aimerais savoir : Quels sont les horaires d’ouverture de la service logement ?,service_campus
"Le Wi-Fi ne fonctionne pas, que puis-je faire , merci d’avance ?",service_campus
"Comment demander un report d’admission , c’est urgent ?",procedure_administrative
"Bonsoir, J’aimerais savoir : J’aimerais savoir quand se déroule le cours de algèbre avancée ?",emploi_du_temps
"Bonsoir, Quels sont les prérequis pour le Parcours Data Science , si possible ?",formation
Pourriez-vous me dire : Puis-je changer de majeure ou de spécialisation en cours d’année  ??,formation
"Excusez-moi, est-il possible de savoir quels sont les prérequis pour le Parcours Data Science ?",formation
Pourriez-vous me dire : Quels sont les prérequis pour le Licence Histoire  ??,formation
"Quels sont les prérequis pour le Parcours Data Science , merci d’avance ?",formation
Comment renouveler ma carte étudiante ?,procedure_administrative
Quels sont les prérequis pour le Parcours Data Science ?,formation
J’aimerais savoir : Quelles sont les règles pour le retrait d’un cours ?,reglement
Quels documents sont requis pour un changement de parcours ?,procedure_administrative
Où se trouve la maison des étudiants ?,service_campus
"Excusez-moi, Quels sont les horaires d’ouverture de la service logement ?",service_campus
"Bonsoir, quelles sont les UE obligatoires pour le Master Robotique ?",formation
Pourriez-vous me dire : Puis-je réserver une salle de travail ou un terrain de sport ?,service_campus
"Bonjour, Quelles sont les UE obligatoires pour le Parcours Data Science ?",formation
Où et à quelle heure est mon cours du lundi à 8h30 ?,emploi_du_temps
J’aimerais savoir : J’aimerais savoir quand se déroule le cours de psychologie cognitive ?,emploi_du_temps
Combien de crédits faut-il pour se spécialiser en Lettres modernes ?,formation
Où soumettre la demande de carte étudiante ?,procedure_administrative
Pouvez-vous me donner l’emploi du temps du semestre de printemps pour droit public ?,emploi_du_temps
Petite question : Quelles sont les UE obligatoires pour le Master Robotique ?,formation
Comment réussir le prochain module de statistiques ?,formation
"Que se passe-t-il en cas de triche à un examen , c’est urgent ?",reglement
Pourriez-vous me dire : Où puis-je imprimer mes documents sur le campus ?,service_campus
Quelle est la politique concernant le absence aux cours ?,reglement
J’aimerais savoir : Pouvez-vous me donner l’emploi du temps du semestre de été pour analyse de données ?,emploi_du_temps
Y a-t-il un règlement spécifique pour les stages ?,reglement
Quels documents sont requis pour un changement de parcours ?,procedure_administrative
J’aimerais savoir quand se déroule le cours de droit public. — merci d’avance ?,emploi_du_temps
Petite question : Quelle est la politique concernant le retards ?,reglement
Pourriez-vous me dire : Quelles sont les règles pour le retrait d’un cours ?,reglement
"Pardon, Quelles sont les UE obligatoires pour le Licence Histoire ?",formation
"Puis-je changer de majeure ou de spécialisation en cours d’année , pour aujourd’hui ?",formation
"Excusez-moi, J’aimerais savoir : Où déposer mon dossier pour mettre à jour mon adresse ?",procedure_administrative
"Pardon, Quels sont les prérequis pour le Licence Histoire ?",formation
Quelles sont les matières principales en Biologie  ??,formation
Pourriez-vous m’indiquer le créneau de biologie cellulaire ?,emploi_du_temps
J’aimerais savoir : Comment me connecter au portail étudiant de l’université ?,service_campus
"Quels sont les prérequis pour le Master Psychologie , pour aujourd’hui ?",formation
Est-il possible de savoir quelles sont les matières principales en Philosophie ?,formation
"Existe-t-il un minimum de crédits ou de moyenne par semestre , pour aujourd’hui ?",reglement
"S'il vous plaît, J’aimerais savoir : Quels sont les horaires d’ouverture de la gymnase ?",service_campus
"S'il vous plaît, Pouvez-vous me donner l’emploi du temps du semestre de automne pour statistiques appliquées ?! ?",emploi_du_temps
Comment demander un report d’admission  !?,procedure_administrative
Pourriez-vous me dire : Quels sont les prérequis pour le MBA Finance ?,formation
J’aimerais savoir : Puis-je changer de majeure ou de spécialisation en cours d’année ?,formation
Comment candidater pour la remise de diplôme ?,procedure_administrative
Comment demander un report d’admission ?,procedure_administrative
Quels sont les horaires d’ouverture de la centre de santé ?,service_campus
Que se passe-t-il en cas de triche à un examen ?,reglement
"Excusez-moi, j’aimerais savoir : Quelles sont les UE obligatoires pour le Parcours Data Science , pour aujourd’hui ?",formation
Puis-je réserver une salle de travail ou un terrain de sport ?,service_campus
"Le ENT ne fonctionne pas, que puis-je faire ?",service_campus
"S'il vous plaît, quels documents sont requis pour un changement de parcours ?",procedure_administrative
Quelles sont les matières principales en Psychologie ?,formation
Est-il possible de savoir comment mettre à jour mon adresse  !?,procedure_administrative
"Bonjour, Quels sont les prérequis pour le Licence Histoire ?",formation
Où soumettre la demande de carte étudiante ?,procedure_administrative
"Bonjour, comment me connecter au VPN de l’université ?",service_campus
"Est-il possible de savoir comment me connecter au VPN de l’université , c’est urgent ?",service_campus
Est-il possible de savoir comment réussir le prochain module de statistiques ?,formation
J’aimerais savoir : Comment obtenir une convention de stage ?,procedure_administrative
Comment demander un   report d’admission ?,procedure_administrative
"Bonjour, pourriez-vous me dire : Quand a lieu le prochain cours de chimie organique ?",emploi_du_temps
"J’ai perdu mes clés, où se situe le bureau des objets trouvés ?",service_campus
Où se trouve la bureau des carrières ?,service_campus
"Bonsoir, puis-je changer de majeure ou de spécialisation en cours d’année ?",formation
J’aimerais savoir : Puis-je réserver une salle de travail ou un terrain de sport ?,service_campus
"Bonsoir, y a-t-il un règlement spécifique pour les stages ?",reglement
"Bonsoir, Puis-je réserver une salle de travail ou un terrain de sport ?",service_campus
Pourriez-vous me dire : Puis-je changer de majeure ou de spécialisation en cours d’année  !?,formation
Pourriez-vous me dire : Combien de crédits faut-il pour se spécialiser en Philosophie ?,formation
Où consulter le code de conduite des étudiants ?,reglement
Est-il possible de savoir quels sont les horaires d’ouverture de la service logement ?,service_campus
J’aimerais savoir quand se déroule le cours de microéconomie. ?,emploi_du_temps
Pourriez-vous me dire : J’aimerais savoir quand se déroule le cours de littérature moderne ?,emploi_du_temps
"Est-il possible de savoir j’ai perdu mes clés, où se situe le bureau des objets trouvés ?",service_campus
Quelles sont les matières principales en Psychologie ?,formation
"Excusez-moi, quels sont les prérequis pour le Parcours Data Science ?",formation
Quelles sont les règles pour le retrait d’un cours ?,reglement
Que se passe-t-il en cas de triche à un examen ?,reglement
"Bonsoir, est-il possible de savoir que sepasse-t-il en cas de triche à un examen … ?",reglement
Quelle est la date limite pour la demande d’aide financière ?,procedure_administrative
J’aimerais savoir : Quels sont les horaires d’ouverture de la maison des étudiants ?,service_campus
J’aimerais savoir : Quelle est la politique concernant le probation académique ?,reglement
Comment réussir le prochain module de statistiques ?,formation
Pourriez-vous me dire : Pouvez-vous me donner l’emploi du temps du semestre de printemps pour programmation Python ?,emploi_du_temps
Quelles sont les matières principales en Informatique ?,formation
"Que se passe-t-il en cas de triche à un examen , c’est urgent ?",reglement
Comment réussir le prochain module de statistiques  ??,formation
"Ou soumettre la demande de carte etudiante , pour la semaine prochaine ?",procedure_administrative
"Excusez-moi, Où soumettre la demande de carte étudiante ?",procedure_administrative
"Petite question : J’ai perdu mes clés, où se situe le bureau des objets trouvés ?",service_campus
"Existe-t-il un minimum de crédits ou de moyenne par semestre , si possible ?",reglement
Quelles sont les UE obligatoires pour le Master Robotique ?,formation
Petite question : est-il possible de savoir quelle est la politique concernant le plagiat ?,reglement
Pourriez-vous me dire : Où se trouve la service logement ?,service_campus
"S'il vous plaît, est-il possible de savoir combien de crédits faut-il pour se spécialiser en Lettres modernes ?",formation
Est-il possible de savoir quelles sont les UE obligatoires pour le MBA Finance ?,formation
J’aimerais savoir : Pourriez-vous m’indiquer le créneau de littérature moderne ?,emploi_du_temps
Quel est l’horaire du cours de algèbre avancée avec le professeur Moreau ?,emploi_du_temps
Pourriez-vous me dire : Où consulter le code de conduite des étudiants ?,reglement
Pourriez-vous me dire : Combien d’absences sont autorisees avant une sanction ?! ?,reglement
Puis-je changer de majeure ou de spécialisation en cours d’année ?,formation
"Excusez-moi, est-il possible de savoir quel est l’horaire du cours de chimie organique avec le professeur moreau ?",emploi_du_temps
"Où se trouve la maison des étudiants , c’est urgent  ??",service_campus
Quelles sont les matières principales en Lettres modernes ?,formation
"S'il vous plaît, puis-je réserver une salle de travail ou un terrain de sport , pour la semaine prochaine ?",service_campus
J’aimerais savoir quand se déroule le cours de chimie organique. ?,emploi_du_temps
Petite question : Combien de crédits faut-il pour se spécialiser en Biologie ?,formation
J’aimerais savoir quand se déroule le cours de programmation Python. ?,emploi_du_temps
Quelles sont les règles pour le retrait d’un cours ?,reglement
"Combien d’absences sont autorisées avant une sanction , merci d’avance ?",reglement
Est-il possible de savoir quels sont les prérequis pour le Master Psychologie ?,formation
Est-il possible de savoir comment me connecter au ENT de l’université ?,service_campus
"Où se   trouve la bibliothèque centrale , pour aujourd’hui ?",service_campus
J’aimerais savoir : Quelles sont les règles pour le retrait d’un cours ?,reglement
Est-il possible de savoir comment renouveler ma carte étudiante ?,procedure_administrative
Pourriez-vous me dire : Pourriez-vous m’indiquer le créneau de analyse de données ?,emploi_du_temps
"Bonsoir, est-il possible de savoir comment demander un relevé officiel ?",procedure_administrative
Où consulter le code de conduite des étudiants ?,reglement
"Pardon, quand a lieu le prochain cours de programmation Python , pour la semaine prochaine ?",emploi_du_temps
"Bonjour, j’aimerais savoir : Puis-je changer de majeure ou de spécialisation en cours d’année ?",formation
Comment me connecter au ENT de l’université ?,service_campus
"Comment me connecter au Wi-Fi de l’université , merci d’avance ?",service_campus
Combien de crédits faut-il pour se spécialiser en Informatique ?,formation
"J’aimerais savoir : J’ai perdu mes clés, où se situe le bureau des objets trouvés ?",service_campus
Comment me connecter au ENT de l’université ?,service_campus
Quelle est la politique concernant le retards  !?,reglement
Pourriez-vous me dire : Y a-t-il un règlement spécifique pour les stages ?,reglement
"Pourriez-vous m’indiquer le créneau de analyse de données , c’est urgent ?",emploi_du_temps
Pouvez-vous me donner l’emploi du temps du semestre de printemps pour microéconomie ?,emploi_du_temps
Est-il possible de savoir quelles sont les règles pour le retrait d’un cours ?,reglement
Comment payer mes frais de scolarité ?,procedure_administrative
Quels sont les horaires d’ouverture de la service logement  !?,service_campus
"S'il vous plaît, j’aimerais savoir : Quels sont les horaires d’ouverture de la service logement  ??",service_campus
"À quelle heure commencent les TD de chimie organique , merci d’avance ?",emploi_du_temps
Y a-t-il un règlement spécifique pour les stages ?,reglement
"Où se trouve la maison des étudiants , c’est urgent ?",service_campus
Où se trouve la gymnase ?,service_campus
"Bonjour, Comment demander un report d’admission ?",procedure_administrative
Est-il possible de savoir quels documents sont requis pour un changement de parcours ?,procedure_administrative
Comment payer mes frais de scolarité ?,procedure_administrative
Quelles sont les UE obligatoires pour le Parcours Data Science ?,formation
Puis-je changer de majeure ou de spécialisation en cours d’année ?,formation
Quelles sont les UE obligatoires pour le Parcours Data Science  ??,formation
Combien d’absences sont autorisées avant une sanction ?,reglement
Pourriez-vous me dire : pourriez-vous m’indiquer le créneau de microéconomie … ?,emploi_du_temps
J’aimerais savoir : Combien de crédits faut-il pour se spécialiser en Psychologie ?,formation
"Excusez-moi, Pourriez-vous me dire : Où déposer mon dossier pour demander un relevé officiel  !?",procedure_administrative
J’aimerais savoir : Y a-t-il un règlement spécifique pour les stages ?,reglement
Où déposer mon dossier pour payer mes frais de scolarité ?,procedure_administrative
Où et à quelle heure est mon cours du mardi à 14h00 ?,emploi_du_temps
"Que se passe-t-il en cas de triche à un examen , merci d’avance ?",reglement
"Bonsoir, Est-il possible de savoir comment me connecter au W-iFi de l’université ?",service_campus
Pourriez-vous me dire : Pourriez-vous m’indiquer le créneau de algèbre avancée … ?,emploi_du_temps
Est-il possible de savoir quelles sont les règles pour le retrait d’un cours … ?,reglement
Quels sont les horaires d’ouverture de la maison des étudiants ?,service_campus
J’aimerais savoir : Où consulter le code de conduite des étudiants ?,reglement
Pouvez-vous me donner l’emploi du temps du semestre de printemps pour biologie cellulaire ?,emploi_du_temps
Pourriez-vous me dire : Quels documents sont requis pour un changement de parcours ?,procedure_administrative
Comment candidaterpour la remise de diplôme ?,procedure_administrative
"Existe-t-il un minimum de crédits ou de moyenne par semestre , pour la semaine prochaine ?",reglement
"Combien d’absences sont autorisées avant une sanction , pour aujourd’hui ?",reglement
Puis-je réserver une salle de travail ou un terrain de sport ?,service_campus
"Excusez-moi, quels sont les prérequis pour le Licence Histoire ?",formation
"Le VPN ne fonctionne pas, que puis-je faire ?",service_campus
J’aimerais savoir : Puis-je réserver une salle de travail ou un terrain de sport ?,service_campus
"Le Wi-Fi ne fonctionne pas, que puis-je faire , c’est urgent ?",service_campus
Où déposer mon dossier pour demander un relevé officiel ?,procedure_administrative
"Quels documents sont requis pour un changement de parcours , merci d’avance ?",procedure_administrative
"Bonjour, quelle est la politique concernant le plagiat ?",reglement
Que se passe-t-il en cas de triche à un examen ?,reglement
Est-il possible de savoir quelles sont les matières principales en Psychologie ?,formation
Combien d’absences sont autorisées avant une sanction ?,reglement
"Pardon, Comment demander un report d’admission ?",procedure_administrative
"Combien d’absences sont autorisées avant une sanction , si possible ?",reglement
"Où consulter le code de conduite des étudiants , pour la semaine prochaine ?",reglement
Quand a lieu le prochain cours de programmation Python ?,emploi_du_temps
"Pardon, Est-il possible de savoir que se passe-t-il en cas de triche à un examen ?",reglement
"Pourriez-vous m’indiquer le créneau de algèbre avancée , pour aujourd’hui ?",emploi_du_temps
Où puis-je imprimer mes documents sur le campus ?,service_campus
J’aimerais savoir : Où se trouve la centre de snaté ?,service_campus
J’aimerais savoir : Où soumettre la demande de carte étudiante ?,procedure_administrative
Est-il possible de savoir comment demander un report d’admission ?,procedure_administrative
Pourriez-vous m’indiquer le créneau de algèbre avancée ?,emploi_du_temps
Y a-t-il un règlement spécifique pour les stages  !?,reglement
Où déposer mon dossier pour demander un relevé officiel ?,procedure_administrative
Quels documents sont requis pour un changement de parcours ?,procedure_administrative
Est-il possible de savoir quelles sont les règles pour le retrait d’un cours ?,reglement
"Comment réussir le prochain module de statistiques , si possible ?",formation
"Petite question : Pourriez-vous me dire : Où consulter le code de conduite des étudiants , pour la semaine prochaine ?",reglement
J’aimerais savoir quand se déroule le cours de chimie organique. ?,emploi_du_temps
"Le portail étudiant ne fonctionne pas, que puis-je faire , si possible ?",service_campus
Est-il possible de savoir combien de credits faut-il pour se specialiser en Philosophie ?,formation
"Pouvez-vous me donner l’emploi du temps du semester de automne pour biologie cellulaire , merci d’avance ?",emploi_du_temps
Pourriez-vous me dire : Quels documents sont requis pour un changement de parcours  ??,procedure_administrative
Est-il possible de savoir y a-t-il un règlement spécifique pour les stages ?,reglement
Quelle est la politique concernant le rattrapage d’examen ?,reglement
Petite question : existe-t-il un minimum de crédits ou de moyenne par semestre ?,reglement
Comment demander un report d’admission ?,procedure_administrative
"Bonsoir, j’aimerais savoir : Quels sont les horaires d’ouverture de la maison des étudiants  ??",service_campus
Pourriez-vous me dire : Comment réussir le prochain module de statistiques ?,formation
Quelles sont les matières principales en Psychologie ?,formation
Est-il possible de savoir quelle est la date limite pour l’abandon d’une UE ?,procedure_administrative
"Pardon, est-il possible de savoir quels documents sont requis pour un changement de parcours ?",procedure_administrative
"Bonsoir, combien d’absences sont autorisées avant une sanction ?",reglement
Combien de crédits faut-il pour se spécialiser en Lettres modernes ?,formation
Combien d’absences sont autorisées avant une sanction ?,reglement
"J’ai perdu mes clés, où se situe le bureau des objets trouvés , c’est urgent ?",service_campus
"Bonjour, Que se passe-t-il en cas de triche à un exammmen ?",reglement
"À quelle heure commencent les TD de algèbre avancée , si possible ?",emploi_du_temps
Où déposer mon dossier pour renouveler ma carte étudiante ?,procedure_administrative
"Pourriez-vous me dire : Le ENT ne fonctionne pas, que puis-je faire ?",service_campus
Quelle est la date limite pour l’inscription aux cours ?,procedure_administrative
"Où et à quelle heure est mon cours du vendredi à 10h00 , pour la semaine prochaine ?",emploi_du_temps
"Quelles sont les matières principales en Psychologie , si possible ?",formation
"J’ai perdu mes clés, où se situe le bureau des objets trouvés ?",service_campus
J’aimerais savoir : Pouvez-vous me donner l’emploi du temps du semestre de automne pour algèbre avancée ?,emploi_du_temps
Où et à quelle heure est mon cours du mercredi à 8h30 ?! ?,emploi_du_temps
Quels documents sont requis pour un changement de parcours ?,procedure_administrative
"Pardon, est-il possible de savoir comment demander un report d’admission ?",procedure_administrative
"Pardon, Est-il possible de savoir quels sont les prérequis pour le Master Robotique ?",formation
"Quelles sont les règles pour le retrait d’un cours , si possible ?",reglement
Pourriez-vous me dire : Combien de crédits faut-il pour se spécialiser en Biologie ?,formation
Quand a lieu le prochain cours de psychologie cognitive ?,emploi_du_temps
Est-il possible de savoir quelles sont les UE obligatoires pour le Parcours Data Science ?,formation
Est-il possible de savoir j’aimerais savoir quand se déroule le cours de littérature moderne ?,emploi_du_temps
Petite question : j’aimerais savoir quand se déroule le cours de littérature moderne. — c’est urgent ?,emploi_du_temps
"S'il vous plaît, quels sont les prérequis pour le Master Psychologie ?",formation
"Combien de crédits faut-il pour se spécialiser en Biologie , si possible ?! ?",formation
Est-il possible de savoir existe-t-il un minimum de crédits ou de moyenne par semestre ?,reglement
"Bonsoir, Quel est l’horaire du cours de chimie organique avec le professeur Dubois ?",emploi_du_temps
"Pardon, j’ai perdu mes clés, où se situe le bureau des objets trouvés  !?",service_campus
Comment réussir le prochain module de statistiques ?,formation
Pourriez-vous me dire : Comment payer mes frais de scolarité ?,procedure_administrative
"Pardon, J’aimerais savoir quand se déroule le cours de chimie organique. ?",emploi_du_temps
"Bonsoir, puis-je changer de majeure ou de spécialisation en cours d’année ?",formation
Où se trouve la bibliothèque centrale ?,service_campus
Y a-t-il un règlement spécifique pour les stages ?,reglement
Quelles sont les règles pour le retrait d’un cours ?,reglement
Pourriez-vous m’indiquer le créneau de littérature moderne ?,emploi_du_temps
Pourriez-vous me dire : quelles sont les ue obligatoires pour le licence histoire ?,formation
"Pourriez-vous me dire : Combien d’absences sont autorisées avant une sanction , pour aujourd’hui ?",reglement
"S'il vous plaît, où déposer mon dossier pour payer mes frais de scolarité ?",procedure_administrative
Puis-je changer de majeure ou de spécialisation en cours d’année ?,formation
Pourriez-vous m’indiquer le créneau de psychologie cognitive ?,emploi_du_temps
Pourriez-vous me dire : Où et à quelle heure est mon cours du jeudi à 10h00 ?,emploi_du_temps
Combien d’absences sont autorisées avant une sanction ?,reglement
Pourriez-vous me dire : Combien d’absences sont autorisées avant une sanction ?,reglement
Pouvez-vous me donner l’emploi du temps du semestre de printemps pour chimie organique ?! ?,emploi_du_temps
"Bonsoir, est-il possible de savoir où déposer mon dossier pour payer mes frais de scolarité ?",procedure_administrative
Pouvez-vous me donner l’emploi du temps du semestre de automne pour microéconomie ?,emploi_du_temps
Petite question : quel est l’horaire du cours de chimie organique avec le professeur Anderson ?,emploi_du_temps
"Petite question : quelle est la politique concernant le probation académique , si possible ?",reglement
J’aimerais savoir quand se déroule le cours de économie. — pour aujourd’hui ?,emploi_du_temps
Quels sont les prérequis pour le Parcours Data Science ?,formation
Quels sont les horaires d’ouverture de la bureau des carrières ?,service_campus
J’aimerais savoir quand se déroule le cours de économie. — pour la semaine prochaine ?,emploi_du_temps
"Pouvez-vous me donner l’emploi du temps du semestre de automne pour économie , pour la semaine prochaine ?",emploi_du_temps
"Pardon, Quand a lieu le prochain cours de programmation Python ?",emploi_du_temps
Quelles sont les matières principales en Biologie ?,formation
Que se passe-t-il en cas de triche à un examen ?,reglement
Pourriez-vous me dire : Pourriez-vous m’indiquer le créneau de droit public ?,emploi_du_temps
"S'il vous plaît, quelles sont les UE obligatoires pour le MBA Finance ?",formation
Combien d’absences sont autorisées avant une sanction ?,reglement
"Petite question : comment demander un report d’admission , si possible ?",procedure_administrative
"Excusez-moi, Où puis-je imprimer mes documents sur le campus , c’est urgent ?! ?",service_campus
Existe-t-il un minimum de crédits ou de moyenne par semestre ?,reglement
Quelle est la politique concernant le retards ?,reglement
"Est-il possible de savoir quels sont les prérequis pour le Master Robotique , pour aujourd’hui ?",formation
Est-il possible de savoir quels sont les prérequis pour le Licence Histoire ?,formation
Quels sont les horaires d’ouverture de la bibliothèque centrale ?,service_campus
À quelle heure commencent les TD de analyse de données ?,emploi_du_temps
Est-il possible de savoir puis-je changer de majeure ou de spécialisation en cours d’année ?,formation
Où et à quelle heure est mon cours du mardi à 16h30 ?,emploi_du_temps
"Excusez-moi, J’aimerais savoir : Où déposer mon dossier pour candidater pour la remise de diplôme ?",procedure_administrative
J’aimerais savoir : Comment mettre à jour mon adresse ?,procedure_administrative
Comment réussir le prochain module de statistiques ?,formation
Quelles sont les UE obligatoires pour le MBA Finance ?,formation
"Excusez-moi, Combien d’absences sont autorisées avant une sanction ?! ?",reglement
"Excusez-moi, où puis-je imprimer mes documents sur le campus ?",service_campus
Où consulter le code de conduite des étudiants ?,reglement
J’aimerais savoir : Combien de crédits faut-il pour se spécialiser en Informatique  !?,formation
"Où puis-je imprimer mes documents sur le campus , pour aujourd’hui  ??",service_campus
"Bonjour, est-il possible de savoir comment demander un report d’admission , merci d’avance ?",procedure_administrative
Est-il possible de savoir où consulter le code de conduite des étudiants ?,reglement
Est-il possible de savoir puis-je changer de majeure ou de spécialisation en cours d’année ?,formation
Existe-t-il un minimum de crédits ou de moyenne par semestre ?,reglement
"Pourriez-vous me dire : J’ai perdu mes clés, où se situe le bureau des objets trouvés ?",service_campus
Oùp uis-je imprimer mes documents sur le campus ?,service_campus
Pourriez-vous m’indiquer le créneau de psychologie cognitive ?,emploi_du_temps
"S'il vous plaît, Où déposer mon dossier pour demander un relevé officiel ?",procedure_administrative
Combien d’absences sont autorisées avant une sanction ?,reglement
Où soumettre la demande de carte étudiante ?,procedure_administrative
"Comment demander un report d’admission , c’est urgent ?! ?",procedure_administrative
"Bonsoir, J’aimerais savoir : J’ai perdu mes clés, où se situe le bureau des objets trouvés ?",service_campus
Où puis-je imprimer mes documents sur le campus ?,service_campus
J’aimerais savoir : Existe-t-il un minimum de crédits ou de moyenne par semestre ?,reglement
Petite question : Que se passe-t-il en cas de triche à un examen ?,reglement
Petite question : où soumettre la demande de carte étudiante ?,procedure_administrative
"J’ai perdu mes clés, où se situe le bureau des objets trouvés ?",service_campus
"Pourriez-vous me dire : Le Wi-Fi ne fonctionne pas, que puis-je faire ?",service_campus
"S'il vous plaît, j’ai perdu mes clés, où se situe le bureau des objets trouvés ?",service_campus
Quelles sont les UE obligatoires pour le Licence Histoire ?,formation
Où soumettre la demande de carte étudiante ?,procedure_administrative
Petite question : que se passe-t-il en cas de triche à un examen ?,reglement
Est-il posisble de savoir combien d’absences sont autorisées avant une sanction ?,reglement
"Est-il possible de savoir j’ai perdu mes clés, où se situe le bureau des objets trouvés ?",service_campus
"J’ai perdu ems clés, où se situe le bureau des objets trouvés ?",service_campus
"Excusez-moi, Est-il possible de savoir quels sont les prérequis pour le MBA Finance  ??",formation
Où soumettre la demande de carte étudiante ?,procedure_administrative
"S'il vous plaît, Quelle est la date limite pour l’inscription aux cours , si possible ?",procedure_administrative
Que se passe-t-il en cas de triche à un examen ?,reglement
Combien de crédits faut-il pour se spécialiser en Psychologie  ??,formation
"Quel est l’horaire du cours de droit public avec le professeur Dupont , pour aujourd’hui ?",emploi_du_temps
"Pardon, Le ENT ne fonctionne pas, que puis-je faire ?",service_campus
"S'il vous plait, pourriez-vous me dire : Ou soumettre la demande de carte etudiante ?",procedure_administrative
Est-il possible de savoir quelles sont les matières principales en Biologie ?,formation
Pourriez-vous me dire : Quelle est la politique concernant le absence aux cours ?,reglement
Existe-t-il un minimum de crédits ou de moyenne par semestre ?,reglement
"Excusez-moi, À quelle heure cmmencent les TD de algèbre avancée ?",emploi_du_temps
Quels sont les horaires d’ouverture de la centre de santé ?,service_campus
Petite question : pourriez-vous me dire : Combien d’absences sont autorisées avant une sanction ?,reglement
Pourriez-vous m’indiquer le créneau de statistiques appliquées ?,emploi_du_temps
Pourriez-vous me dire : Y a-t-il un règlement spécifique pour les stages ?,reglement
Puis-je réserver une salle de travail ou un terrain de sport ?,service_campus
"Combien d’absences sont autorisées avant une sanction , pour aujourd’hui ?",reglement
"Où soumettre la demande de carte étudiante , c’est urgent ?",procedure_administrative
"Bonsoir, quelles sont les règles pour le retrait d’un cours  !?",reglement
J’aimerais savoir : Comment payer mes frais de scolarité ?,procedure_administrative
Où puis-je imprimer mes documents sur le campus  ??,service_campus
Comment demander un report d’admission ?,procedure_administrative
J’aimerais savoir : Où et à quelle heure est mon cours du mercredi à 10h00 ?,emploi_du_temps
Comment me connecter au ENT de l’université ?! ?,service_campus
Est-il possible de savoir puis-je réserver une salle de travail ou un terrain de sport ?,service_campus
Comment me connecter au portail étudiant de l’université ?,service_campus
"Bonjour, Puis-je réserver une salle de travail ou un terrain de sport ?",service_campus
J’aimerais savoir quand se déroule le cours de robotique. — pour aujourd’hui ?,emploi_du_temps
Puis-je réserver une salle de travail ou un terrain de sport ?,service_campus
Est-il possible de savoir quels documents sont requis pour un changement de parcours ?,procedure_administrative
"J’aimerais savoir : Comment me connecter au Wi-Fi de l’université , pour aujourd’hui ?",service_campus
"S'il vous plaît, Quelles sont les règles pour le retrait d’un cours ?",reglement
Petite question : puis-je changer de majeure ou de spécialisation en cours d’année ?! ?,formation
"Est-il possible de savoir où déposer mon dossier pour candidater pour la remise de diplôme , c’est urgent ?",procedure_administrative
"Excusez-moi, quelle est la politique concernant le plagiat ?",reglement
Petite question : quelles sont les règles pour le retrait d’un cours ?,reglement
J’aimerais savoir quand se déroule le cours de robotique. — c’est urgent ?,emploi_du_temps
À quelle heure commencent les TD de analyse de données ?,emploi_du_temps
"Bonjour, pourriez-vous m’indiquer le créneau de littérature moderne ?",emploi_du_temps
Comment mettre à jour mon adresse ?,procedure_administrative
"Le vpn ne fonctionne pas, que puis-je faire ?",service_campus
"Petite question : à quelle heure commencent les TD de psychologie cognitive , merci d’avance ?",emploi_du_temps
Quelle est la date limite pour la demande d’aide financière ?,procedure_administrative
J’aimerais savoir : Quels sont les prérequis pour le Parcours Data Science ?,formation
Est-il possible de savoir puis-je changer de majeure ou de spécialisation en cours d’année  ??,formation
"S'il vous plaît, Est-il possible de savoir que se passe-t-il en cas de triche à un examen , pour aujourd’hui ?",reglement
"Y a-t-il un règlement spécifique pour les stages , si possible ?",reglement
Où se trouve la service logement ?,service_campus
"S'il vous plaît, j’aimerais savoir : Quels sont les prérequis pour le MBA Finance ?",formation
"Pouvez-vous me donner l’emploi du temps du semestre de printemps pour littérature moderne , c’est urgent ?",emploi_du_temps
J’aimerais savoir : Y a-t-il un règlement spécifique pour les stages ?,reglement
Quel est l’horaire du cours de biologie cellulaire avec le professeur Leroy ?,emploi_du_temps
Quelles sont les règles pour le retrait d’un cours ?,reglement
"Combien d’absences sont autorisées avant une sanction , si possible ?",reglement
Quelles sont les matières principales en Philosophie ?,formation
"Pardon, où et à quelle heure est mon cours du jeudi à 16h30 ?",emploi_du_temps
"J’ai perdu mes clés, où se situe le bureau des objets trouvés ?",service_campus
J’aimerais savoir : combien d’absences sont autorisées avant une sanction ?,reglement
"Où et à quelle heure est mon cours du jeudi à 14h00 , pour la semaine prochaine … ?",emploi_du_temps
Pourriez-vous me dire : Quelle est la date limite pour l’abandon d’une UE ?,procedure_administrative
J’aimerais savoir : J’aimerais savoir quand se déroule le cours de biologie cellulaire ?,emploi_du_temps
Quand a lieu le prochain cours de littérature moderne  ??,emploi_du_temps
Comment demander un report d’admission ?,procedure_administrative
Où déposer mon dossier pour renouveler ma carte étudiante ?,procedure_administrative
Comment me connecter au portail étudiant de l’université ?,service_campus
"Excusez-moi, À quelle heure commencent les TD de biologie cellulaire ?",emploi_du_temps
Existe-t-il un minimum de crédits ou de moyenne par semestre ?,reglement
"Que se passe-t-il en cas de triche à un examen , c’est urgent ?",reglement
Est-il possible de savoir comment candidater pour la remise de diplôme … ?,procedure_administrative
"S'il vous plaît, est-il possible de savoir existe-t-il un minimum de crédits ou de moyenne par semestre ?",reglement
Petite question : Est-il possible de savoir quelles sont les matières principales en Psychologie ?,formation
"S'il vous plaît, quelles sont les matières principales en Biologie ?",formation
Est-il possible de savoir puis-je changer de majeure ou de spécialisation en cours d’année ?,formation
Pourriez-vous me dire : Comment demander unr eport d’admission ?,procedure_administrative
"Excusez-moi, que se passe-t-il en cas de triche à un examen , pour aujourd’hui ?",reglement
Pourriez-vous me dire : Y a-t-il un règlement spécifique pour les stages ?,reglement
Combien d’absences sont autorisées avant une sanction ?,reglement
Comment demander un report d’admission ?,procedure_administrative
J’aimerais savoir : À quelle heure commencent les TD de analyse de données ?,emploi_du_temps
"Bonsoir, Où déposer mon dossier pour demander un relevé officiel , si possible ?",procedure_administrative
"Pourriez-vous me dire : Pourriez-vous m’indiquer le créneau de robotique , c’est urgent ?",emploi_du_temps
"S'il vous plaît, Est-il possible de savoir que se passe-t-il en cas de triche à un examen ?",reglement
J’aimerais savoir : Y a-t-il un règlement spécifique pour les stages ?,reglement
Est-il possible de savoir existe-t-il un minimum de crédits ou de moyenne par semestre ?,reglement
Où puis-je imprimer mes documents sur le campus ?,service_campus
Est-il possible de savoir comment réussir le prochain module de statistiques ?,formation
Pourriez-vous me dire : Y a-t-il un règlement spécifique pour les stages ?,reglement
"Excusez-moi, j’ai perdu mes clés, où se situe le bureau des objets trouvés ?",service_campus
Est-il possible de savoir combien de crédits faut-il pour se spécialiser en Biologie ?,formation
Quelles sont les UE obligatoires pour le MBA Finance ?,formation
Où se trouve la service logement ?,service_campus
"Pardon, Où et à quelle heure est mon cours du mercredi à 10h00 ?",emploi_du_temps
"Excusez-moi, Est-il possible de savoir comment demander un report d’dmission ?",procedure_administrative
Que se passe-t-il en cas de triche à un examen ?,reglement
"Où puis-je imprimer mes documents sur le campus , merci d’avance ?",service_campus
Quels sont les horaires d’ouverture de la centre de santé  ??,service_campus
"Bonsoir, quelles sont les règles pour le retrait d’un cours ?",reglement
J’aimerais savoir : Quelle est la date limite pour l’abandon d’une UE ?,procedure_administrative
"Petite question : j’aimerais savoir : Comment me connecter au Wi-Fi de l’université , merci d’avance ?",service_campus
Est-il possible de savoir quelles sont les UE obligatoires pour le MBA Finance ?,formation
Où déposer mon dossier pour renouveler ma carte étudiante ?,procedure_administrative
"Excusez-moi, comment me connecter a ENT de l’université ?! ?",service_campus
Quelles sont les UE obligatoires pour le Master Psychologie  !?,formation
Petite question : Quels documents sont requis pour un changement de parcours  ??,procedure_administrative
"J’aimerais savoir : Pouvez-vous me donner l’emploi du temps du semestre de printemps pour analyse de données , si possible ?",emploi_du_temps
"Pourriez-vous me dire : Où et à quelle heure est mon cours du mardi à 10h00 , c’est urgent ?",emploi_du_temps
Quelles sont les matières principales en Philosophie ?,formation
Pourriez-vous m’indiquer le créneau de programmation Python ?,emploi_du_temps
Quelle est la date limite pour la demande d’aide financière ?,procedure_administrative
Comment me connecter au Wi-Fi de l’université ?,service_campus
Pourriez-vous me dire : Comment réussir le prochain module de statistiques  ??,formation
Pourriez-vous me dire : Où consulter le code de conduite des étudiants ?,reglement
J’aimerais savoir quand se déroule le cours de psychologie cognitive. ?,emploi_du_temps
J’aimerais savoir : Combien d’absences sont autorisées avant une sanction ?,reglement
"Bonjour, comment demander un report d’admission ?",procedure_administrative
"Excusez-moi, Comment me connecter au VPN de l’université ?",service_campus
Pourriez-vous me dire : Puis-je réserver une salle de travail ou un terrain de sport  !?,service_campus
Est-il possible de savoir pouvez-vous me donner l’emploi du temps du semestre de printemps pour chimie organique ?,emploi_du_temps
Puis-je réserver une salle de travail ou un terrain de sport ?,service_campus
"Est-il possible de savoir j’ai perdu mes clés, où se situe le bureau des objets trouvés ?",service_campus
"Où consulter le code de conduite des étudiants , pour la semaine prochaine ?",reglement
"S'il vous plaît, quels sont leshoraires d’ouverture de la maison des étudiants ?",service_campus
Petite question : est-il possible de savoir que se passe-t-il en cas de triche à un examen ?,reglement
"Est-il possible de savoir j’ai perdu mes clés, où se situe le bureau des objets trouvés ?",service_campus
Quelle est la politique concernant le probation académique ?,reglement
Y a-t-il un règlement spécifique pour les stages ?,reglement
"Bonjour, Pourriez-vous me dire : Quelles sont les UE obligatoires pour le Parcours Data Science ?",formation
Quand a lieu le prochain cours de biologie cellulaire ?,emploi_du_temps
"Pardon, J’aimerais savoir : Quels sont les prérequis pour le Parcours Data Science , si possible ?",formation
Est-il possible de savoir j’aimerais savoir quand se déroule le cours de robotique ?,emploi_du_temps
J’aimerais savoir quand se déroule le cours de psychologie cognitive. ?,emploi_du_temps
Combien de crédits faut-il pour se spécialiser en Lettres modernes ?,formation
"Quelles sont les matières principales en Philosophie , c’est urgent  ??",formation
"Pardon, Pourriez-vous me dire : J’aimerais savoir quand se déroule le cours de microéconomie ?",emploi_du_temps
"Puis-je réserver une salle de travail ou un terrain de sport , pour aujourd’hui ?",service_campus
"Pouvez-vous me donner l’emploi du temps du semestre de été pour programmation Python , si possible ?",emploi_du_temps
Combien de crédits faut-il pour se spécialiser en Biologie ?,formation
"Bonjour, Pourriez-vous me dire : À quelle heure commencent les TD de statistiques appliquées  ??",emploi_du_temps
Quand a lieu le prochain cours de microéconomie ?,emploi_du_temps
Pourriez-vous me dire : Où puis-je imprimer mes documents sur le campus ?,service_campus
Pourriez-vous m’indiquer le créneau de économie  !?,emploi_du_temps
"Le Wi-Fi ne fonctionne pas, que puis-je faire , si possible ?",service_campus
"Excusez-moi, Pourriez-vous m’indiquer le créneau de programmation Python , pour aujourd’hui ?",emploi_du_temps
"Combien d’absences sont autorisées avant une sanction , c’est urgent ?",reglement
Quel est l’horaire du cours de économie avec le professeur Anderson ?,emploi_du_temps
"Bonjour, Ou se trouve la centre de sante ?",service_campus
"Comment me connecter au portail étudiant de l’université , pour aujourd’hui ?",service_campus
Pourriez-vous me dire : Y a-t-il un règlement spécifique pour les stages ?,reglement
Existe-t-il un minimum de crédits ou de moyenne par semestre ?,reglement
Où déposer mon dossier pour mettre à jour mon adresse ?,procedure_administrative
Puis-je changer de majeure ou de spécialisation en cours d’année ?,formation
Où et à quelle heure est mon cours du mercredi à 10h00 ?,emploi_du_temps
Où consulter le code de conduite des étudiants ?,reglement
"Pardon, quand a lieu le prochain cours de psychologie cognitive ?",emploi_du_temps
"J’aimerais savoir : Le portail étudiant ne fonctionne pas, que puis-je faire ?",service_campus
"Puis-je changer de majeure ou de spécialisation en cours d’année , c’est urgent ?",formation
"J’aimerais savoir : Existe-t-il un minimum de crédits ou de moyenne par semestre , c’est urgent ?",reglement
"Pourriez-vous me dire : Quels sont les prérequis pour le Master Robotique , c’est urgent ?",formation
Quelles sont les matières principales en Biologie ?,formation
"Où puis-je imprimer mes documents sur le campus , pour aujourd’hui ?",service_campus
Existe-t-il un minimum de crédits ou de moyenne par seemstre ?,reglement
"Bonsoir, Où déposer mon dossier pour candidater pour la remise de diplôme ?",procedure_administrative
J’aimerais savoir quand se déroule le cours de psychologie cognitive. ?,emploi_du_temps
"Pardon, où consulter le code de conduite des étudiants ?",reglement
Où soumettre la demande de carte étudiante ?,procedure_administrative
Pourriez-vous me dire : Puis-je réserver une salle de travail ou un terrain de sport ?,service_campus
Est-il possible de savoir quels documents sont requis pour un changement de parcours ?,procedure_administrative
Pourriez-vous me dire : Comment obtenir une convention de stage ?,procedure_administrative
Est-il possible de savoir quelles sont les UE obligatoires pour le Master Psychologie ?,formation
Existe-t-il un minimum de crédits ou de moyenne par semestre ?,reglement
Pourriez-vous m’indiquer le créneau de économie ?,emploi_du_temps
Quelles sont les matières principales en Biologie ?,formation
Est-il possible de savoir pouvez-vous me donner l’emploi du temps du semestre de été pour littérature moderne … ?,emploi_du_temps
Quels sont les prérequis pour le MBA Finance ?,formation
Y a-t-il un règlement spécifique pour les stages  ??,reglement
Est-il possible de savoir comment demander un report d’admission ?,procedure_administrative
J’aimerais savoir : Où soumettre la demande de carte étudiante ?,procedure_administrative
Pourriez-vous me dire : Quelle est la politique concernant le plagiat ?,reglement
Y a-t-il un règlement spécifique pour les stages ?! ?,reglement
Pouvez-vous me donner l’emploi du temps du semestre de automne pour littérature moderne ?,emploi_du_temps
"Pardon, Est-il possible de savoir comment demander un report d’admission ?",procedure_administrative
"Bonjour, Quelles sont les règles pour le retrait d’un cours ?",reglement
Comment demander un report d’admission ?,procedure_administrative
Pourriez-vous me dire : Y a-t-il un règlement ssspécifique pour les stages ?,reglement
"Excusez-moi, Quelles sont les UE obligatoires pour le MBA Finance ?",formation
Quelle est la date limite pour l’abandon d’une UE ?,procedure_administrative
Est-il possible de savoir quand aaa lieu le prochain cours de microéconomie ?,emploi_du_temps
"Pardon, comment demander un report d’admission ?",procedure_administrative
Comment me connecter au ENT de l’université ?,service_campus
Est-il possible de savoir comment demander un report d’admission ?,procedure_administrative
Pourriez-vous me dire : Quelle est la date limite pour l’abandon d’une UE ?,procedure_administrative
Petite question : pourriez-vous me dire : Combien de crédits faut-il pour se spécialiser en Informatique ?,formation
"Excusez-moi, quelles sont les règles pour le retrait d’un cours , c’est urgent ?! ?",reglement
Comment demander un report d’admission ?,procedure_administrative
"Quels sont les horaires d’ouverture de la service logement , merci d’avance ?",service_campus
"S'il vous plaît, pourriez-vous me dire : Quels documents sont requis pour un changement de parcours ?",procedure_administrative
"Bonjour, Comment réussir le prochain module de statistiques ?",formation
Comment réussir le prochain module de statistiques ?,formation
Où soumettre la demande de carte étudiante ?,procedure_administrative
"Paron, Comment me connecter au portail étudiant de l’université ?",service_campus
"Quelles sont les règles pour le retrait d’un cours , si possible ?",reglement
"Bonsoir, Pourriez-vous me dire : Comment payer mes frais de scolarité ?",procedure_administrative
"À quelle heure commencent les TD de littérature moderne , c’est urgent ?",emploi_du_temps
Puis-je réserver une salle de travail ou un terrain de sport ?,service_campus
"S'il vous plaît, Quelle est la politique concernant le probation académique ?",reglement
"S'il vous plaît, Puis-je réserver une salle de travail ou un terrain de sport , c’est urgent ?",service_campus
"Quels sont les prérequis pour le Parcours Data Science , pour aujourd’hui ?",formation
J’aimerais savoir : Où consulter le code de conduite des étudiants ?,reglement
Pourriez-vous me dire : Où déposer mon dossier pour demander un relevé officiel ?,procedure_administrative
"Le VPN ne fonctionne pas, que puis-je faire ?",service_campus
Quelle est la date limite pour l’abandon d’une UE ?,procedure_administrative
Pourriez-vous me dire : Où consulter le code de conduite des étudiants ?,reglement
Pourriez-vous m’indiquer le créneau de psychologie cognitive ?,emploi_du_temps
Y a-t-il un règlement spécifique pour les stages ?,reglement
Pusi-je réserver une salle de travail ou un terrain de sport ?,service_campus
Petite question : Pourriez-vous m’indiquer le créneau de analyse de données ?,emploi_du_temps
"Bonsoir, Y a-t-il un règlement spécifique pour les stages ?",reglement
J’aimerais savoir : Quelle est la date limite pour l’abandon d’une UE ?,procedure_administrative
Pourriez-vous me dire : Comment demander un report d’admission ?,procedure_administrative
J’aimerais savoir quand se déroule le cours de chimie organique. — pour aujourd’hui ?,emploi_du_temps
Quels documents sont requis pour un changement de parcours ?,procedure_administrative
"Pardon, comment obtenir une convention de stage ?",procedure_administrative
"XEcusez-moi, Quelles sont les matières principales en Philosophie ?",formation
Comment candidater pour la remise de diplôme ?,procedure_administrative
Est-il possible de savoir pourriez-vous m’indiquer le créneau de chimie organique ?,emploi_du_temps
"Excusez-moi, comment réussir le prochain module de statistiques , pour aujourd’hui ?",formation
"S'il vous plaît, J’aimerais savoir : Y a-t-il un règlement spécifique pour les stages ?",reglement
"Bonjour, j’aimerais savoir quand se déroule le cours de biologie cellulaire. ?",emploi_du_temps
"S'il vous plaît, Où consulter le code de conduite des étudiants ?",reglement
Est-il possible de savoir combien de crédits faut-il pour se spécialiser en Lettres modernes ?,formation
"S'il vous plaît, pourriez-vous m’indiquer le créneau de chimie organique ?",emploi_du_temps
Est-il possible de savoir quand a lieu le prochain cours de robotique ?,emploi_du_temps
"Est-il possible de savoir j’ai perdu mes clés, où se situe le bureau des objets trouvés ?",service_campus
"Bonjour, puis-je réserver une salle de travail ou un terrain de sport  ??",service_campus
Est-il possible de savoir quelles sont les règles pour le retrait d’un cours ?,reglement
Y a-t-il un règlement spécifique pour les stages ?,reglement
"Pourriez-vous me dire : Combien d’absences sont autorisées avant une sanction , merci d’avance ?",reglement
Où déposer mon dossier pour obtenir une convention de stage ?,procedure_administrative
"Bonsoir, J’aimerais savoir quand se déroule le cours de analyse de données. ?",emploi_du_temps
J’aimerais savoir : Quelle est la politique concernant le rattrapage d’examen … ?,reglement
Quelle est la date limite pour l’inscription aux cours ?,procedure_administrative
Pourriez-vous me dire : Où déposer mon dossier pour obtenir une convention de stage ?,procedure_administrative
"Excusez-moi, est-il possible de savoir où se trouve la bureau des carrières ?",service_campus
"Bonjour, J’aimerais savoir : Quand a lieu le prochain cours de microéconomie ?",emploi_du_temps
"Excusez-moi, Pourriez-vous me dire : Le portail étudiant ne fonctionne pas, que puis-je faire ?",service_campus
Est-il possiblede savoir ou et a quelle heure est mon cours du lundi a 10h00 ?,emploi_du_temps
"S'il vous plaît, pourriez-vous me dire : Quelles sont les UE obligatoires pour le MBA Finance , merci d’avance ?",formation
Puis-je réserver une salle de travail ou un terrain de sport ?,service_campus
Est-il possible de savoir puis-je changer de majeure ou de spécialisation en cours d’année ?,formation
"Bonjour, j’aimerais savoir : Combien de crédits faut-il pour se spécialiser en Biologie ?",formation
Puis-je changer de majeure ou de spécialisation en cours d’année … ?,formation
J’aimerais savoir : Quelles sont les UE obligatoires pour le Master Psychologie ?,formation
"S'il vous plaît, J’aimerais savoir : Le portail étudiant ne fonctionne pas, que puis-je faire ?",service_campus
Puis-je réserver une salle de travail ou un terrain de sport ?,service_campus
Quels documents sont requis pour un changement de parcours ?,procedure_administrative
Quelles sont les matières principales en Biologie ?,formation
"Puis-je réserver une salle de travail ou un terrain de sport , pour aujourd’hui ?",service_campus
Que se passe-t-il en cas de triche à un examen ?,reglement
Quelles sont les UE obligatoires pour le Master Robotique ?,formation
Quelle est la date limite pour l’inscription aux cours ?,procedure_administrative
J’aimerais savoir : J’aimerais savoir quand se déroule le cours de statistiques appliquées ?,emploi_du_temps
"J’ai perdu mes clés, où se situe le bureau des objets trouvés ?",service_campus
"Excusez-moi, Pourriez-vous me dire : Comment mettre à jour mon adresse , merci d’avance ?",procedure_administrative
Quels sont les horaires d’ouverture de la service logement ?,service_campus
"Bonjour, Où consulter le code de conduite des étudiants ?",reglement
"Petite question : Pourriez-vous me dire : Comment demander un report d’admission , c’esttt urgent ?",procedure_administrative
Puis-je changer de majeure ou de spécialisation en cours d’année ?,formation
Puis-je changer de majeure ou de spécialisation en cours d’année ?,formation
"Où se trouve la centre de santé , c’est urgent ?",service_campus
Pourriez-vous me dire : Combien de crédits faut-il pour se spécialiser en Informatique ?,formation
Puis-je changer de majeure ou de spécialisation en cours d’année ?,formation
J’aimerais savoir : Combien de crédits faut-il pour se spécialiser en Biologie ?,formation
"Comment payer mes frais de scolarité , si possible ?",procedure_administrative
Petite question : pourriez-vous me dire : Existe-t-il un minimum de crédits ou de moyenne par semestre ?,reglement
Pouvez-vous me donner l’emploi du temps du semestre de automne pour programmation Python ?,emploi_du_temps
À quelle heure commencent les TD de microéconomie ?,emploi_du_temps
J’aimerais savoir : Où soumettre la demande de carte étudiante ?,procedure_administrative
"Pourriez-vous me dire : Comment renouveler ma carte étudiante , pour aujourd’hui ?",procedure_administrative
Pourriez-vous me dire : À quelle heure commencent les TD de économie ?,emploi_du_temps
Quelle est la date limite pour la demande d’aide financière ?,procedure_administrative
Puis-je changer de majeure ou de spécialisation en cours d’année ?,formation
Est-il possible de savoir où puis-je imprimer mes documents sur le campus ?,service_campus
Pourriez-vous me dire : Comment réussir le prochain module de statistiques ?! ?,formation
J’aimerais savoir : Où puis-je imprimer mes documents sur le campus ?,service_campus
Petite question : Quelle est la date limite pour l’inscription aux cours  !?,procedure_administrative
Pouvez-vous me donner l’emploi du temps du semestre de printemps pour économie  ??,emploi_du_temps
Où se trouve la maison des étudiants ?,service_campus
"Le ENT ne fonctionne pas, que puis-je faire ?",service_campus
Pourriez-vous me dire : Quels documents sont requis pour un changement de parcours ?,procedure_administrative
Petite question : où se trouve la bibliothèque centrale ?,service_campus
Ou puis-je imprimer mes documents sur le campus ?,service_campus
Pourriez-vous me dire : Quelle est la politique concernant le absence aux cours ?,reglement
Quelles sont les UE obligatoires pour le MBA Finance ?,formation
Est-il possible de savoir où puis-je imprimer mes documents sur le campus ?,service_campus
"Bonsoir, J’aimerais savoir : Que se passe-t-il en cas de triche à un examen ?",reglement
"Bonsoir, où consulter le code de conduite des étudiants ?",reglement
Pourriez-vous me dire : Puis-je réserver une salle de travail ou un terrain de sport … ?,service_campus
"J’aimerais savoir : Où puis-je imprimer mes documents sur le campus , c’est urgent ?",service_campus
Est-il possible de savoir combien de crédits faut-il pour se spécialiser en Lettres modernes ?,formation
"Bonsoir, Quand a lieu le prochain cours de droit public ?",emploi_du_temps
Puis-je changer de majeure ou de spécialisation en cours d’année ?,formation
Y a-t-il un règlement spécifique pour les stages ?,reglement
Existe-t-il un minimum de crédits ou de moyenne par semestre ?,reglement
"Excusez-moi, Combien d’absences sont autorisées avant une sanction ?",reglement
"Excusez-moi, Quelleest la politique concernant le plagiat , merci d’avance ?",reglement
Comment demander un relevé officiel ?,procedure_administrative
Pourriez-vous me dire : Quels sont les horaires d’ouverture de la bureau des carrières ?,service_campus
"S'il vous plaît, quelles sont les règles pour le retrait d’un cours ?",reglement
"Existe-t-il un minimum de crédits ou de moyenne par semestre , pour la semaine prochaine ?",reglement
"Pourriez-vous me dire : Le Wi-Fi ne fonctionne pas, que puis-je faire ?",service_campus
"Est-il possible de savoir quelles sont les règles pour le retrait d’un cours , c’est urgent ?",reglement
Est-il possible de savoir où et à quelle heure est mon cours du lundi à 16h30 ?,emploi_du_temps
"Pardon, pourriez-vous me dire : Où et à quelle heure est mon cours du jeudi à 10h00 ?",emploi_du_temps
Pouvez-vous me donner l’emploi du temps du semestre de été pour littérature moderne … ?,emploi_du_temps
Combien de crédits faut-il pour se spécialiser en Philosophie ?,formation
"Quelles sont les UE obligatoires pour le Master Psychologie , c’est urgent ?",formation
Pourriez-vous me dire : Quel est l’horaire du cours de littérature moderne avec le professeur Nguyen ?,emploi_du_temps
Quand a lieu le prochain cours de chimie organique ?,emploi_du_temps
Est-il possible de savoir puis-je changer de majeure ou de spécialisation en cours d’année … ?,formation
"Comment demander un report d’admission , c’est urgent ?",procedure_administrative
"Bonsoir, est-il possible de savoir pouvez-vous me donner l’emploi du temps du semestre de printemps pour programmation Python  ??",emploi_du_temps
Où et à quelle heure est mon cours du mercredi à 14h00 … ?,emploi_du_temps
"Bonsoir, pourriez-vous me dire : Quels sont les horaires d’ouverture de la maison des étudiants , pour aujourd’hui ?",service_campus
Est-il possible de savoir quel est l’horaire du cours de programmation Python avec le professeur Dupont ?,emploi_du_temps
"S'il vous plaît, Pourriez-vous me dire : Quels sont les horaires d’ouverture de la centre de santé ?",service_campus
Y a-t-il un règlement spécifique pour les stages ?,reglement
Où consulter le code de conduite des étudiants ?,reglement
Comment candidater pour la remise de diplôme ?,procedure_administrative
"Est-il possible de savoir comment me connecter au portail étudiant de l’université , si possible ?! ?",service_campus
Pourriez-vous me dire : Quelle est la date limite pour la demande d’aide financière ?,procedure_administrative
À quelle heure commencent les td de littérature moderne ?,emploi_du_temps
Quand a lieu le prochain cours de économie ?,emploi_du_temps
Quelles sont les matières principales en Biologie ?! ?,formation
"Est-il possible de savoir le ENT ne fonctionne pas, que puis-je faire ?",service_campus
"J’ai perdu mes clés, où se situe le bureau des objets trouvés ?! ?",service_campus
J’aimerais savoir : Quels sont les prérequis pour le Licence Histoire ?,formation
Quels sont les horaires d’ouverture de la maison des étudiants  ??,service_campus
Quelle est la politique concernant le absence aux cours ?,reglement
Pourriez-vous me dire : Quelles sont les règles pour le retrait d’un cours ?,reglement
Combien de crédits faut-il pour se spécialiser en Philosophie ?,formation
Existe-t-il un minimum de crédits ou de moyenne par semestre ?,reglement
"Bonsoir, Pourriez-vous m’indiquer le créneau de microéconomie ?",emploi_du_temps
"Pardon, où consulter le code de conduite des étudiants , pour la semaine prochaine ?! ?",reglement
Pourriez-vous m’indiquer le créneau de analyse de données ?,emploi_du_temps
Où se trouve la service logemmment ?,service_campus
Combien de crédits faut-il pour se spécialiser en Biologie ?,formation
Pourriez-vous me dire : Quelle est la date limite pour l’inscription aux cours ?,procedure_administrative
"Quelles sont les règles pour le retrait d’un cours , si possible ?",reglement
"S'il vous plaît, Pourriez-vous me dire : J’aimerais savoir quand se déroule le cours de biologie cellulaire ?",emploi_du_temps
"J’ai perdu mes clés, où se situe le bureau des objets trouvés ?",service_campus
Où consulter le code de conduite des étudiants ?,reglement
Comment me connecter au Wi-Fi de l’université ?,service_campus
"Pardon, où et à quelle heure est mon cours du vendredi à 8h30 ?",emploi_du_temps
"J’aimerais savoir : J’ai perdu mes clés, où se situe le bureau des objets trouvés ?",service_campus
"Excusez-moi, Où et à quelle heure est mon cours du jeudi à 8h30 ?",emploi_du_temps
"Bonjour, pourriez-vous m’indiquer le créneau de microéconomie ?",emploi_du_temps
Pourriez-vous m’indiquer le créneau de algèbre avancée ?,emploi_du_temps
Où soumettre la demande de carte étttudiante ?,procedure_administrative
Quelle est la politique concernant le rattrapage d’examen ?,reglement
J’aimerais savoir : Quelles sont les UE obligatoires pour le Parcours Data Science ?,formation
"Bonjour, quelles sont les UE obligatoires pour le Master Psychologie ?",formation
Comment me connecter au ENT de l’université ?,service_campus
Est-il possible de savoir où soumettre la deamnde de carte étudiante ?,procedure_administrative
"S'il vous plaît, J’ai perdu mes clés, où se situe le bureau des objets trouvés , pour la semaine prochaine ?",service_campus
Est-il possible de savoir quelles sont les matières principales en Lettres modernes ?,formation
"Pardon, Que se passe-t-il en cas de triche à un examen ?",reglement
Existe-t-il un minimum de crédits ou de moyenne par semestre ?,reglement
"Pourriez-vous me dire : Pourriez-vous m’indiquer le créneau de robotique , pour aujourd’hui ?",emploi_du_temps
Comment réussir le prochain module de statistiques ?,formation
Où déposer mon dossier pour renouveler ma carte étudiante ?,procedure_administrative
Pourriez-vous me dire : Où et à quelle heure est mon cours du lundi à 14h00 … ?,emploi_du_temps
Quelle est la date limite pour l’abandon d’une UE ?,procedure_administrative
"Excusez-moi, Où et à quelle heure est mon cours du mardi à 10h00 ?",emploi_du_temps
"Petite question : Comment demander un report d’admission , si possible ?",procedure_administrative
"Que se passe-t-il en cas de triche à un examen , si possible ?",reglement
Quand a lieu le prochain cours de algèbre avancée ?,emploi_du_temps
"Pourriez-vous me dire : Quelles sont les UE obligatoires pour le MBA Finance , si possible ?",formation
"Combien de crédits faut-il pour se spécialiser en Biologie , c’est urgent ?",formation
"Quelles sont les UE obligatoires pour le Master Robotique , pour aujourd’hui ?",formation
"J’aimerais savoir : Quelle est la date limite pour l’abandon d’une UE , pour la semaine prochaine ?",procedure_administrative
"S'il vous plaît, Est-il possible de savoir puis-je changer de majeure ou de spécialisation en cours d’année ?",formation
"Excusez-moi, Où soumettre la demande de carte étudiante , merci d’avance ?",procedure_administrative
"Le ENT ne fonctionne pas, que puis-je faire ?",service_campus
"Pourriez-vous me dire : Pourriez-vous m’indiquer le créneau de droit public , merci d’avance ?",emploi_du_temps
Pourriez-vous m’indiquer le créneau de analyse de données ?,emploi_du_temps
J’aimerais savoir : Quelles sont les matières principales en Psychologie  ??,formation
"Pourriez-vou me dire : Où consulter le code de conduite des étudiants , si possible  ??",reglement
Quelle est la date limite pour l’inscription aux cours ?,procedure_administrative
"Quand a lieu le prochain cours de analyse de données , si possible  !?",emploi_du_temps
Comment me connecter au VPN de l’université ?,service_campus
Comment me connecter au ENT de l’université ?,service_campus
J’aimerais savoir quand se déroule le cours de droit public. ?,emploi_du_temps
Quels sont les horaires d’ouverture de la service logement ?,service_campus
Où déposer mon dossier pour candidater pour la remise de diplôme ?,procedure_administrative
Petite question : quels sont les horaires d’ouverture de la bureau des carrières ?,service_campus
Pourriez-vous m’indiquer le créneau de droit public ?,emploi_du_temps
J’aimerais savoir : Y a-t-il un règlement spécifique pour les stages ?,reglement
"Bonsoir, Est-il possible de savoir combien d’absences sont autorisées avant une sanction ?",reglement
Quels sont les horaires d’ouverture de la service logement ?,service_campus
Où déposer mon dossier pour demander un relevé officiel ?,procedure_administrative
Comment réussir le prochain module de statistiques ?,formation
Quels sont les horaires d’ouverture de la bibliothèque centrale ?,service_campus
Est-il possible de savoir puis-je réserver une salle de travail ou un terrain de sport ?,service_campus
Est-il possible de savoir comment demander un report d’admission ?,procedure_administrative
Est-il possible de savoir quelles sontles UE obligatoires pour le Licence Histoire ?,formation
"J’aimerais savoir : Comment demander un report d’admission , c’est urgent ?! ?",procedure_administrative
Puis-je réserver une salle de travail ou un terrain de sport ?,service_campus
Quel est l’horaire du cours de biologie cellulaire avec le professeur Leroy ?,emploi_du_temps
Pourriez-vous me dire : Comment candidater pour la remise de diplôme ?,procedure_administrative
"Pardon, est-il possible de savoir comment demander un report d’admission ?",procedure_administrative
J’aimerais savoir : Puis-je changer de majeure ou de spécialisation en cours d’année ?,formation
J’aimerais savoir : Quel est l’horaire du cours de programmation Python avec le professeur Dubois ?,emploi_du_temps
"Petite question : combien de crédits faut-il pour se spécialiser en Biologie , merci d’avance ?",formation
Combien d’absences sont autorisées avant une sanction ?,reglement
Y a-t-il un règlement spécifique pour les stages ?,reglement
"Où et à quelle heure est mon cours du jeudi à 16h30 , pour la semaine prochaine ?",emploi_du_temps
Comment demander un report d’admission ?,procedure_administrative
Où et à quelle heure est mon cours du jeudi à 14h00 ?,emploi_du_temps
Pouvez-vous me donner l’emploi du temps du semestre de automne pour droit public ?,emploi_du_temps
Où et à quelle heure est mon cours du jeudi à 16h30 ?,emploi_du_temps
Quels sont les prérequis pour le Master Robotique  ??,formation
"Excusez-moi, où déposer mon dossier pour payer mes frais de scolarité ?",procedure_administrative
"Petite question : comment me connecter au Wi-Fi de l’université , pour la semaine prochaine ?",service_campus
Pourriez-vous me dire : Existe-t-il un minimum de crédits ou de moyenne par semestre ?,reglement
Quels sont les horaires d’ouverture de la gymnase ?,service_campus
Où se trouve la gymnase  !?,service_campus
"Pardon, pourriez-vous me dire : Combien de crédits faut-il pour se spécialiser en Lettres modernes ?",formation
Pourriez-vous me dire : Quelles sont les règles pour le retrait d’un cours ?,reglement
Où déposer mon dossier pour obtenir une convention de stage ?,procedure_administrative
Pourriez-vous m’indiquer le créneau de analyse de données ?,emploi_du_temps
"Quels sont les horaires d’ouverture de la service logement , c’est urgent ?",service_campus
Quels documents sont requis pour un changement de parcours ?,procedure_administrative
Pourriez-vous me dire : Quels sont les prérequis pour le MBA Finance ?,formation
Pourriez-vous me dire : Y a-t-il un règlement spécifique pour les stages  ??,reglement
"S'il vous plaît, où puis-je imprimer mes documents sur le campus ?",service_campus
Quelles sont les matières principales en Psychologie ?,formation
Pourriez-vous m’indiquer le créneau de économie ?,emploi_du_temps
Quel est l’horaire du cours de psychologie cognitive avec le professeur Moreau ?,emploi_du_temps
"Quels documents sont requis pour un hcangement de parcours , c’est urgent ?",procedure_administrative
Est-il possible de savoir pouvez-vous me donner l’emploi du temps du semestre de printemps pour microéconomie ?,emploi_du_temps
Puis-je réserver une salle de travail ou un terrain de sport ?,service_campus
Quelles sont les ue obligatoires pour le master psychologie ?,formation
Pourriez-vous m’indiquer le créneau de chimie organique … ?,emploi_du_temps
Quels documents sont requis pour un changement de parcours ?,procedure_administrative
J’aimerais savoir : J’aimerais savoir quand se déroule le cours de droit public ?,emploi_du_temps
Où soumettre la demande de carte étudiante ?,procedure_administrative
"Bonjour, Existe-t-il un minimum de crédits ou de moyenne par semestre  !?",reglement
"J’aimerais savoir : comment réussir le prochain module de statistiques , si possible ?",formation
"Excusez-moi, existe-t-il un minimum de crédits ou de moyenne par semestre ?",reglement
"Bonjour, Est-il possible de savoir où puis-je imprimer mes documents sur le campus ?",service_campus
"Bonsoir, quelles sont les matières principales en Philosophie ?",formation
Est-il possible de savoir que se passe-t-il en cas de triche à un examen ?,reglement
Est-il possible de savoir quels sont les prérequis pour le Licence Histoire ?,formation
"J’aimerais savoir : Le Wi-Fi ne fonctionne pas, que puis-je faire ?",service_campus
Quelle est la politique concernant le probation académique ?,reglement
"Pardon, J’aimerais savoir : Quelle est la date limite pour l’inscription aux cours ?",procedure_administrative
"Quel est l’horaire du cours de algèbre avancée avec le professeur Nguyen , pour aujourd’hui ?",emploi_du_temps
Où déposer mon dossier pour mettre à jour mon adresse ?,procedure_administrative
J’aimerais savoir : Puis-je réserver une salle de travail ou un terrain de sport ?,service_campus
Est-il possible de savoir comment me connecter au Wi-Fi de l’université ?,service_campus
Est-il possible de savoir quelle est la date limite pour la demande d’aide financière ?,procedure_administrative
Est-il possible de savoir quand a lieu le prochain cours de analyse de données ?,emploi_du_temps
Est-il possible de savoir à quelle heure commencent les TD de algèbre avancée ?,emploi_du_temps
Comment demander un report d’admission ?,procedure_administrative
Où déposer mon dossier pour obtenir une convention de stage ?,procedure_administrative
Quelle est la politique concernant le absence aux cours  !?,reglement
"Bonjour, Le ENT ne fonctionne pas, que puis-je faire  !?",service_campus
"À quelle heure commencent les TD de littérature moderne , pour aujourd’hui ?",emploi_du_temps
Quand a lieu le prochain cours de biologie cellulaire  !?,emploi_du_temps
"Bonsoir, j’aimerais savoir : Comment candidater pour la remise de diplôme ?",procedure_administrative
"Est-il possible de savoir quel est l’horaire du cours de programmation Python avec le professeur Martin , si possible ?",emploi_du_temps
Quand a lieu le prochain cours de chimie organique ?,emploi_du_temps
Existe-t-il un minimum de crédits ou de moyenne par semestre ?,reglement
À quelle heure commencent les TD de algèbre avancée ?,emploi_du_temps
"Bonjour, Est-il possible de savoir quelle est la date limite pour l’inscription aux cours ?",procedure_administrative
"Bonjour, que se passe-t-il en cas de triche à un examen ?",reglement
J’aimerais savoir : Quelles sont les UE obligatoires pour le MBA Finance ?,formation
Où soumettre la demande de carte étudiante ?,procedure_administrative
Quand a lieu le prochain cours de robotique ?,emploi_du_temps
"Pourriez-vous me dire : Puis-je réserver une salle de travail ou un terrain de sport , c’est urgent ?",service_campus
Est-il possible de savoir quels sont les prérequis pour le Licence Histoire ?,formation
Quelle est la date limite pour l’abandon d’une UE ?,procedure_administrative
Petite question : quelles sont les règles pour le retrait d’un cours ?,reglement
Pouvez-vous me donner l’emploi du temps du semestre de printemps pour robotique ?,emploi_du_temps
Où déposer mon dossier pour candidater pour la remise de diplôme ?,procedure_administrative
Quelles sont les UE obligatoires pour le Master Psychologie ?,formation
Pourriez-vous m’indiquer le créneau de droit public ?,emploi_du_temps
Quelles sont les matières principales en Lettres modernes ?,formation
J’aimerais savoir : Puis-je changer de majeure ou de spécialisation en cours d’année ?! ?,formation
Quelles sont les UE obligatoires pour le MBA Finance ?,formation
J’aimerais savoir : Comment obtenir une convention de stage ?,procedure_administrative
Est-il possible de savoir où et à quelle heure est mon cours du mercredi à 14h00 ?,emploi_du_temps
Est-il possible de savoir pourriez-vous m’indiquer le créneau de biologie cellulaire ?,emploi_du_temps
Pourriez-vous m’indiquer le créneau de droit public ?,emploi_du_temps
"S'il vous plaît, où puis-je imprimer mes documents sur le campus ?",service_campus
"Est-il possible de savoir où se trouve la maison des étudiants , c’est urgent ?",service_campus
Quelle est la date limite pour la demande d’aide financière ?,procedure_administrative
"Quand a lieu le prochain cours de microéconomie , c’est urgent ?",emploi_du_temps
J’aimerais savoir : Où se trouve la bureau des carrières ?,service_campus
"Combien de crédits faut-il pour se spécialiser en Philosophie , pour la semaine prochaine … ?",formation
Puis-je changer de majeure ou de spécialisation en cours d’année ?,formation
"Bonjour, Quand a lieu le prochain cours de psychologie cognitive ?",emploi_du_temps
"J’aimerais savoir : Comment mettre à jour mon adresse , c’est urgent ?! ?",procedure_administrative
Y a-t-il un règlement spécifique pour les stages ?,reglement
"S'il vous plaît, combien de crédits faut-il pour se spécialiser en Informatique ?",formation
"Pardon, comment obtenir une convention de stage ?",procedure_administrative
Petite question : combien d’absences sont autorisées avant une sanction ?,reglement
Où se trouve la centre de santé ?,service_campus
Est-il possible de savoir quelles sont les UE obligatoires pour le Licence Histoire ?,formation
Quels sont les horaires d’ouverture de la service logement ?,service_campus
Combien de crédits faut-il pour se spécialiser en Psychologie ?,formation
"Excusez-moi, J’aimerais savoir quand se déroule le cours de économie. ?",emploi_du_temps
"Quelle est la politique concernant le probation académique , merci d’avance ?",reglement
"Le portail étudiant ne fonctionne pas, que puis-je faire ?",service_campus
Quels documents sont requis pour un changement de parcours ?,procedure_administrative
"Bonsoir, Où soumettre la demande de carte étudiante ?",procedure_administrative
"Pardon, Comment payer mes frais de scolarité ?",procedure_administrative
Combien d’absences sont autorisées avant une sanction ?,reglement
J’aimerais savoir : Puis-je changer de majeure ou de spécialisation en cours d’année ?,formation
Combien d’absences sont autorisées avant une sanction ?,reglement
"Puis-je changer de majeure ou de spécialisation en cours d’année , pour la semaine prochaine ?",formation
Puis-je changer de majeure ou de spécialisation en cours d’année ?,formation
J’aimerais savoir : Pouvez-vous me donner l’emploi du temps du semestre de printemps pour microéconomie ?,emploi_du_temps
Que se passe-t-il en cas de triche à un examen ?,reglement
"Pardon, quelles sont les matières principales en Biologie ?",formation
"Bonjour, pourriez-vous me dire : Où soumettre la demande de carte étudiante ?",procedure_administrative
Pourriez-vous me dire : Puis-je réserver une salle de travail ou un terrain de sport ?,service_campus
"Où déposer mon dossier pour demander un relevé officiel , pour aujourd’hui ?",procedure_administrative
Où puis-je imprimer mes documents sur le campus ?,service_campus
"Est-il possible de savoir j’ai perdu mes clés, où se situe le bureau des objets trouvés ?",service_campus
"Bonsoir, pourriez-vous me dire : Quels documents sont requis pour un changement de parcours ?",procedure_administrative
Où se trouve la bureau des carrières ?,service_campus
J’aimerais savoir : Que se passe-t-il en cas de triche à un examen ?,reglement
Y a-t-il un règlement spécifique pour les stages ?,reglement
Quels documents sont requis pour un changement de parcours ?,procedure_administrative
Quelles sont les UE obligatoires pour le Master Psychologie ?,formation
Où puis-je imprimer mes documents sur le campus ?,service_campus
"Que se passe-t-il en cas de triche à un examen , merci d’avance ?",reglement
J’aimerais savoir : Y a-t-il un règlement spécifique pour les stages ?,reglement
Comment demander un report d’admission ?,procedure_administrative
"Bonsoir, y a-t-il un règlement spécifique pour les stages ?",reglement
Y a-t-il un règlement spécifique pour les stages ?,reglement
Pourriez-vous m’indiquer le créneau de littérature moderne ?,emploi_du_temps
Que se passe-t-il en cas de triche à un examen ?,reglement
Est-il possible de savoir où consulter le code de conduite des étudiants ?,reglement
Quelles sont les règles pour le retrait d’un cours ?,reglement
Quelles sont les UE obligatoires pour le Parcours Data Science ?,formation
"Bonjour, Quelles sont les UE obligatoires pour le Master Robotique ?",formation
Quelles sont les matières principales en Biologie ?,formation
J’aimerais savoir : Comment demander un report d’admission ?,procedure_administrative
Puis-je réserver une salle de travail ou un terrain de sport ?,service_campus
"Bonjour, Où puis-je imprimer mes documents sur le campus ?",service_campus
"J’ai perdu mes clés, où se situe le bureau des objets trouvés , si possible ?",service_campus
"Bonsoir, pourriez-vous me dire : Où puis-je imprimer mes documents sur le campus ?",service_campus
Pouvez-vous me donner l’emploi du temps du semestre de printemps pour droit public ?,emploi_du_temps
Combien de cérdits faut-il pour se spécialiser en Informatique ?,formation
Est-il possible de savoir où consulter le code de conduite des étudiants ?,reglement
Est-il possible de savoir quelles sont les règles pour le retrait d’un cours ?,reglement
Pourriez-vous me dire : Où puis-je imprimer mes documents sur le campus ?,service_campus
Petite question : est-il possible de savoir comment demander un relevé officiel ?,procedure_administrative
"Comment demander un report d’admission , pour aujourd’hui ?",procedure_administrative
Quelle est la date limite pour l’inscription aux cours ?,procedure_administrative
Comment demander un report d’admission  ??,procedure_administrative
"Puis-je réserver une salle de travail ou un terrain de sport , merci d’avance ?",service_campus
Petite question : où déposer mon dossier pour payer mes frais de scolarité ?,procedure_administrative
"J’aimerais savoir : J’ai perdu mes clés, où se situe le bureau des objets trouvés ?",service_campus
Comment me connecter au VPN de l’université ?,service_campus
Où consulter le code de conduite des étudiants ?,reglement
"Combien d’absences sont autorisées avant une sanction , c’est urgent ?",reglement
Quelles sont les règles pour le retrait d’un cours ?,reglement
J’aimerais savoir : Quels documents sont requis pour un changement de parcours ?,procedure_administrative
Quelle est la date limite pour l’abandon d’une UE ?,procedure_administrative
"Puis-je réserveru ne salle de travail ou un terrain de sport , merci d’avance ?",service_campus
Est-il possible de savoir j’aimerais savoir quand se déroule le cours de économie ?,emploi_du_temps
"Bonsoir, Quels sont les prérequis pour le Parcours Data Science ?",formation
Quelles sont les règles pour le retrait d’un cours ?,reglement
Quand a lieu le prochain cours de algèbre avancée ?,emploi_du_temps
Quelle est la date limite pour la demande d’aide financière ?,procedure_administrative
"Excusez-moi, à quelle heure commencent les TD de biologie cellulaire , merci d’avance ?",emploi_du_temps
Où et à quelle heure est mon cours du vendredi à 8h30 ?,emploi_du_temps
"Booonjour, Pourriez-vous me dire : Quelles sont les UE obligatoires pour le Licence Histoire ?",formation
"Pardon, est-il possible de savoir puis-je réserver une salle de travail ou un terrain de sport ?",service_campus
Pourriez-vous me dire : Quelles sont les UE obligatoires pour le Parcours Data Science ?,formation
Petite question : Quelle est la date limite pour l’inscription aux cours ?,procedure_administrative
Comment réussir le prochain module de statistiques ?,formation
Est-il possible de savoir comment réussir le prochain module de statistiques ?,formation
Petite question : pourriez-vous m’indiquer le créneau de robotique ?,emploi_du_temps
Où déposer mon dossier pour obtenir une convention de stage ?,procedure_administrative
Petite question : combien de crédits faut-il pour se spécialiser en Philosophie ?,formation
"Quelles sont les UE obligatoires pour le Master Psychologie , merci d’avance … ?",formation
Comment réussir le prochain module de statistiques ?,formation
Pouvez-vous me donner l’emploi du temps du semestre de automne pour littérature moderne ?,emploi_du_temps
"S'il vous plaît, où déposer mon dossier pour obtenir une convention de stage  ??",procedure_administrative
Est-il possible de savoir quand a lieu le prochain cours de économie ?,emploi_du_temps
"Pourriez-vous me dire : Puis-je réserver une salle de travail ou un terrain de sport , si possible ?",service_campus
Quand a lieu le prochain cours de chimie organique ?,emploi_du_temps
J’aimerais savoir : Quand a lieu le prochain cours de psychologie cognitive ?,emploi_du_temps
"Bonsoir, J’aimerais savoir : Quelles sont les règles pour le retrait d’un cours ?",reglement
Où déposer mon dossier pour demander un relevé officiel ?,procedure_administrative
"Bonjour, comment mettre à jour mon adresse ?",procedure_administrative
"Le Wi-Fi ne fonctionne pas, que puis-je faire ?! ?",service_campus
Combien de crédits faut-il pour se spécialiser en Biologie ?,formation
"Excusez-moi, Quelle est la date limite pour l’abandon d’une UE ?",procedure_administrative
Petite question : que se passe-t-il en cas de triche à un examen ?,reglement
Où déposer mon dossier pour candidater pour la remise de diplôme ?,procedure_administrative
"Comment demander un report d’admission , merci d’avance ?",procedure_administrative
Pourriez-vous me dire : Comment réussir le prochain module de statistiques ?,formation
Où consulter le code de conduite des étudiants ?,reglement
Quelles sont les UE obligatoires pour le Master Psychologie ?,formation
Pourriez-vous me dire : Y a-t-il un règlement spécifique pour les stages ?,reglement
"Bonjour, Où et à quelle heure est mon cours du vendredi à 10h00 , pour la semaine prochaine ?",emploi_du_temps
"Excusez-moi, Quels sont les prérequis pour le Master Psychologie , pour aujourd’hui ?",formation
Où soumettre la demande de carte étudiante  !?,procedure_administrative
Est-il possible de savoir où soumettre la demande de carte étudiante ?,procedure_administrative
Combien d’absences sont autorisées avant une sanction ?,reglement
"J’aimerais savoir : Existe-t-il un minimum de crédits ou de moyenne par semestre , pour aujourd’hui ?",reglement
J’aimerais savoir : Où déposer mon dossier pour renouvler ma carte étudiante ?,procedure_administrative
Est-il possible de savoir quel est l’horaire du cours de robotique avec le professeur Bennani ?,emploi_du_temps
"Puis-je changer de majeure ou de spécialisation en cours d’année , si possible  ??",formation
Quelle est la politique concernant le probation académique ?,reglement
J’aimerais savoir : Où et à quelle heure est mon cours du mercredi à 14h00 ?,emploi_du_temps
Petite question : Pourriez-vous me dire : Que se passe-t-il en cas de triche à un examen ?,reglement
Est-il possible de savoir quelle est la politique concernant le probation académique ?,reglement
"Puis-je changer de majeure ou de spécialisation en cours d’année , si possible … ?",formation
Pourriez-vous me dire : Quels sont les prérequis pour le MBA Finance ?,formation
"Combien de crédits faut-il pour se spécialiser en Philosophie , pour aujourd’hui ?",formation
J’aimerais savoir : Existe-t-il un minimum de crédits ou de moyenne par semestre ?,reglement
Quelle est la date limite pour l’abandon d’une UE ?,procedure_administrative
Comment me connecter au portail étudiant de l’université ?,service_campus
"Bonjour, Est-il possible de savoir comment me connecter au ENT de l’université ?",service_campus
Pourriez-vous me dire : Quelles sont les matières principales en Psychologie  ??,formation
Où soumettre la demande de carte étudiante ?,procedure_administrative
"Excusez-moi, Combien d’absences sont autorisées avant une sanction ?",reglement
"Bonsoir, J’aimerais savoir : Le portail étudiant ne fonctionne pas, que puis-je faire , c’est urgent ?",service_campus
Quelles sont les ue obligatoires pour le mba finance ?,formation
Quelles sont les matières principales en Biologie ?,formation
"Le VPN ne fonctionne pas, que puis-je faire ?",service_campus
J’aimerais savoir : Que se passe-t-il en cas de triche à un examen ?,reglement
Comment réussir le prochain module de statistiques ?,formation
Pourriez-vous m’indiquer le créneau de microéconomie ?,emploi_du_temps
J’aimerais savoir : Quels documents sont requis pour un changement de parcours ?,procedure_administrative
"Quels sont les prérequis pour le MBA Finance , merci d’avance ?",formation
"Excusez-moi, Est-il possible de savoir quand a lieu le prochain cours de robotique ?",emploi_du_temps
J’aimerais savoir : Que se passe-t-il en cas de triche à un examen ?,reglement
Quand a lieu le prochain cours de programmation Python ?,emploi_du_temps
Est-il possible de savoir comment me connecter au portail étudiant de l’université ?,service_campus
"Excusez-moi, quelle est la date limite pour l’inscription aux cours ?",procedure_administrative
Pourriez-vous me dire : Comment me connecter au Wi-Fi de l’université ?,service_campus
Comment obtenir une convention de stage ?,procedure_administrative
Combien de crédits faut-il pour se spécialiser en psychologie ?,formation
Quelles sont les ue obligatoires pour le parcours data science ?,formation
"Bonsoir, quel est l’horaire du cours de analyse de données avec le professeur Dupont ?",emploi_du_temps
Quelles sont les UE obligatoires pour le Parcours Data Science ?,formation
Comment me connecter au Wi-Fi de l’université ?! ?,service_campus
"Quels sont les prérequis pour le Master Robotique , c’est urgent ?",formation
"S'il vous plaît, quelle est la politique concernant le rattrapage d’examen , pour aujourd’hui ?",reglement
"S'il vous plaît, combien d’absences sont autorisées avant une sanction , pour la semaine prochaine ?",reglement
"Pardon, Combien de crédits faut-il pour se spécialiser en Biologie ?",formation
Est-il possible de savoir où se trouve la centre de santé ?,service_campus
"Petite question : Quelles ont les règles pour le retrait d’un cours , si possible ?",reglement
Est-il possible de savoir où consulter le code de conduite des étudiants ?,reglement
"Pardon, est-il possible de savoir quelles sont les matières principales en Informatique ?",formation
Où déposer mon dossier pour demander un relevé officiel ?,procedure_administrative
J’aimerais savoir : Existe-t-il un minimum de crédits ou de moyenne par semestre ?,reglement
Où puis-je imprimer mes documents sur le campus ?,service_campus
"Pardon, pourriez-vous me dire : Quelles sont les règles pour le retrait d’un cours ?",reglement
Pourriez-vous me dire : Où se trouve la gymnase ?,service_campus
Petite question : comment obtenir une convention de stage ?,procedure_administrative
Comment réussir le prochain module de statistiques ?,formation
Est-il possible de savoir puis-je changer de majeure ou de spécialisation en cours d’année … ?,formation
Quel est l’horaire du cours de robotique avec le professeur Bennani ?,emploi_du_temps
Pourriez-vous me dire : Quel est l’horaire du cours de biologie cellulaire avec le professeur Bennani ?,emploi_du_temps
"Est-il possible de savoir le ENT ne fonctionne pas, que puis-je faire ?",service_campus
Pourriez-vous me dire : Existe-t-il un minimum de crédits ou de moyenne par semestre ?,reglement
Pourriez-vous me dire : Pouvez-vous me donner l’emploi du temps du semestre de printemps pour programmation Python ?,emploi_du_temps
Quels sont les prérequis pour le parcours data science ?,formation
"Pardon, comment demander un relevé officiel ?",procedure_administrative
Quelles sont les UE obligatoires pour le MBA Finance ?,formation
"Excusez-moi, puis-je réserver une salle de travail ou un terrain de sport ?",service_campus
"Bonsoir, est-il possible de savoir à quelle heure commencent les TD de chimie organique ?",emploi_du_temps
J’aimerais savoir quand se déroule le cours de économie. ?,emploi_du_temps
Pourriez-vous me dire : Où puis-je imprimer mes documents sur le campus ?,service_campus
À quelle heure commencent les TD de statistiques appliquées ?,emploi_du_temps
Pourriez-vous me dire : Comment payer mes frais de scolarité ?,procedure_administrative
Petite question : pouvez-vous me donner l’emploi du temps du semestre de printemps pour chimie organique ?,emploi_du_temps
"Pardon, j’aimerais savoir : Où soumettre la demande de carte étudiante ?",procedure_administrative
Comment me connecter au portail étudiant de l’université  ??,service_campus
Pourriez-vous me dire : Comment me connecter au VPN de l’université ?,service_campus
Quels documents sont requis pour un changement de parcours ?,procedure_administrative
J’aimerais savoir : Où se trouve la gymnase ?,service_campus
Existe-t-il un minimum de crédits ou de moyenne par semestre ?,reglement
Quelle est la politique concernant le probation académique ?,reglement
J’aimerais savoir quand se déroule le cours de littérature moderne. — merci d’avance ?,emploi_du_temps
J’aimerais savoir : Combien de crédits faut-il pour se spécialiser en Lettres modernes  ??,formation
Combien d’absences sont autorisées avant une sanction ?,reglement
Quand a lieu le prochain cours de robotique ?,emploi_du_temps
J’aimerais savoir : Existe-t-il un minimum de crédits ou de moyenne par semestre ?,reglement
"Est-il possible de savoir où déposer mon dossier pour payer mes frais de scolarité , pour aujourd’hui ?",procedure_administrative
Puis-je changer de majeure ou de spécialisation en cours d’année  ??,formation
"Pouvez-vous me donner l’emploi du temps du semestre de printemps pour littérature moderne , pour aujourd’hui ?",emploi_du_temps
J’aimerais savoir : Quels documents sont requis pour un changement de parcours ?,procedure_administrative
"Pourriez-vous me dire : Puis-je réserver une salle de travail ou un terrain de sport , c’est urgent ?",service_campus
J’aimerais savoir : Où consulter le code de conduite des étudiants ?,reglement
Quels sont les prérequis pour le Licence Histoire ?,formation
"Le VPN ne fonctionne pas, que puis-je faire ?",service_campus
"J’ai perdu mes clés, où se situe le bureau des objets trouvés ?",service_campus
"Où déposer mon dossier pour payer mes frais de scolarité , pour aujourd’hui ?",procedure_administrative
"S'il vous plaît, Pourriez-vous me dire : Quels documents sont requis pour un changement de parcours ?",procedure_administrative
"Puis-je changer de majeure ou de spécialisation en cours d’année , pour aujourd’hui ?",formation
"Pardon, quelle est la politique concernant le retards ?",reglement
Combien de crédits faut-il pour se spécialiser en Informatique ?,formation
"Y a-t-il un règlement spécifique pour les stages , merci d’avance ?",reglement
Pourriez-vous me dire : Où puis-je imprimer mes documents sur le campus ?,service_campus
Pourriez-vous me dire : Quelles sont les matières principales en Psychologie ?,formation
Pourriez-vous m’indiquer le créneau de psychologie cognitive  !?,emploi_du_temps
"Excusez-moi, pourriez-vous me dire : Quelle est la date limite pour la demande d’aide financière ?",procedure_administrative
Quelles sont les UE obligatoires pour le Master Robotique ?! ?,formation
"Bonsoir, comment réussir le prochain module de statistiques ?",formation
"Existe-t-il un minimum de crédits ou de moyenne par semestre , c’est urgent ?! ?",reglement
"Est-il possible de savoir où déposer mon dossier pour renouveler ma carte étudiante , c’est urgent ?",procedure_administrative
"Bonjour, où déposer mon dossier pour mettre à jour mon adresse ?",procedure_administrative
"S'il vous plaît, où déposer mon dossier pour demander un relevé officiel ?",procedure_administrative
Est-il possible de savoir puis-je changer de majeure ou de spécialisation en cours d’année ?,formation
Existe-t-il un minimum de crédits ou de moyenne par semestre ?,reglement
Où se trouve la centre de santé ?,service_campus
"S'il vous plaît, Pourriez-vous m’indiquer le créneau de microéconomie , pour la semaine prochaine ?",emploi_du_temps
"Excusez-moi, Le VPN ne fonctionne pas, que puis-je faire ?",service_campus
Quelles sont les UE obligatoires pour le Licence Histoire ?,formation
"Pourriez-vous me dire : comment mettre à jour mon adresse , merci d’avance ?",procedure_administrative
Pourriez-vous me dire : Quels sont les horaires d’ouverture de la bureau des carrières ?,service_campus
Est-il possible de savoir combien de crédits faut-il pour se spécialiser en Biologie ?,formation
Existe-t-il un minimum de crédits ou de moyenne par semestre ?,reglement
Quels sont les prérequis pour le Master Robotique ?,formation
Quels documents sont requis pour un changement de parcours ?,procedure_administrative
Où puis-je imprimer mes documents sur le campus ?,service_campus
Où se trouve la bibliothèque centrale ?,service_campus
"Bonsoir, Pouvez-vous me donner l’emploi du temps du semestre de automne pour économie ?",emploi_du_temps
Quelles sont les UE obligatoires pour le Parcours Data Science ?,formation
Quelle est la date limite pour l’inscription aux cours ?,procedure_administrative
"Quelle est la date limite pour la demande d’aide financière , pour aujourd’hui ?",procedure_administrative
"Bonjour, où puis-je imprimer mes documents sur le campus , si possible ?",service_campus
"J’ai perdu mes clés, où se situe le bureau des objets trouvés ?",service_campus
Existe-t-il un minimum de crédits ou de moyenne par semestre … ?,reglement
J’aimerais savoir : Combien de crédits faut-il pour se spécialiser en Lettres modernes ?,formation
Est-il possible de savoir y a-t-il un règlement spécifique pour les stages ?,reglement
Est-il possible de savoir combien d’absences sont autorisées avant une sanction ?,reglement
Combien d’absences sont autorisées avant une sanction ?,reglement
"J’aimerais savoir : Où et à quelle heure est mon cours du jeudi à 10h00 , si possible ?",emploi_du_temps
À quelle heure commencent les TD de droit public ?,emploi_du_temps
Où déposer mon dossier pour mettre à jour mon adresse ?,procedure_administrative
Que se passe-t-il en cas de triche à un examen ?,reglement
Quelles sont les UE obligatoires pour le MBA Finance ?,formation
Est-il possible de savoir quand a lieu le prochain cours de microéconomie ?,emploi_du_temps
Est-il possible de savoir où déposer mon dossier pour demander un relevé officiel ?,procedure_administrative
"Excusez-moi, quand a lieu le prochain cours de biologie cellulaire ?",emploi_du_temps
Y a-t-il un règlement spécifique pour les stages ?,reglement
Comment renouveler ma carte étudiante ?,procedure_administrative
Comment mettre à jour mon adresse ?,procedure_administrative
Comment demander un report d’admission ?,procedure_administrative
"Quels documents sont requis pour un changement de parcours , pour aujourd’hui ?",procedure_administrative
Que se passe-t-il en cas de triche à un examen ?,reglement
"Petite question : existe-t-il un minimum de crédits ou de moyenne par semestre , pour aujourd’hui ?",reglement
Comment réussir le prochain module de statistiques ?,formation
"Bonjour, quelle est la politique concerrrnant le plagiat ?",reglement
Où puis-je imprimer mes documents sur le campus ?,service_campus
Comment demander un report d’admission ?,procedure_administrative
Où déposer mon dossier pour demander un relevé officiel ?,procedure_administrative
"S'il vous plaît, où soumettre la demande de carte étudiante ?",procedure_administrative
"S'il vous plaît, où consulter le code de conduite des étudiants ?",reglement
Pourriez-vous me dire : Quelles sont les matières principales en Informatique ?,formation
Petite question : J’aimerais savoir : Y a-t-il un règlement spécifique pour les stages ?,reglement
"S'il vous plaît, j’aimerais savoir : Comment candidater pour la remise de diplôme ?",procedure_administrative
Y a-t-il un règlement spécifique pour les stages ?,reglement
Comment me connecter au VPN de l’universiiité ?,service_campus
J’aimerais savoir : Où soumettre la demande de carte étudiante ?,procedure_administrative
J’aimerais savoir : Quelle est la date limite pour l’abandon d’une UE ?,procedure_administrative
"Bonjour, comment demander un report d’admission ?",procedure_administrative
J’aimerais savoir : Où consulter le code de conduite des étudiants  !?,reglement
Où soumettre la demande de carte étudiante ?,procedure_administrative
"Le VPN ne fonctionne pas, que puis-je faire ?",service_campus
Quels documents sont requis pour un changement de parcours ?,procedure_administrative
Puis-je réserver une salle de travail ou un terrain de sport ?,service_campus
Quels documents sont requis pour un changement de parcours ?,procedure_administrative
Comment demander un report d’admission ?,procedure_administrative
Comment demander un relevé officiel ?,procedure_administrative
Quelles sont les UE obligatoires pour le Parcours Data Science ?,formation
J’aimerais savoir : Comment demander un report d’admission ?,procedure_administrative
J’aimerais savoir : Comment demander un relevé officiel … ?,procedure_administrative
"Pourriez-vous me dire : Que se passe-t-il en cas de triche à un examen , pour la semaine prochaine ?",reglement
"Comment renouveler ma carte étudiante , c’est urgent ?",procedure_administrative
"S'il vous plaît, Où et à quelle heure est mon cours du mardi à 8h30 ?",emploi_du_temps
"Bonjour, j’aimerais savoir : Pouvez-vous me donner l’emploi du temps du semestre de automne pour biologie cellulaire , c’est urgent ?",emploi_du_temps
Combien d’absences sont autorisées avant une sanction ?,reglement
"Excusez-moi, Pourriez-vous me dire : Combien de crédits faut-il pour se spécialiser en Psychologie … ?",formation
À quelle heure commencent les TD de statistiques appliquées ?,emploi_du_temps
"Pardon, combien de crédits faut-il pour se spécialiser en Psychlogie ?",formation
Comment réussir le prochain module de statistiques ?,formation
"Est-il possible de savoir quels sont les horaires d’ouverture de la bibliothèque centrale , pour aujourd’hui ?",service_campus
Est-il possible de savoir quelles sont les matières principales en Philosophie ?,formation
Puis-je réserver une salle de travail ou un terrain de sport ?,service_campus
"Bonsoir, quelle est la date limite pour l’abandon d’une UE , pour aujourd’hui ?",procedure_administrative
"Petite question : le ENT ne fonctionne pas, que puis-je faire , c’est urgent ?",service_campus
Quels documents sont requis pour un changement de parcours ?,procedure_administrative
Où soumettre la demande de carte étudiante ?,procedure_administrative
"Quels sont les prérequis pour le Licence Histoire , c’est urgent ?",formation
Est-il possible de savoir à quelle heure commencent les TD de statistiques appliquées ?,emploi_du_temps
"Bonjour, Pourriez-vous me dire : Quelle est la date limite pour l’abandon d’une UE ?",procedure_administrative
Comment réussir le prochain module de statistiques ?,formation
Existe-t-il un minimum de crédits ou de moyenne par semestre ?,reglement
Y a-t-il un règlement spécifique pour les stages ?,reglement
J’aimerais savoir : Puis-je changer de majeure ou de spécialisation en cours d’année ?,formation
Où et à quelle heure est mon cours du vendredi à 10h00 ?,emploi_du_temps
"Bonjour, Où se trouve la maison des étudiants , c’est urgent ?",service_campus
"Où déposer mon dossier pour candidater pour la remise de diplôme , c’est urgent ?",procedure_administrative
"S'il vous plaît, à quelle heure commencent les TD de statistiques appliquées  ??",emploi_du_temps
Est-il possible de savoir puis-je réserver une salle de travail ou un terrain de sport ?,service_campus
Pourriez-vous me dire : Quelles sont les matières principales en Philosophie ?,formation
Quels documents sont requis pour un changement de parcours ?,procedure_administrative
"Pardon, est-il possible de savoir comment obtenir une convention de stage ?",procedure_administrative
"Excusez-moi, Quelles sont les matières principales en Philosophie ?",formation
Petite question : Quels documents sont requis pour un changement de parcours ?,procedure_administrative
"Pardon, Comment obtenir une convention de stage , pour aujourd’hui ?",procedure_administrative
"Bonjour, quelles sont les règles pour le retrait d’un cours , si possible ?",reglement
Quel est l’horaire du cours de biologie cellulaire avec le professeur Anderson ?,emploi_du_temps
Pourriez-vous me dire : Y a-t-il un règlement spécifique pour les stages ?,reglement
"Bonsoir, pourriez-vous me dire : Où soumettre la demande de carte étudiante ?",procedure_administrative
Petite question : est-il possible de savoir quel est l’horaire du cours de programmation Python avec le professeur Martin ?,emploi_du_temps
Pourriez-vous m’indiquer le créneau de microéconomie  ??,emploi_du_temps
J’aimerais savoir : Quels documents sont requis pour un changement de parcours ?,procedure_administrative
Pouvez-vous me donner l’emploi du temps du semestre de automne pour algèbre avancée ?,emploi_du_temps
Quelles sont les UE obligatoires pour le Master Psychologie ?,formation
Quels documents sont requis pour un changement de parcours ?,procedure_administrative
Existe-t-il un minimum de crédits ou de moyenne par semestre ?,reglement
"S'il vous plaît, Pourriez-vous me dire : Où puis-je imprimer mes documents sur le campus ?",service_campus
"Bonjour, Comment renouveler ma carte étudiante  ??",procedure_administrative
Quelles sont les règles pour le retrait d’un cours ?,reglement
"Bonjour, j’aimerais savoir : Où consulter le code de conduite des étudiants ?",reglement
J’aimerais savoir : Que se passe-t-il en cas de triche à un examen ?,reglement
"Bonjour, Pouvez-vous me donner l’emploi du temps du semestre de automne pour littérature moderne ?",emploi_du_temps
Puis-je réserver une salle de travail ou un terrain de sport … ?,service_campus
"Où et à quelle heure est mon cours du mercredi à 8h30 , si possible ?",emploi_du_temps
Pourriez-vous me dire : Quelles sont les règles pour le retrait d’un cours ?,reglement
Où consulter le code de conduite des étudiants ?,reglement
Quels sont les prérequis pour le Master Psychologie ?,formation
Pouvez-vous me donner l’emploi du temps du semestre de automne pour robotique ?,emploi_du_temps
J’aimerais savoir : Quels documents sont requis pour un changement de parcours ?,procedure_administrative
"Le Wi-Fi ne fonctionne pas, queee puis-je faire ?",service_campus
"Pardon, Quelles sont les matières principales en Psychologie ?",formation
J’aimerais savoir : Quel est l’horaire du cours de économie avec le professeur Moreau ?,emploi_du_temps
Est-il possible de savoir pourriez-vous m’indiquer le créneau de microéconomie ?,emploi_du_temps
"Bonsoir, J’aimerais savoir : Pouvez-vous me donner l’emploi du temps du semestre de automne pour biologie cellulaire ?",emploi_du_temps
"S'il vous plaît, est-il possible de savoir y a-t-il un règlement spécifique pour les stages ?",reglement
Quelles sont les UE obligatoires pour le MBA Finance … ?,formation
"Bonjour, combien de crédits faut-il pour se spécialiser en Informatique , pour la semaine prochaine ?",formation
Quelles sont les matières principales en Lettres modernes ?,formation
Quand a lieu le prochain cours de chimie organique ?,emploi_du_temps
Où déposer mon dossier pour demander un relevé officiel ?,procedure_administrative
Petite question : pouvez-vous me donner l’emploi du temps du semestre de printemps pour programmation Python ?,emploi_du_temps
Pourriez-vous me dire : À quelle heure commencent les TD de algèbre avancée … ?,emploi_du_temps
"Le ent ne fonctionne pas, que puis-je faire ?",service_campus
Est-il possible de savoir puis-je changer de majeure ou de spécialisation en cours d’année ?,formation
Pourriez-vous me dire : À quelle heure commencent les TD de algèbre avancée  ??,emploi_du_temps
"Bonsoir, est-il possible de savoir j’ai perdu mes clés, où se situe le bureau des objets trouvés ?",service_campus
"Où et à quelle heure est mon cours du mardi à 10h00 , si possible ?",emploi_du_temps
"Bonsoir, combien d’absences sont autorisées avant une sanction ?",reglement
"Puis-je réserver une salle de travail ou un terrain de sport , si possible ?",service_campus
Pourriez-vous me dire : Existe-t-il un minimum de crédits ou de moyenne par semestre ?,reglement
"Est-il possible de savoir j’ai perdu mes clés, où se situe le bureau des objets trouvés … ?",service_campus
Existe-t-il un minimum de crédits ou de moyenne par semestre ?,reglement
"Pourriez-vous m’indiquer le créneau de chimie organique , pour la semaine prochaine ?",emploi_du_temps
"Bonsoir, Y a-t-il un règlement spécifique pour les stages , pour aujourd’hui ?",reglement
Pourriez-vous m’indiquer le créneau de robotique ?,emploi_du_temps
"J’aimerais savoir : Pouvez-vous me donner l’emploi du temps du semestre de été pour analyse de données , c’est urgent  !?",emploi_du_temps
Comment mettre à jour mon adresse ?,procedure_administrative
Est-il possible de savoir comment demander un report d’admission ?,procedure_administrative
"Pardon, Y a-t-il un règlement spécifique pour les stages ?",reglement
À quelle heure commencent les TD de biologie cellulaire ?,emploi_du_temps
J’aimerais savoir : Où et à quelle heure est mon cours du mercredi à 16h30 ?,emploi_du_temps
Où soumettre la demande de carte étudiante ?,procedure_administrative
Y a-t-il un règlement spécifique pour les stages ?,reglement
"Pardon, pourriez-vous me dire : Y a-t-il un règlement spécifique pour les stages ?",reglement
Pourriez-vous me dire : Où soumettre la demande de carte étudiante ?,procedure_administrative
J’aimerais savoir : Combien de crédits faut-il pour se spécialiser en Informatique ?! ?,formation
Existe-t-il un minimum de crédits ou de moyenne par semestre ?,reglement
Où et à quelle heure est mon cours du jeudi à 10h00 ?,emploi_du_temps
Comment demander un report d’admission ?,procedure_administrative
"Bonjour, quelles sont les UE obligatoires pour le Master Robotique ?",formation
"Pardon, j’aimerais savoir quand se déroule le cours de psychologie cognitive. ?",emploi_du_temps
Est-il possible de savoir où déposer mon dossier pour obtenir une convention de stage ?,procedure_administrative
J’aimerais savoir : Où déposer mon dossier pour renouveler ma carte étudiante ?,procedure_administrative
"Y a-t-il un règlement spécifique pour les stages , c’est urgent ?! ?",reglement
Est-il possible de savoir quels documents sont requis pour un changement de parcours ?,procedure_administrative
"Pardon, Pourriez-vous me dire : Où se trouve la bibliothèque centrale ?",service_campus
Pourriez-vous me dire : Quelle est la politique concernant le plagiat ?,reglement
Pouvez-vous me donner l’emploi du temps du semestre de automne pour économie ?,emploi_du_temps
"Excusez-moi, Est-il possible de savoir combien d’absences sont autorisées avant une sanction ?",reglement
Où se trouve la centre de santé ?,service_campus
Est-il possible de savoir quelles sont les matières principales en Lettres modernes ?,formation
"Comment obtenir une convention de stage , pour la semaine prochaine  ??",procedure_administrative
Y a-t-il un règlement spécifique pour les stages ?,reglement
"Pardon, Pourriez-vous me dire : Quelles sont les règles pour le retrait d’un cours ?",reglement
"Pourriez-vous me dire : Comment reussir le prochain module de statistiques , pour la semaine prochaine ?",formation
"Pardon, quel est l’horaire du cours de économie avec le professeur Anderson ?",emploi_du_temps
"Bonjour, Où soumettre la dmande de carte étudiante ?",procedure_administrative
Comment me connecter au portail étudiant de l’université ?,service_campus
Quels documents sont requis pour un changement de parcours ?,procedure_administrative
"Pardon, Est-il possible de savoir où déposer mon dossier pour obtenir une convention de stage ?",procedure_administrative
"Bonsoir, Pourriez-vous me dire : A quelle heure commencent les TD de analyse de donnees ?",emploi_du_temps
"Bonjour, où déposer mon dossier pour candidater pour la remise de diplôme ?",procedure_administrative
Petite question : Où soumettre la demande de carte étudiante ?,procedure_administrative
Où consulter le code de conduite des étudiants … ?,reglement
"Excusez-moi, Où puis-je imprimer mes documents sur le campus , pour aujourd’hui ?",service_campus
"Combien de crédits faut-il pour se spécialiser en Biologie , si possible  !?",formation
"Bonsoir, combien de crédits faut-il pour se spécialiser en Philosophie ?",formation
"Pardon, Pouvez-vous me donner l’emploi du temps du semestre de été pour chimie organique ?",emploi_du_temps
"J’ai perdu mes clés, où se situe le bureau des objets trouvés ?",service_campus
"Petite question : quelles sont les UE obligatoires pour le Parcours Data Science , c’est urgent ?",formation
J’aimerais savoir quand se déroule le cours de programmation Python. ?,emploi_du_temps
Petite question : j’aimerais savoir : Où et à quelle heure est mon cours du jeudi à 10h00 ?,emploi_du_temps
Petite question : où se trouve la service logement ?,service_campus
Où et à quelle heure est mon cours du jeudi à 16h30 ?,emploi_du_temps
Comment réussir le prochain module de statistiques ?,formation
Comment réussir le prochain module de statistiques  !?,formation
Pouvez-vous me donner l’emploi du temps du semestre de automne pour algèbre avancée ?,emploi_du_temps
Quelles sont les règles pour le retrait d’un cours ?! ?,reglement
"Bonjour, Quelles sont les règles pour le retrait d’un cours ?",reglement
Y a-t-il un règlement spécifique pour les stages ?,reglement
Pourriez-vous me dire : Quelle est la politique concernant le probation académique ?,reglement
Pourriez-vous me dire : Quels sont les prérequis pour le Parcours Data Science ?,formation
Existe-t-il un minimum de crédits ou de moyenne par semestre ?,reglement
"Excusez-moi, j’ai perdu mes clés, où se situe le bureau des objets trouvés ?",service_campus
J’aimerais savoir : Quels sont les horaires d’ouverture de la bureau des carrières ?,service_campus
Puis-je réserver une salle de travail ou un terrain de sport ?,service_campus
"Est-il possible de savoir quelle est la politique concernant le absence aux cours , si possible ?",reglement
"Bonjour, j’ai perdu mes clés, où se situe le bureau des objets trouvés , si possible ?",service_campus
"Excusez-moi, J’aimerais savoir : J’aimerais savoir quand se déroule le cours de économie ?",emploi_du_temps
"Excusez-moi, y a-t-il un règlement spécifique pour les stages … ?",reglement
"S'il vous plaît, j’aimerais savoir : Comment demander un relevé officiel , c’est urgent ?",procedure_administrative
"Bonjour, J’aimerais savoir : Puis-je réserver une salle de travail ou un terrain de sport ?",service_campus
Où soumettre la demanded e carte étudiante ?,procedure_administrative
"Quels sont les prérequis pour le MBA Finance , pour aujourd’hui ?",formation
"À quelle heure commencent les TD de économie , pour la semaine prochaine ?",emploi_du_temps
Quand a lieu le prochain cours de robotique ?,emploi_du_temps
"Bonjour, quel est l’horaire du cours de biologie cellulaire avec le professeur Dubois  ??",emploi_du_temps
J’aimerais savoir : quelle est la politique concernant le absence aux cours ?,reglement
"Pouvez-vous me donner l’emploi du temps du semestre de été pour psychologie cognitive , c’est urgent ?",emploi_du_temps
"Bonsoir, Pourriez-vous me dire : Comment me connecter au portail étudiant de l’université  !?",service_campus
Où consulter le code de conduite des étudiants ?,reglement
Quelle est la politique concernant le plagiat ?,reglement
Y a-t-il un règlement spécifique pour les stages … ?,reglement
Où se trouve la gymnase ?,service_campus
"Pourriez-vous me dire : Où puis-je imprimer mes documents sur le campus , merci d’avance ?",service_campus
"Pourriez-vous me dire : Le VPN ne fonctionne pas, que puis-je faire ?! ?",service_campus
Que se passe-t-il en cas de triche à un examen ?,reglement
"Excusez-moi, comment renouveler ma carte étudiante ?",procedure_administrative
"Bonjour, pourriez-vous me dire : Quels documents sont requis pour un changement de parcours ?",procedure_administrative
Pourriez-vous m’indiquer le créneau de droit public ?,emploi_du_temps
Comment demander un report d’admission ?,procedure_administrative
Quand a lieu le prochain cours de biologie cellulaire ?,emploi_du_temps
Où et à quelle heure est mon cours du vendredi à 14h00 ?,emploi_du_temps
Pourriez-vous me dire : Quelles sont les matières principales en Informatique ?,formation
J’aimerais savoir : Où déposer mon dossier pour renouveler ma carte étudiante ?,procedure_administrative
"Est-il possible de savoir pourriez-vous m’indiquer le créneau de algèbre avancée , pour aujourd’hui ?",emploi_du_temps
Comment me connecter au portail étudiant de l’université ?,service_campus
"Pardon, j’ai perdu mes clés, où se situe le bureau des objets trouvés , c’est urgent ?",service_campus
"Bonsoir, est-il possible de savoir j’ai perdu mes clés, où se situe le bureau des objets trouvés , c’est urgent ?",service_campus
"Quelle est la politique concernant le probation académique , si possible ?",reglement
"Le portail étudiant ne fonctionne pas, que puis-je faire ?",service_campus
Est-il possible de savoir quelles sont les règles pour le retrait d’un cours ?,reglement
Pourriez-vous m’indiquer le créneau de psychologie cognitive ?,emploi_du_temps
Pouvez-vous me donner l’emploi du temps du semestre de automne pour littérature moderne ?,emploi_du_temps
"Bonsoir, Où se trouve la bibliothèque centrale ?",service_campus
J’aimerais savoir : Pouvez-vous me donner l’emploi du temps du semestre de automne pour biologie cellulaire ?,emploi_du_temps
Où et à quelle heure est mon cours du vendredi à 10h00 ?,emploi_du_temps
J’aimerais savoir : Où puis-je imprimer mes documents sur le campus ?,service_campus
Où soumettre la demande de carte étudiante ?,procedure_administrative
Quels documents sont requis pour un changement de parcours ?,procedure_administrative
Petite question : combien de crédits faut-il pour se spécialiser en Lettres modernes ?,formation
"S'il vous plaît, pourriez-vous me dire : Quelles sont les règles pour le retrait d’un cours ?",reglement
"Excusez-moi, quelle est la date limite pour l’inscription aux cours , merci d’avance ?",procedure_administrative
Pourriez-vous me dire : Quelles sont les matières principales en Informatique ?,formation
Quelles sont les UE obligatoires pour le Master Robotique ?,formation
Puis-je changer de majeure ou de spécialisation en cours d’année ?,formation
"S'il vous plaît, où déposer mon dossier pour obtenir une convention de stage ?",procedure_administrative
"Excusez-moi, Est-il possible de savoir quel est l’horaire du cours de statistiques appliquées avec le professeur Martin  ??",emploi_du_temps
Quelle est la politique concernant le rattrapage d’examen ?,reglement
Puis-je changer de majeure ou de spécialisation en cours d’année ?,formation
Que se passe-t-il en cas de triche à un examen ?,reglement
Y a-t-il un règlement spécifique pour les stages ?,reglement
Comment réussir le prochain module de statistiques ?,formation
Est-il possible de savoir combien d’absences sont autorisées avant une sanction ?,reglement
"S'il vous plaît, où se trouve la gymnase , pour la semaine prochaine ?",service_campus
"J’aimerais savoir : Le Wi-Fi ne fonctionne pas, que puis-je faire … ?",service_campus
"Pourriez-vous me dire : Pourriez-vous m’indiquer le créneau de économie , merci d’avance ?",emploi_du_temps
Où consulter le code de conduite des étudiants ?,reglement
Est-il possible de savoir quels sont les horaires d’ouverture de la gymnaseee ?,service_campus
Comment payer mes frais de scolarité  !?,procedure_administrative
J’aimerais savoir : J’aimerais savoir quand se déroule le cours de microéconomie  ??,emploi_du_temps
Puis-je réserver une salle de travail ou un terrain de sport ?,service_campus
"S'il vous plaît, quelles sont les UE obligatoires pour le MBA Finance ?",formation
"Où déposer mon dossier pour candidater pour la remise de diplôme , c’est urgent ?",procedure_administrative
"S'il vous plaît, pourriez-vous m’indiquer le créneau de littérature moderne ?",emploi_du_temps
Y a-t-il un règlement spécifique pour les stages ?,reglement
J’aimerais savoir : Quels sont les horaires d’ouverture de la service logement ?,service_campus
À quelle heure commencent les TD de algèbre avancée ?,emploi_du_temps
Est-il possible de savoir quelles sont les matières principales en Philosophie ?,formation
"Bonjour, Pourriez-vous me dire : Quelles sont els règles pour le retrait d’un cours ?",reglement
Où déposer mon dossier pour obtenir une convention de stage ?,procedure_administrative
Où puis-je imprimer mes documents sur le campus ?,service_campus
Pourriez-vous m’indiquer le créneau de biologie cellulaire ?,emploi_du_temps
"Quels sont les horaires d’ouverture de la bureau des carrières , pourrr la semaine prochaine ?",service_campus
"Excusez-moi, comment renouveler ma carte étudiante ?",procedure_administrative
Pourriez-vous me dire : Quels documents sont requis pour un changement de parcours ?,procedure_administrative
Quel est l’horaire du cours de analyse de données avec le professeur Nguyen  !?,emploi_du_temps
"À quelle heure commencent les TD de microéconomie , merci d’avance ?",emploi_du_temps
"Comment payer mes frais de scolarité , c’est urgent ?",procedure_administrative
Petite question : J’aimerais savoir : Comment réussir le prochain module de statistiques ?,formation
"Bonjour, Comment me connecter au portail étudiant de l’université ?",service_campus
Quand a lieu le prochain cours de économie ?,emploi_du_temps
Puis-je réserver une salle de travail ou un terrain de sport ?,service_campus
"S'il vous plaît, où déposer mon dossier pour mettre à jour mon adresse ?",procedure_administrative
Combien d’absences sont autorisées avant une sanction ?,reglement
Quelle st la politique concernant le absence aux cours ?,reglement
"S'il vous plaît, Où se trouve la service logement ?",service_campus
Est-il possible de savoir où puis-je imprimer mes documents sur le campus ?,service_campus
Où déposer mon dossier pour obtenir une convention de stage ?,procedure_administrative
Est-il possible de savoir existe-t-il un minimum de crédits ou de moyenne par semestre ?,reglement
Comment candidater pour la remise de diplôme ?,procedure_administrative
Où consulter le code de conduite des étudiants ?,reglement
"Petite question : Quel est l’horaire du cours de analyse de données avec le professeur Dupont , c’est urgent ?",emploi_du_temps
"Bonsoir, pourriez-vous me dire : Quelle est la politique concernant le retards ?",reglement
Puis-je changer de majeure ou de spécialisation en cours d’année … ?,formation
"Pardon, est-il possible de savoir que se passe-t-il en cas de triche à un examen , merci d’avance ?",reglement
Combien d’absences sont autorisées avant une sanction ?,reglement
"Bonsoir, Quelles sont les UE obligatoires pour le Master Robotique ?",formation
"Excusez-moi, J’aimerais savoir : Combien de crédits faut-il pour se spécialiser en Biologie ?",formation
Où et à quelle heure est mon cours du lundi à 10h00 ?,emploi_du_temps
"J’aimerais savoir : puis-je changer de majeure ou de spécialisation en cours d’année , pour la semaine prochaine ?",formation
Comment me connecter au VPN de l’université ?,service_campus
"Bonjour, Comment renouveler ma carte étudiante ?",procedure_administrative
Quels sont les prérequis pour le Parcours Data Science ?,formation
Est-il possible de savoir quelles sont les règles pour le retrait d’un cours ?,reglement
Où consulter le code de conduite des étudiants ?,reglement
Quel est l’horaire du cours de analyse de données avec le professeur bennani ?,emploi_du_temps
Comment demander un report d’admission ?,procedure_administrative
J’aimerais savoir quand se déroule le cours de biologie cellulaire. ?,emploi_du_temps
"J’aimerais savoir : Quels documents sont requis pour un changement de parcours , si possible ?",procedure_administrative
"Excusez-moi, puis-je réserver une salle de travail ou un terrain de sport ?",service_campus
Est-il possible de savoir comment demander un report d’admission ?,procedure_administrative
J’aimerais savoir : Où déposer mon dossier pour payer mes frais de scolarité ?,procedure_administrative
Pourriez-vous me dire : Quels sont les prérequis pour le Licence Histoire ?,formation
"Bonjour, quand a lieu le prochain cours de économie ?",emploi_du_temps
"J’aimerais savoir : Où soumettre la demande de carte étudiante , merci d’avance ?",procedure_administrative
"Quel est l’horaire du cours de littérature moderne avec le professeur Martin , pour la semaine prochaine ?",emploi_du_temps
"Bonjour, Est-il possible de savoir où déposer mon dossier pour candidater pour la remise de diplôme ?",procedure_administrative
"Est-il possible de savoir comment réussir le prochain module de statistiques , pour aujourd’hui ?",formation
Pourriez-vous me dire : Comment réussir le prochain module de statistiques ?,formation
Existe-t-il un minimum de crédits ou de moyenne par semestre ?,reglement
Est-il possible de savoir j’aimerais savoir quand se déroule le cours de robotique ?,emploi_du_temps
Existe-t-il un minimum de crédits ou de moyenne par semestre ?,reglement
"J’ai perdu mes clés, où se situe le bureau des objets trouvés , si possible ?",service_campus
J’aimerais savoir : Pourriez-vous m’indiquer le créneau de statistiques appliquées ?,emploi_du_temps
"Bonsoir, quels documents sont requis pour un changement de parcours , pour la semaine prochaine ?",procedure_administrative
Où soumettre la demande de carte étudiante  !?,procedure_administrative
Combien de crédits faut-il pour se spécialiser en Informatique ?,formation
"Le portail étudiant ne fonctionne pas, que puis-je faire ?",service_campus
Pourriez-vous me dire : Quelles sont les matières principales en Psychologie … ?,formation
"J’aimerais savoir : Le Wi-Fi ne fonctionne pas, que puis-je faire ?",service_campus
Comment réussir le prochain module de statistiques ?,formation
J’aimerais savoir : Comment demander un report d’admission  !?,procedure_administrative
"S'il vous plaît, Quels documents sont reqqquis pour un changement de parcours , pour aujourd’hui ?",procedure_administrative
"Bonjour, Quelle est la date limite pour l’abandon d’une UE ?",procedure_administrative
Est-il possible de savoir comment demander un report d’admission ?,procedure_administrative
Pourriez-vous me dire : Comment obtenir une convention de stage ?,procedure_administrative
Quels documents sont requis pour un changement de parcours ?,procedure_administrative
J’aimerais savoir : Quelle est la date limite pour l’abandon d’une UE ?,procedure_administrative
"Pardon, combien d’absences sont autorisées avant une sanction ?",reglement
"Petite question : j’aimerais savoir : Quel est l’horaire du cours de biologie cellulaire avec le professeur Leroy , pour la semaine prochaine  !?",emploi_du_temps
"Y a-t-il un règlement spécifique pour les stages , pour la semaine prochaine ?",reglement
"S'il vous plaît, Pouvez-vous me donner l’emploi du temps du semestre de été pour chimie organique , c’est urgent ?",emploi_du_temps
"Quel est l’horaire du cours de droit public avec le professeur Dubois , c’est urgent ?",emploi_du_temps
"Pardon, J’ai perdu mes clés, où se situe le bureau des objets trouvés ?",service_campus
"J’ai perdu mes clés, où se situe le bureau des objets trouvés , pour aujourd’hui ?",service_campus
Où consulter le code de conduite des étudiants ?,reglement
Est-il possible de savoir à quelle heure commencent les TD de économie ?,emploi_du_temps
Pourriez-vous me dire : Comment demander un relevé officiel ?,procedure_administrative
"J’aimerais savoir : Où et à quelle heure est mon cours du mardi à 14h00 , merci d’avance ?",emploi_du_temps
"Où soumettre la demande de carte étudiante , si possible ?",procedure_administrative
"Quelle est la date limite pour l’inscription aux cours , si possible ?",procedure_administrative
Combien de crédits faut-il pour se spécialiser en Psychologie ?,formation
Quelle est la politique concernant le probation académique ?,reglement
Où consulter le code de conduite des étudiants ?,reglement
Quels sont les horaires d’ouverture de la centre de santé ?,service_campus
"Pourriez-vous m’indiquer le créneau de robotique , si possible ?",emploi_du_temps
Est-il possible de savoir quels documents sont requis pour un changement de parcours  ??,procedure_administrative
"Pardon, J’aimerais savoir : Pouvez-vous me donner l’emploi du temps du semestre de automne pour analyse de données ?",emploi_du_temps
"Quels documents sont requis pour un changement de parcours , pour aujourd’hui ?",procedure_administrative
J’aimerais savoir : Que se passe-t-il en cas de triche à un examen ?,reglement
Quelle est la politique concernant le plagiat ?,reglement
Petite question : quelle est la politique concernant le rattrapage d’examen … ?,reglement
"Bonsoir, où déposer mon dossier pour mettre à jour mon adresse ?",procedure_administrative
Existe-t-il un minimum de crédits ou de moyenne par semestre ?,reglement
"S'il vous plaît, pourriez-vous me dire : À quelle heure commencent les TD de robotique ?",emploi_du_temps
"Bonjour, Quelles sont les règles pour le retrait d’un cours ?",reglement
J’aimerais savoir : Y a-t-il un règlement spécifique pour les stages ?,reglement
Comment réussir le prochain module de statistiques ?! ?,formation
Quels documents sont requis pour un changement de parcours ?,procedure_administrative
Pourriez-vous me dire : J’aimerais savoir quand se déroule le cours de littérature moderne ?,emploi_du_temps
Où consulter le code de conduite des étudiants ?,reglement
Puis-je réserver une salle de travail ou un terrain de sport ?,service_campus
Comment demander un report d’admission … ?,procedure_administrative
Quelle est la politique concernant le plagiat ?,reglement
Puis-je réserver une salle de travail ou un terrain de sport ?,service_campus
"Est-il possible de savoir le VPN ne fonctionne pa,s que puis-je faire ?",service_campus
Où soumettre la demande de carte étudiante ?,procedure_administrative
Est-il possible de savoir quel est l’horaire du cours de algèbre avancée avec le professeur Leroy ?,emploi_du_temps
Est-il possible de savoir comment réussir le prochain module de statisiques … ?,formation
Puis-je réserver une salle de travail ou un terrain de sport  ??,service_campus
"Y a-t-il un règlement spécifique pour les stages , pour aujourd’hui ?",reglement
Quel est l’horaire du cours de robotique avec le professeur Bennani ?,emploi_du_temps
Où soumettre la demande de carte étudiante  ??,procedure_administrative
"Combien de crédits faut-il pour se spécialiser en Biologie , pour la semaine prochaine ?",formation
"Pardon, est-il possible de savoir quelles sont les UE obligatoires pour le Master Robotique ?",formation
Quand a lieu le prochain cours de programmation Python ?,emploi_du_temps
Pourriez-vous me dire : Pouvez-vous me donner l’emploi du temps du semestre de été pour économie ?,emploi_du_temps
Pourriez-vous me dire : Quelle est la politique concernant le retards ?,reglement
Pourriez-vous me dire : Puis-je réserver une salle de travail ou un terrain de sport ?,service_campus
"Comment réussir le prochain module de statistiques , merci d’avance ?",formation
Où déposer mon dossier pour obtenir une convention de stage ?,procedure_administrative
"S'il vous plaît, puis-je changer de majeure ou de spécialisation en cours d’année ?",formation
Pouvez-vous me donner l’emploi du temps du semestre de été pour robotique ?,emploi_du_temps
"Où déposer mon dossier pour payer mes frais de scolarité , pour aujourd’hui ?",procedure_administrative
"J’aimerais savoir : Le VPN ne fonctionne pas, que puis-je faire ?",service_campus
Où soumettre la demande de carte étudiante ?,procedure_administrative
Est-il possible de savoir puis-je réserver une salle de travail ou un terrain de sport ?,service_campus
"Comment réussir le prochain module de statistiques , si possible ?",formation
Est-il possible de savoir où puis-je imprimer mes documents sur le campus  !?,service_campus
Quels documents sont requis pour un changement de parcours  ??,procedure_administrative
"Bonjour, J’aimerais savoir : Y a-t-il un règlement spécifique pour les stages ?",reglement
Quelle est la politique concernant le plagiat ?! ?,reglement
Pourriez-vous me dire : Pourriez-vous m’indiquer le créneau de littérature moderne  ??,emploi_du_temps
Quelles sont les règles pour le retrait d’un cours ?,reglement
Quelles sont les matières principales en Psychologie ?,formation
"Bonsoir, Pourriez-vous me dire : Quand a lieu le prochain cours de analyse de données ?",emploi_du_temps
Comment me connecter au portail étudiant de l’université ?,service_campus
Existe-t-il un minimum de crédits ou de moyenne par semestre ?,reglement
"S'il vous plaît, Que se passe-t-il en cas de triche à un examen ?",reglement
"Pardon, Combien de crédits faut-il pour se spécialiser en Psychologie ?",formation
"Que se passe-t-il en cas de triche à un examen , pour aujourd’hui … ?",reglement
Puis-je réserver une salle de travail ou un terrain de sport ?,service_campus
"Pardon, Quelles sont les règles pour le retrait d’un cours , pour la semaine prochaine ?",reglement
"Quelles sont les règles pour le retrait d’un cours , c’est urgent ?",reglement
Pus-je réserver une salle de travail ou un terrain de sport ?,service_campus
"Pardon, quels sont les horaires d’ouverture de la bibliothèque centrale ?",service_campus
Où soumettre la demande de carte étudiante ?,procedure_administrative
Où puis-je imprimer mes documents sur le campus ?,service_campus
"Pardon, J’aimerais savoir : J’ai perdu mes clés, où se situe le bureau des objets trouvés ?",service_campus
"Où consulter le code de conduite des étudiants , pour la semaine prochaine ?",reglement
J’aimerais savoir : Existe-t-il un minimum de crédits ou de moyenne par semestre ?,reglement
Est-il possible de savoir où consulter le code de conduite des étudiants  ??,reglement
Existe-t-il un minimum de crédits ou de moyenne par semestre ?,reglement
Où et à quelle heure est mon cours du mardi à 16h30 ?,emploi_du_temps
"S'il vous plaît, quels documents sont requis pour un changement de parcours ?",procedure_administrative
Où se trouve la maison des étudiants ?,service_campus
"S'il vous plaît, Pourriez-vous me dire : Quelles sont les UE obligatoires pour le MBA Finance , si possible ?! ?",formation
"S'il vous plaît, quand a lieu le prochain cours de robotique ?",emploi_du_temps
Pourriez-vous m’indiquer le créneau de microéconomie ?! ?,emploi_du_temps
Combien d’absences sont autorisées avant une sanction  !?,reglement
"Pardon, J’aimerais savoir quand se déroule le cours de microéconomie. ?",emploi_du_temps
"J’aimerais savoir : Que se passe-t-il en cas de triche à un examen , merci d’avance … ?",reglement
Pourriez-vous me dire : Quels sont les prérequis pour le Master Robotique ?,formation
"Pourriez-vous me dire : Quels sont les horaires d’ouverture de la bibliothèque cntrale , si possible ?",service_campus
"Le Wi-Fi ne fonctionne pas, que puis-je faire ?",service_campus
"Bonsoir, j’aimerais savoir : Où et à quelle heure est mon cours du mercredi à 14h00 ?",emploi_du_temps
Quelles sont les règles pour le retrait d’un cours ?,reglement
"Quelles sont les règles pour le retrait d’un cours , pour aujourd’hui ?",reglement
Pouvez-vous me donner l’emploi du temps du semestre de automne pour économie ?,emploi_du_temps
"S'il vous plaît, Où et à quelle heure est mon cours du lundi à 8h30 ?",emploi_du_temps
"J’ai perdu mes clés, où se situe le bureau des objets trouvés ?",service_campus
Où soumettre la demande de carte étudiante ?,procedure_administrative
"Pourriez-vous me dire : Puis-je réserver une salle de travail ou un terrain de sport , c’est urgent ?",service_campus
Où soumettre la demande de carte étudiante ?,procedure_administrative
"J’aimerais savoir : Quand a lieu le prochain cours de microéconomie , pour aujourd’hui ?",emploi_du_temps
Quelle est la date limite pour la demande d’aide financière ?,procedure_administrative
"Petite question : J’ai perdu mes clés, où se situe le bureau des objets trouvés , si possible  ??",service_campus
Est-il possible de savoir pouvez-vous me donner l’emploi du temps du semestre de été pour robotique ?,emploi_du_temps
Où se trouve la gymnase  !?,service_campus
"Excusez-moi, Comment me connecter au VPN de l’université ?",service_campus
Quelles sont les règles pour le retrait d’un cours ?,reglement
"J’aimerais savoir : Le VPN ne fonctionne pas, que puis-je faire , si possible ?",service_campus
Pourriez-vous me dire : Quels sont les prérequis pour le Master Robotique ?,formation
Pourriez-vous me dire : Puis-je réserver une salle de travail ou un terrain de sport ?,service_campus
"Quelles sont les règles pour le retrait d’un cours , si possible ?",reglement
"Pourriez-vous me dire : J’ai perdu mes clés, où se situe le bureau des objets trouvés  ??",service_campus
Pourriez-vous me dire : Pourriez-vous m’indiquer le créneau de analyse de données ?,emploi_du_temps
Pourriez-vous m’indiquer le créneau de droit public ?,emploi_du_temps
Où se trouve la maison des étudiants ?,service_campus
J’aimerais savoir : Quelles sont les règles pour le retrait d’un cours ?,reglement
Pourriez-vous m’indiquer le créneau e microéconomie ?,emploi_du_temps
Où et à quelle heure est mon cours du mercredi à 10h00 ?,emploi_du_temps
"Bonjour, est-il possible de savoir puis-je réserver une salle de travail ou un terrain de sport ?",service_campus
Est-il possible de savoir combien d’absences sont autorisées avant une sanction ?,reglement
Pouvez-vous me donner l’emploi du temps du semestre de été pour économie ?,emploi_du_temps
J’aimerais savoir : Puis-je réserver une salle de travail ou un terrain de sport ?,service_campus
J’aimerais savoir : Où puis-je imprimer mes documents sur le campus ?,service_campus
"Excusez-moi, quels sont les prérequis pour le Parcours Data Science ?",formation
Comment réussir le prochain module de statistiques ?,formation
Pouvez-vous me donner l’emploi du temps du semestre de printemps pour algèbre avancée ?,emploi_du_temps
"Pardon, Où soumettre la demande de carte étudiante  ??",procedure_administrative
J’aimerais savoir : Où et à quelle heure est mon cours du mardi à 16h30 ?,emploi_du_temps
"Pourriez-vous me dire : Combien d’absences sont autorisées avant une sanction , pour aujourd’hui ?",reglement
Petite question : est-il possible de savoir où se trouve la maison des étudiants ?,service_campus
Est-il possible de savoir à quelle heure commencent les TD de microéconomie ?,emploi_du_temps
À quelle heure commencent les TD de algèbre avancée ?,emploi_du_temps
J’aimerais savoir : Y a-t-il un règlement spécifique pour les stages ?,reglement
Existe-t-il un minimum de crédits ou de moyenne par semestre ?! ?,reglement
"J’aimerais savoir : Quand a lieu le prochain cours de littérature moderne , pour aujourd’hui ?",emploi_du_temps
Est-il possible de savoir existe-t-il un minimum de crédits ou de moyenne par semestre ?,reglement
J’aimerais savoir : Quels documents sont requis pour un changement de parcours ?,procedure_administrative
J’aimerais savoir : Où se trouve la centre de santé ?,service_campus
Quelle est la politique concernant le plagiat ?,reglement
Quelles sont les matières principales en Philosophie ?,formation
Comment demander un relevé officiel ?,procedure_administrative
Comment réussir le prochain module de statistiques ?,formation
"À quelle heure commencent les TD de biologie cellulaire , pour la semaine prochaine ?",emploi_du_temps
"Quels sont les horaires d’ouverture de la maison des étudiants , pour la semaine prochaine ?",service_campus
Quand a lieu le prochain cours de microéconomie ?,emploi_du_temps
Est-il possible de savoir comment demander un report d’admission ?,procedure_administrative
Pourriez-vous me dire : Quels documents sont requis pour un changement de parcours ?,procedure_administrative
J’aimerais savoir : Comment réussir le prochain module de statistiques ?,formation
"Pourriez-vous me dire : Puis-je changer de majeure ou de spécialisation en cours d’année , c’est urgent ?",formation
"Est-il possible de savoir à quelle heure commencent les TD de algèbre avancée , si possible ?",emploi_du_temps
J’aimerais savoir : À quelle heure commencent les TD de chimie organique ?,emploi_du_temps
"Pardon, Où et à quelle heure est mon cours du vendredi à 14h00 ?",emploi_du_temps
"S'il vous plaît, Combien d’absences sont autorisées avant une sanction ?",reglement
Quelles sont les UE obligatoires pour le Master Robotique ?! ?,formation
"Quel est l’horaire du cours de psychologie cognitive avec le professeur Moreau , pour la semaine prochaine ?",emploi_du_temps
Quelles sont les matières principales en Psychologie ?,formation
Petite question : que se passe-t-il en cas de triche à un examen ?,reglement
Quelles sont les matières principales en Lettres modernes ?,formation
"Quelle est la politique concernant le rattrapage d’examen , c’est urgent ?",reglement
Existe-t-il un minimum de crédits ou de moyenne par semestre ?,reglement
Quel est l’horaire du cours de microéconomie avec le professeur Anderson ?,emploi_du_temps
Combien d’absences sont autorisées avant une sanction ?,reglement
Pourriez-vous me dire : Pouvez-vous me donner l’emploi du temps du semestre de printemps pour microéconomie ?! ?,emploi_du_temps
"Petite question : comment me connecter au portail étudiant de l’université , merci d’avance ?",service_campus
"Petite question : le portail étudiant ne fonctionne pas, que puis-je faire , pour aujourd’hui ?",service_campus
Petite question : Pourriez-vous me dire : Quels documents sont requis pour un changement de parcours ?,procedure_administrative
"Bonsoir, Comment demander un report d’admission ?",procedure_administrative
Quels documents sont requis pour un changement de parcours ?,procedure_administrative
Quelles sont les UE obligatoires pour le MBA Finance ?,formation
J’aimerais savoir : Combien de crédits faut-il pour se spécialiser en Lettres modernes ?,formation
Pourriez-vous me dire : Où puis-je imprimer mes documents sur le campus ?,service_campus
J’aimerais savoir : Y a-t-il un règlement spécifique pour les stages ?,reglement
Où puis-je imprimer mes documents sur le campus ?,service_campus
Combien d’absences sont autorisées avant une sanction ?,reglement
Quelle est la date limite pour la demande d’aide financière ?,procedure_administrative
J’aimerais savoir : Où déposer mon dossier pour candidater pour la remise de diplôme ?,procedure_administrative
"J’aimerais savoir : J’ai perdu mes clés, où se situe le bureau des objets trouvés ?",service_campus
Où se trouve la service logement ?,service_campus
Pourriez-vous me dire : Où se trouve la bureau des carrières ?,service_campus
Comment renouveler ma carte étudiante ?,procedure_administrative
"Excusez-moi, j’aimerais savoir quand se déroule le cours de microéconomie. — c’est urgent ?",emploi_du_temps
"Pardon, quel est l’horaire du cours de biologie cellulaire avec le professeur Dubois … ?",emploi_du_temps
Où et à quelle heure est mon cours du jeudi à 14h00 ?,emploi_du_temps
"S'il vous plaît, Pourriez-vous me dire : Que se passe-t-il en cas de triche à un examen  ??",reglement
Est-il possible de savoir puis-je réserver une salle de travail ou un terrain de sport ?,service_campus
Quelles sont les UE obligatoires pour le Licence Histoire ?,formation
Comment demander un report d’admission ?,procedure_administrative
Quelles sont les règles pour le retrait d’un cours ?,reglement
Que se passe-t-il en cas de triche à un examen ?,reglement
"Bonjour, Où consulter le code de conduite des étudiants ?",reglement
"Bonsoir, Est-il possible de savoir quelle est la date limite pour l’abandon d’une UE ?",procedure_administrative
"Où se trouve la bureau des carrières , merci d’avance ?",service_campus
"Bonsoir, Quelle est la date limite pour la demande d’aide financière ?",procedure_administrative
Où déposer mon dossier pour renouveler ma carte étudiante  ??,procedure_administrative
Pouvez-vous me donner l’emploi du temps du semestre de printemps pour programmation Python ?,emploi_du_temps
"Excusez-moi, J’aimerais savoir : Quelles sont les règles pour le retrait d’un cours ?",reglement
Puis-je changer de majeure ou de spécialisation en cours d’année ?,formation
Petite question : quelle est la politique concernant le rattrapage d’examen ?,reglement
"Est-il possible de savoir où puis-je imprimer mes documents sur le campus , si possible ?",service_campus
"Pardon, Est-il possible de savoir où se trouve la service logement  !?",service_campus
Quelles sont les règles pour le retrait d’un cours  !?,reglement
Petite question : comment réussir le prochain module de statistiques ?,formation
Quelles sont les matières principales en Psychologie ?,formation
Comment me connecter au ENT de l’université ?,service_campus
Où et à quelle heure est mon cours du lundi à 10h00  ??,emploi_du_temps
Petite question : quels sont les horaires d’ouverture de la bibliothèque centrale ?,service_campus
Pourriez-vous me dire : Comment obtenir une convention de stage ?,procedure_administrative
Quelles sont les matières principales en Psychologie ?,formation
Pourriez-vous me dire : Quels documents sont requis pour un changement de parcours ?,procedure_administrative
Quels documents sont requis pour un changement de parcours ?! ?,procedure_administrative
J’aimerais savoir : Puis-je réserver une salle de travail ou un terrain de sport ?,service_campus
Où consulter le code de conduite des étudiants ?,reglement
Pourriez-vous me dire : Quels documents sont requis pour un changement de parcours ?,procedure_administrative
Pourriez-vous me dire : Quelles sont les matières principales en Biologie ?,formation
"Bonjour, est-il possible de savoir quelle est la politique concernant le rattrapage d’examen ?",reglement
Comment me connecter au VPN de l’université ?,service_campus
Où se trouve la gymnase ?,service_campus
"Excusez-moi, Quels sont les prérequis pour le Parcours Data Science ?",formation
"Bonjour, Pourriez-vous me dire : Où déposer mon dossier pour candidater pour la remise de diplôme ?",procedure_administrative
Pourriez-vous me dire : Quels sont les horaires d’ouverture de la bureau des carrières ?,service_campus
"Est-il possible de savoir le ENT ne fonctionne pas, que puis-je faire , merci d’avance ?",service_campus
Combien de crédits faut-il pour se spécialiser en Biologie ?,formation
Où déposer mon dossier pour payer mes frais de scolarité ?,procedure_administrative
"Pardon, Pourriez-vous me dire : Comment me connecter au portail étudiant de l’université , c’est urgent ?",service_campus
Combien de crédits faut-il pour se spécialiser en Biologie ?,formation
Quelles sont les règles pour le retrait d’un cours ?,reglement
"Pardon, Pourriez-vous me dire : Où soumettre la demande de carte étudiante ?",procedure_administrative
"Pardon, où puis-je imprimer mes documents sur le campus ?",service_campus
Petite question : est-il possible de savoir puis-je changer de majeure ou de spécialisation en cours d’année ?,formation
Où et à quelle heure est mon cours du jeudi à 10h00 ?,emploi_du_temps
"Bonjour, comment réussir le prochain module de statistiques ?",formation
"Bonsoir, où soumettre la demande de carte étudiante ?",procedure_administrative
"Bonsoir, Pourriez-vous me dire : Pouvez-vous me donner l’emploi du temps du semestre de automne pour robotique ?",emploi_du_temps
J’aimerais savoir : Où soumettre la demande de carte étudiante ?,procedure_administrative
Combien de crédits faut-il pour se spécialiser en Psychologie ?,formation
Quelles sont les UE obligatoires pour le Licence Histoire ?,formation
Où puis-je imprimer mes documents sur le campus ?,service_campus
"Pardon, où puis-je imprimer mes documents sur le campus ?",service_campus
"S'il vous plaît, Pourriez-vous me dire : Quelle est la date limite pour l’inscription aux cours ?",procedure_administrative
Pourriez-vous me dire : Où déposer mon dossier pour demander un relevé officiel ?,procedure_administrative
Où puis-je imprimer mes documents sur le campus ?,service_campus
Où soumettre la demande de carte étudiante ?,procedure_administrative
"Pardon, Comment renouveler ma carte etudiante ?",procedure_administrative
"Est-il possible de savoir comment réussir le prochain module de statistiques , c’est urgent ?",formation
"Quels sont les prérequis pour le Master Psychologie , merci d’avance ?",formation
Où soumettre la demande de carte étudiante ?,procedure_administrative
Où déposer mon dossier pour mettre à jour mon adresse … ?,procedure_administrative
J’aimerais savoir : Comment me connecter au Wi-Fi de l’université ?,service_campus
"Bonsoir, est-il possible de savoir comment payer mes frais de scolarité ?",procedure_administrative
Où déposer mon dossier pour obtenir une convention de stage ?,procedure_administrative
"Où consulter le code de conduite des étudiants , merci d’avance … ?",reglement
Pourriez-vous me dire : Combien de crédits faut-il pour se spécialiser en Informatique ?,formation
J’aimerais savoir : À quelle heure commencent les TD de algèbre avancée ?,emploi_du_temps
Petite question : Pourriez-vous me dire : Puis-je changer de majeure ou de spécialisation en cours d’année ?,formation
Pourriez-vous me dire : Où consulter le code de conduite des étudiants  !?,reglement
Pourriez-vous m’indiquer le créneau de algèbre avancée ?! ?,emploi_du_temps
"Existe-t-il un minimum de crédits ou de moyenne par semestre , pour la semaine prochaine ?",reglement
Est-il possible de savoir y a-t-il un règlement spécifique pour les stages ?,reglement
"S'il vous plaît, pourriez-vous me dire : Quelles sont les règles pour le retrait d’un cours ?",reglement
Pourriez-vous m’indiquer le créneau de programmation Python ?,emploi_du_temps
Petite question : Est-il possible de savoir quelles sont les règles pour le retrait d’un cours ?,reglement
"Bonsoir, J’aimerais savoir : Y a-t-il un règlement spécifique pour les stages , merci d’avance ?",reglement
Combien d’absences sont autorisées avant une sanction  !?,reglement
Est-il possible de savoir quelle est la date limite pour la demande d’aide financière ?,procedure_administrative
"S'il vous plaît, où et à quelle heure est mon cours du mardi à 14h00 ?",emploi_du_temps
Quels sont les horaires d’ouverture de la bureau des carrières ?,service_campus
Pourriez-vous me dire : Quelles sont les UE obligatoires pour le Licence Histoire ?,formation
Pourriez-vous me dire : Quels sont les horaires d’ouverture de la bureau des carrières ?,service_campus
Combien de crédits faut-il pour se spécialiser en Lettres modernes ?,formation
Petite question : que se passe-t-il en cas de triche à un examen ?,reglement
"Petite question : Pourriez-vous me dire : À quelle heure commencent les TD de robotique , pour aujourd’hui  ??",emploi_du_temps
"Quand a lieu le prochain cours de programmation Python , c’est urgent ?",emploi_du_temps
Où soumettre la demande de carte étudiante ?,procedure_administrative
Pourriez-vous me dire : Quels sont les prérequis pour le MBA Finance ?,formation
Petite question : quel est l’horaire du cours de algèbre avancée aveeec le professeur Anderson ?,emploi_du_temps
Où déposer mon dossier pour obtenir une convention de stage ?,procedure_administrative
Où se trouve la bibliothèque centrale ?,service_campus
Petite question : J’aimerais savoir : Puis-je réserver une salle de travail ou un terrain de sport ?,service_campus
J’aimerais savoir : Quels sont les horaires d’ouverture de la gymnase  ??,service_campus
Est-il possible de savoir à quelle heure commencent les TD de droit public ?,emploi_du_temps
"Pardon, Comment me connecter au Wi-Fi de l’université ?",service_campus
Combien de crédits faut-il pour se spécialiser en Philosophie ?,formation
"Bonsoir, combien de crédits faut-il pour se spécialiser en Philosophie ?",formation
Est-il possible de savoir quels sont les horaires d’ouverture de la maison des étudiants ?,service_campus
"Excusez-moi, est-il possible de savoir y a-t-il un règlement spécifique pour les stages ?",reglement
Comment demander un relevé officiel ?,procedure_administrative
Est-il possible de savoir combien d’absences sont autorisées avant une sanction ?,reglement
Comment candidater pour la remise de diplôme ?,procedure_administrative
"J’aimerais savoir : Comment réussir le prochain module de statistiques , si possible  !?",formation
"Bonsoir, Où consulter le code de conduite des étudiants ?",reglement
"J’aimerais savoir : Où déposer mon dossier pour demander un relevé officiel , pour aujourd’hui ?",procedure_administrative
"Excusez-moi, est-il possible de savoir y a-t-il un règlement spécifique pour les stages ?",reglement
Petite question : Où consulter le code de conduite des étudiants ?,reglement
Pouvez-vous me donner l’emploi du temps du semestre de automne pour algèbre avancée ?,emploi_du_temps
J’aimerais savoir : Puis-je changer de majeure ou de spécialisation en cours d’année ?,formation
J’aimerais savoir : Comment candidater pour la remise de diplome ?,procedure_administrative
Quels documents sont requis pour un changement de parcours ?,procedure_administrative
"Bonjour, combien d’absences sont autorisées avant une sanction , si possible ?",reglement
Pourriez-vous me dire : Quels sont les horaires d’ouverture de la bibliothèque centrale ?,service_campus
Est-il possible de savoir où et à quelle heure est mon cours du jeudi à 10h00 ?,emploi_du_temps
"Où et à quelle heure est mon cours du mardi à 16h30 , pour aujourd’hui ?",emploi_du_temps
"Pardon, pourriez-vous me dire : Quelle est la date limite pour l’inscription aux cours  ??",procedure_administrative
Quelles sont les UE obligatoires pour le Master Psychologie ?,formation
Où déposer mon dossier pour candidater pour la remise de diplôme ?,procedure_administrative
Où et à quelle heure est mon cours du vendredi à 10h00 ?,emploi_du_temps
"Pardon, que se passe-t-il en cas de triche à un examen … ?",reglement
"Bonsoir, Où se trouve la centre de santé ?",service_campus
"Bonjour, quelle est la politique concernant le plagiat ?",reglement
Quelles sont les UE obligatoires pour le Parcours Data Science ?,formation
Où puis-je imprimer mes documents sur le campus ?,service_campus
"À quelle heure commencent les TD de robotique , si possible ?",emploi_du_temps
Où soumettre la demande de carte étudiante ?! ?,procedure_administrative
Où déposer mon dossier pour obtenir une convention de stage ?,procedure_administrative
"Est-il possible de savoir à quelle heure commencent les TD de robotique , merci d’avance ?",emploi_du_temps
"Où consulter le code de conduite des étudiants , c’est urgent ?",reglement
Est-il possible de savoir où puis-je imprimer mes documents sur le campus ?,service_campus
Quelle est la date limite pour la demande d’aide financière ?,procedure_administrative
Combien d’absences sont autorisées avant une sanction ?,reglement
Pourriez-vous me dire : Quand a lieu le prochain cours de biologie cellulaire ?,emploi_du_temps
Puis-je réserver une salle de travail ou un terrain de sport ?,service_campus
"Quelles sont les matières principales en Psychologie , c’est urgent ?",formation
"Bonjour, Est-il possible de savoir combien de crédits faut-il pour se spécialiser en Psychologie ?",formation
"Comment demander un report d’admission , si possible ?",procedure_administrative
"Pourriez-vous me dire :o ù déposer mon dossier pour obtenir une convention de stage , si possible ?",procedure_administrative
Quel est l’horaire du cours de programmation Python avec le professeur Martin ?,emploi_du_temps
Quand a lieu le prochain cours de algèbre avancée ?,emploi_du_temps
"J’aimerais savoir : Quelles sont les règles pour le retrait d’un cours , c’est urgent ?",reglement
"Excusez-moi, puis-je réserver une salle de travail ou un terrain de sport ?",service_campus
Quelle est la politique concernant le rattrapage d’examen  ??,reglement
Est-il possible de savoir où se trouve la bureau des carrières ?,service_campus
Comment réussir le prochain module de statistiques ?,formation
Puis-je réserver une salle de travail ou un terrain de sport ?,service_campus
"Où puis-je imprimer mes documents sur le campus , pour aujourd’hui ?",service_campus
Pourriez-vous me dire : Quels sont les prérequis pour le Parcours Data Science ?,formation
"S'il vous plaît, est-il possible de savoir puis-je réserver une salle de travail ou un terrain de sport ?",service_campus
Pourriez-vous me dire : Où et à quelle heure est mon cours du mardi à 14h00 … ?,emploi_du_temps
Où et à quelle heure est mon cours du vendredi à 14h00 ?,emploi_du_temps
Quels documents sont requis pour un changement de parcours ?,procedure_administrative
"Pardon, est-il possible de savoir que se passe-t-il en cas de triche à un examen ?",reglement
Combien de crédits faut-il pour se spécialiser en Philosophie ?,formation
Comment réussir le prochain module de statistiques ?,formation
Pourriez-vous me dire : Quand a lieu le prochain cours de litterature moderne ?,emploi_du_temps
Est-il possible de savoir comment obtenir une convention de stage ?,procedure_administrative
Petite question : Où et à quelle heure est mon cours du mercredi à 14h00 ?! ?,emploi_du_temps
"Bonjour, Comment payer mes frais de scolarité ?",procedure_administrative
"J’ai perdu mes clés, où se situe le bureau des objets trouvés ?",service_campus
Pouvez-vous me donner l’emploi du temps du semestre de été pour économie ?,emploi_du_temps
Où consulter le code de conduite des étudiants ?,reglement
"Bonsoir, Pourriez-vous me dire : Existe-t-il un minimum de crédits ou de moyenne par semestre ?",reglement
J’aimerais savoir : Combien de crédits faut-il pour se spécialiser en Philosophie ?,formation
"J’aimerais savoir : Quels sont les prérequis pour le Licence Histoire , pour aujourd’hui ?",formation
"Bonsoir, où se trouve la centre de santé ?",service_campus
Quelles sont les matières principales en Lettres modernes ?,formation
"Est-il possible de savoir le ENT ne fonctionne pas, que puis-je faire ?",service_campus
"Petite question : Combien de crédits faut-il pour se spécialiser en Psychologie , merci d’avance  ??",formation
Où soumettre la demande de carte étudiante ?,procedure_administrative
Où déposer mon dossier pour renouveler ma carte étudiante ?,procedure_administrative
Pourriez-vous me dire : Puis-je changer de majeure ou de spécialisation en cours d’année ?,formation
"Pardon, Pourriez-vous me dire : Pouvez-vous me donner l’emploi du temps du semestre de automne pour robotique ?",emploi_du_temps
Quelles sont les matières principales en Philosophie ?,formation
Pourriez-vous m’indiquer le créneau de algèbre avancée ?,emploi_du_temps
"Excusez-moi, Est-il possible de savoir j’ai perdu mes clés, où se situe le bureau des objets trouvés ?",service_campus
Comment réussir le prochain module de statistiques ?,formation
"Excusez-moi, Quelles sont les règles pour le retrait d’un cours ?",reglement
"S'il vous plaît, Est-il possible de savoir y a-t-il un règlement spécifique pour les stages ?",reglement
Est-il possible de savoir où se trouve la maison des étudiant ?,service_campus
Quelles sont les ue obligatoires pour le master psychologie ?,formation
J’aimerais savoir : Quelles sont les matières principales en Psychologie ?,formation
Quelle est la politique concernant le rattrapage d’examen ?,reglement
"Excusez-moi, Quelles sont les UE obligatoires pour le Parcours Data Science ?",formation
Où se trouve la bureau des carrières ?,service_campus
Pourriez-vous me dire : Quels sont les prérequis pour le MBA Finance ?,formation
Pourriez-vous me dire : Puis-je réserver une salle de travail ou un terrain de sport ?,service_campus
"Puis-je changer de majeure ou de spécialisation en cours d’année , si possible ?",formation
"Pourriez-vous me dire : Quel est l’horaire du cours de statistiques appliquées avec le professeur Nguyen , c’est urgent ?",emploi_du_temps
Pourriez-vous me dire : Puis-je changer de majeure ou de spécialisation en cours d’année ?,formation
Est-il possible de savoir puis-je changer de majeure ou de spécialisation en cours d’année ?,formation
"Comment réussir le prochain module de statistiques , si possible ?",formation
Comment me connecter au VPN de l’université ?,service_campus
Quel est l’horaire du cours de programmation Python avec le professeur Dubois ?,emploi_du_temps
J’aimerais savoir quand se déroule le cours de statistiques appliquées. ?,emploi_du_temps
"J’aimerais savoir : J’aimerais savoir quand se déroule le cours de économie , si possible ?",emploi_du_temps
"Excusez-moi, quelles sont les règles pour le retrait d’un cours ?",reglement
"Existe-t-il un minimum de crédits ou de moyenne par semestre , pour aujourd’hui ?",reglement
"S'il vous plaît, Combien d’absences sont autorisées avant une sanction ?",reglement
J’aimerais savoir : Quelle est la date limite pour l’abandon d’une UE ?,procedure_administrative
Quelles sont les règles pour le retrait d’un cours ?,reglement
"S'il vous plaît, Où se trouve la centre de santé ?",service_campus
Où soumettre la demande de carte étudiante ?,procedure_administrative
Existe-t-il un minimum de crédits ou de moyenne par semestre ?,reglement
"Quelles sont les UE obligatoires pour le Licence Histoire , c’est urgent … ?",formation
"J’ai perdu mes clés, où se situe le bureau des objets trouvés ?",service_campus
Quelles sont les règles pour le retrait d’un cours ?,reglement
Quelle est la politique concernant le plagiat … ?,reglement
"Combien d’absences sont autorisées avant une sanction , pour la semaine prochaine ?",reglement
Est-il possible de savoir où déposer mon dossier pour obtenir une convention de stage ?,procedure_administrative
Pourriez-vous me dire : Où soumettre la demande de carte étudiante  ??,procedure_administrative
"Quelles sont les règles pour le retrait d’un cours , pour aujourd’hui ?",reglement
Quelles sont les matières principales en Biologie ?,formation
"S'il vous plaît, Pourriez-vous me dire : Quelle est la date limite pour l’inscription aux cours ?",procedure_administrative
"Pardon, pouvez-vous me donner l’emploi du temps du semestre de printemps pour psychologie cognitive , si possible ?! ?",emploi_du_temps
Où déposer mon dossier pour candidater pour la remise de diplôme ?,procedure_administrative
Petite question : à quelle heure commencent les td de programmation python ?,emploi_du_temps
Est-il possible de savoir combien de crédits faut-il pour se spécialiser en Informatique ?,formation
Où se trouve la bibliothèque centrale ?,service_campus
"Excusez-moi, pouvez-vous me donner l’emploi du temps du semestre de printemps pour droit public ?",emploi_du_temps
Est-il possible de savoir quand a lieu le prochain cours de chimie organique ?,emploi_du_temps
Quelles sont les UE obligatoires pour le Licence Histoire ?,formation
"Pardon, quels sont les prérequis pour le MBA Finance ?",formation
"Bonjour, quels sont les horaires d’ouverture de la maison des étudiants , c’est urgent ?",service_campus
Quand a lieu le prochain cours de microéconomie ?,emploi_du_temps
Puis-je changer de majeure ou de spécialisation en cours d’année ?,formation
Y a-t-il un règlement spécifique pour les stages ?,reglement
À quelle heure commencent les TD de psychologie cognitive ?,emploi_du_temps
Quelle est la date limite pour l’abandon d’une UE  !?,procedure_administrative
"Pardon, Est-il possible de savoir où déposer mon dossier pour obtenir une convention de stage … ?",procedure_administrative
J’aimerais savoir : Quel est l’horaire du cours de chimie organique avec le professeur Dubois ?,emploi_du_temps
Puis-je réserver une salle de travail ou un terrain de sport ?,service_campus
"S'il vous plaît, pourriez-vous me dire : J’ai perdu mes clés, où se situe le bureau des objets trouvés ?",service_campus
"Bonjour, comment demander un report d’admission , pour la semaine prochaine ?",procedure_administrative
Où se trouve la bureau des carrières ?,service_campus
J’aimerais savoir : Où déposer mo dossier pour obtenir une convention de stage ?,procedure_administrative
"Pourriez-vous me dire : Où consulter le code de conduite des étudiants , pour la semaine prochaine ?",reglement
"Existe-t-il un minimum de crédits ou de moyenne par semestre , c’est urgent ?",reglement
Pourriez-vous me dire : Quelles sont les matières principales en Lettres modernes ?,formation
Pourriez-vous me dire : Que se passe-t-il en cas de triche à un examen ?! ?,reglement
Puis-je réserver une salle de travail ou un terrain de sport ?,service_campus
Comment demander un report d’admission ?,procedure_administrative
Quelles sont les règles pour le retrait d’un cours ?,reglement
Pourriez-vous me dire : Où et à quelle heure est mon cours du jeudi à 16h30 ?,emploi_du_temps
Où puis-je imprimer mes documents sur le campus ?,service_campus
Y a-t-il un règlement spécifique pour les stages ?,reglement
Où consulter le code de conduite des étudiants ?,reglement
"Quels sont les prérequis pour le Parcours Data Science , pour la semaine prochaine ?",formation
"Quels sont les horaires d’ouverture de la maison des étudiants , si possible ?",service_campus
"Excusez-moi, Quels sont les prérequis pour le MBA Finance ?",formation
"Est-il possible de savoir y a-t-il un règlement spécifique pour les stages , si possible ?",reglement
"Quels documents sont requis pour un changement de parcours , si possible ?",procedure_administrative
"Où consulter le code de conduite des étudiants , pour aujourd’hui ?",reglement
Comment demander un report d’admission ?,procedure_administrative
"J’aimerais savoir : Pourriez-vous m’indiquer le créneau de robotique , pour la semaine prochaine ?! ?",emploi_du_temps
Pourriez-vous m’indiquer le créneau de littérature moderen ?,emploi_du_temps
"Le portail étudiant ne fonctionne pas, que puis-je faire ?",service_campus
Où soumettre la demande de carte étudiante ?,procedure_administrative
Petite question : quand a lieu le prochain cours de robotique ?,emploi_du_temps
Puis-je changer de majeure ou de spécialisation en cours d’année ?,formation
"Excusez-moi, Est-il possible de saaavoir combien d’absences sont autorisées avant une sanction ?",reglement
Pourriez-vous me dire : Puis-je réserver une salle de travail ou un terrain de sport ?,service_campus
À quelle heure commencent les TD de analyse de données ?,emploi_du_temps
Pourriez-vous m’indiquer le créneau de analyse de données … ?,emploi_du_temps
Est-il possible de savoir quels sont les horaires d’ouverture de la gymnase … ?,service_campus
Où soumettre la demande de carte étudiante ?,procedure_administrative
Puis-je changer de majeure ou de spécialisation en cours d’année ?,formation
"Comment me connecter au Wi-Fi de l’université , pour la semaine prochaine ?",service_campus
"Pourriez-vous me dire : Quelle est la date limite pour l’abandon d’une UE , merci d’avance ?",procedure_administrative
Pourriez-vous me dire : Comment me connecter au Wi-Fi de l’université ?,service_campus
Combien de crédits faut-il pour se spécialiser en Lettres modernes ?,formation
Que se passe-t-il en cas de triche à un examen ?,reglement
Où se trouve la gymnase … ?,service_campus
Quels documents sont requis pour un changement de parcours  ??,procedure_administrative
Puis-je changer de majeure ou de spécialisation en cours d’année ?,formation
"Où puis-je imprimer mes documents sur le campus , pour la semaine prochaine ?",service_campus
Petite question : Est-il possible de savoir où et à quelle heure est mon cours du jeudi à 16h30 ?,emploi_du_temps
Est-il possible de savoir j’aimerais savoir quand se déroule le cours de algèbre avancée ?,emploi_du_temps
Combien de crédits faut-il pour se spécialiser en Philosophie ?,formation
"Bonsoir, Pouvez-vous me donner l’emploi du temps du semestre de printemps pour chimie organique ?",emploi_du_temps
Où se trouve   la gymnase ?,service_campus
Comment candidater pour la remise de diplôme ?,procedure_administrative
"Pardon, Quels sont les prérequis pour le Parcours Data Science ?",formation
"Bonsoir, est-il possible de savoir comment obtenir une convention de stage ?",procedure_administrative
Pourriez-vous me dire : J’aimerais savoir quand se déroule le cours de psychologie cognitive ?,emploi_du_temps
Où déposer mon dossier pour candidater pour la remise de diplôme ?,procedure_administrative
"Bonjour, j’aimerais savoir : Comment me connecter au portail étudiant de l’université ?",service_campus
Où conulter le code de conduite des étudiants … ?,reglement
"Excusez-moi, Est-il possible de savoir comment me connecter au Wi-Fi de l’université ?",service_campus
"Puis-je réserver une salle de travail ou un terrain de sport , merci d’avance  !?",service_campus
Pourriez-vous me dire : Comment réussir le prochain module de statistiques ?,formation
"Excusez-moi, Quelle est la date limite pour l’inscription aux cours ?",procedure_administrative
J’aimerais savoir quand se déroule le cours de statistiques appliquées. — pour la semaine prochaine ?,emploi_du_temps
J’aimerais savoir : Que se passe-t-il en cas de triche à un examen … ?,reglement
Est-il possible de savoir quel est l’horaire du cours de algèbre avancée avec le professeur Dubois ?,emploi_du_temps
J’aimerais savoir : Existe-t-il un minimum de crédits ou de moyenne par semestre ?,reglement
Puis-je changer de majeure ou de spécialisation en cours d’année ?,formation
"J’ai perdu mes clés, où se situe le bureau des objets trouvés ?! ?",service_campus
"Quand a lieu le prochain cours de littérature moderne , pour aujourd’hui ?",emploi_du_temps
À quelle heure commencent les TD de robotique ?,emploi_du_temps
"Pardon, quelles sont les matières principales en Psychologie ?",formation
"Puis-je changer de majeure ou de spécialisation en cours d’année , pour la semaine prochaine ?",formation
"Quand a lieu le prochain cours de programmation Python , c’est urgent ?",emploi_du_temps
Est-il possible de savoir où déposer mon dossier pour renouveler ma carte étudiante ?,procedure_administrative
Comment me connecter au portail étudiant de l’université ?,service_campus
Où se trouve la bureau des carrières ?,service_campus
Quel est l’horaire du cours de littérature moderne avec le professeur Dubois ?,emploi_du_temps
"S'il vous plaît, pourriez-vous me dire : Combien de crédits faut-il pour se spécialiser en Philosophie , c’est urgent ?",formation
"Petite question : pourriez-vous me dire : J’ai perdu mes clés, où se situe le bureau des objets trouvés ?",service_campus
"Comment réussir le prochain module de statistiques , si possible ?",formation
"Quelles sont les UE obligatoires pour le Licence Histoire , pour aujourd’hui ?! ?",formation
Puis-je changer de majeure ou de spécialisation en cours d’année ?,formation
J’aimerais savoir : Comment réussir le prochain module de statistiques ?,formation
J’aimerais savoir : Où déposer mon dossier pour obtenir une convention de stage ?,procedure_administrative
Pourriez-vous me dire : uQelle est la date limite pour l’inscription aux cours ?,procedure_administrative
Combien de crédits faut-il pour se spécialiser en Lettres modernes ?,formation
"Pardon, Est-il possible de savoir quels sont les prérequis pour le Master Psychologie … ?",formation
Petite question : Comment obtenir une convention de stage … ?,procedure_administrative
"Est-il possible de savoir le VPN ne fonctionne pas, que puis-je faire ?",service_campus
Comment réussir le prochain module de statistiques ?,formation
Existe-t-il un minimum de crédits ou de moyenne par semestre ?,reglement
J’aimerais savoir : Quelles sont les règles pour le retrait d’un cours ?,reglement
J’aimerais savoir : Combien de crédits faut-il pour se spécialiser en Philosophie ?,formation
"J’aimerais savoir : Où se trouve la gymnase , c’est urgent ?",service_campus
Quelles sont les règles pour le retrait d’un cours ?,reglement
"Pourriez-vous me dire : Quels documents sont requis pour un changement de parcours , c’est urgent ?",procedure_administrative
Quelles sont les UE obligatoires pour le Licence Histoire ?,formation
Quelles sont les règles pour le retrait d’un cours ?,reglement
Petite question : j’aimerais savoir : Quelle est la date limite pour l’abandon d’une UE ?,procedure_administrative
"Bonsoir, où consulter le code de conduite des étudiants ?",reglement
Quelles sont les matières principales en Philosophie ?,formation
Comment réussir le prochain module de statistiques ?,formation
"Excusez-moi, pourriez-vous me dire : Combien de crédits faut-il pour se spécialiser en Informatique ?",formation
"S'il vous plaît, j’aimerais savoir : Quelle est la politique concernant le retards ?",reglement
"Combien de crédits faut-il pour se spécialiser en Biologie , pour la semaine prochaine ?",formation
"Excusez-moi, j’aimerais savoir quand se déroule le cours de chimie organique. ?",emploi_du_temps
J’aimerais savoir : Où soumettre la demande de carte étudiante ?,procedure_administrative
"Le VPN ne fonctionne pas, que puis-je faire ?",service_campus
"J’aimerais savoir : Comment réussir le prochain module de statistiques , si possible … ?",formation
Quels sont les prérequis pour le Master Psychologie ?,formation
Pourriez-vous me dire : Comment réussir le prochain module de statistiques ?,formation
"Pardon, Pouvez-vous me donner l’emploi du temps du semestre de été pour robotique , pour aujourd’hui ?",emploi_du_temps
Quelles sont les règles pour le retrait d’un cours ?,reglement
Combien d’absences sont autorisées avant une sanction ?! ?,reglement
"Excusez-moi, Où déposer mon dossier pour candidater pour la remise de diplôme ?",procedure_administrative
"Pourriez-vous me dire : Le Wi-Fi ne fonctionne pas, que puis-je faire ?",service_campus
Où soumettre la demande de carte étudiante ?! ?,procedure_administrative
Pusi-je réserver une salle de travail ou un terrain de sport ?,service_campus
Pourriez-vous me dire : Où et à quelle heure est mon cours du mercredi à 16h30 ?,emploi_du_temps
"Excusez-moi, existe-t-il un minimum de crédits ou de moyenne par semestre ?",reglement
Petite question : où consulter le code de conduite des étudiants ?,reglement
Où consulter le code de conduite des étudiants ?,reglement
Où consulter le code de conduite des étudiants ?,reglement
"Excusez-moi, Quelles sont les UE obligatoires pour le MBA Finance ?",formation
Quelles sont les matières principales en Lettres modernes ?,formation
Porriez-vous m’indiquer le créneau de robotique ?,emploi_du_temps
J’aimerais savoir quand se déroule le cours de psychologie cognitive. — merci d’avance ?,emploi_du_temps
Comment renouveler ma carte étudiante ?,procedure_administrative
"Bonsoir, J’aimerais savoir quand se déroule le cours de économie. ?",emploi_du_temps
Combien d’absences sont autorisées avant une sanction ?,reglement
"Puis-je réserver une salle de travail ou un terrain de sport , pour aujourd’hui  ??",service_campus
Est-il possible de savoir combien de crédits faut-il pour se spécialiser en Psychologie ?,formation
Quelles sont les matières principales en Lettres modernes ?,formation
J’aimerais savoir : Comment me connecter au VPN de l’université ?,service_campus
"Le ENT ne fonctionne pas, que puis-je faire ?",service_campus
J’aimerais savoir : Comment me connecter au VPN de l’université ?,service_campus
"Bonjour, Quels sont les prérequis pour le Licence Histoire , si possible ?",formation
Comment me connecter au Wi-Fi de l’université ?,service_campus
"Excusez-moi, Quelle est la date limite pour l’abandon d’une UE ?",procedure_administrative
Quels sont les prérequis pour le Parcours Data Science ?,formation
"Bonjour, pourriez-vous me dire : Où se trouve la centre de santé , pour la semaine prochaine ?",service_campus
Est-il possible de savoir quelles sont les matières principales en Psychologie ?,formation
"Bonsoir, Y a-t-il un règlement spécifique pour les stages , pour aujourd’hui ?",reglement
J’aimerais savoir : Quelles sont les matières principales en Informatique ?,formation
Quels documents sont requis pour un changement de parcours  ??,procedure_administrative
J’aimerais savoir : Où se trouve la gymnase ?,service_campus
Quand a lieu le prochain cours de littérature moderne ?,emploi_du_temps
"Pardon, à quelle heure commencent les TD de statistiques appliquées ?",emploi_du_temps
Est-il possible de savoir à quelle heure commencent les TD de programmation Python ?,emploi_du_temps
Quelle est la date limite pour l’inscription aux cours  !?,procedure_administrative
Quelles sont les matières principales en Biologie ?,formation
Comment candidater pour la remise de diplôme ?,procedure_administrative
"Excusez-moi, Que se passe-t-il en cas   de triche à un examen ?",reglement
J’aimerais savoir : Quand a lieu le prochain cours de analyse de données ?,emploi_du_temps
"Le portail étudiant ne fonctionne pas, que puis-je faire , merci d’avance ?",service_campus
À quelle heure commencent les TD de algèbre avancée ?,emploi_du_temps
"Où puis-je imprimer mes documents sur le campus , merci d’avance ?",service_campus
"Pourriez-vous me dire : Le ENT ne fonctionne pas, que puis-je faire ?",service_campus
"Excusez-moi, Pourriez-vous m’indiquer le créneau de droit public ?",emploi_du_temps
"Pardon, quelles sont les matières principales en Philosophie ?",formation
Quels documents sont requis pour un changement de parcours ?,procedure_administrative
Comment me connecter au portail étudiant de l’université ?,service_campus
"Quels documents sont requis pour un changement de parcours , merci d’avance ?",procedure_administrative
Puis-je changer de majeure ou de spécialisation en cours d’année ?,formation
"Bonjour, Combien d’absences sont autorisées avant une sanction , merci d’avance  ??",reglement
"Bonsoir, le VPN ne fonctionne pas, que puis-je faire ?",service_campus
Est-il possible de savoir quelles sont les règles pour le retrait d’un cours ?,reglement
Quelles sont les matières principales en Psychologie ?,formation
"Bonsoir, Puis-je changer de majeure ou de spécialisation en cours d’année  ??",formation
Comment réussir le prochain module de statistiques ?,formation
"Pardon, J’aimerais savoir : Où puis-je imprimer mes documents sur le campus ?",service_campus
Est-il possible de savoir existe-t-il un minimum de crédits ou de moyenne par semestre ?,reglement
Pourriez-vous me dire : Où soumettre la demande de carte étudiante ?,procedure_administrative
"Excusez-moi, J’aimeraiiis savoir : J’aimerais savoir quand se déroule le cours de littérature moderne , si possible ?",emploi_du_temps
"Quels documents sont requis pour un changement de parcours , pour la semaine prochaine ?",procedure_administrative
"Bonjour, J’aimerais savoir : Où et à quelle heure est mon cours du mercredi à 14h00 ?",emploi_du_temps
"Bonjour, Existe-t-il un minimum de crédits ou de moyenne par semestre ?",reglement
"Comment me connecter au portail étudiant de l’université , si possible ?",service_campus
"Bonsoir, Quels sont les prérequis pour le Master Psychologie ?",formation
"Bonsoir, est-il possible de savoir comment demander un report d’admission ?",procedure_administrative
"Quels sont les horaires d’ouverture de la bibliothèque centrale , si possible ?",service_campus
Est-il possible de savoir où se trouve la bureau des carrières ?,service_campus
"S'il vous plaît, comment demander un relevé officiel ?",procedure_administrative
"Bonsoir, J’aimerais savoir : À quelle heure commencent les TD de analyse de données ?",emploi_du_temps
"Où soumettre la demande de carte étudiante , si possible ?",procedure_administrative
Y a-t-il un règlement spécifique pour les stages ?,reglement
Quel est l’horaire du cours de biologie cellulaire avec le professeur Martin ?,emploi_du_temps
Puis-je réserver une salle de travail ou un terrain de sport ?,service_campus
Puis-je changer de majeure ou de spécialisation en cours d’année ?,formation
"Pardon, quelle est la politique concernant le rattrapage d’examen ?",reglement
Pourriez-vous me dire : Combien d’absences sont autorisées avant une sanction ?,reglement
Pourriez-vous me dire : Combien de crédits faut-il pour se spécialiser en Philosophie ?,formation
Petite question : pourriez-vous me dire : Quelles sont les UE obligatoires pour le Master Robotique ?,formation
"Pardon, À quelle heure commencent les TD de littérature moderne ?",emploi_du_temps
"S'il vous plaît, comment réussir le prochain module de statistiques ?",formation
"J’ai perdu mes clés, où se situe le bureau des objets trouvés ?",service_campus
Puis-je changer de majeure ou de spécialisation en cours d’année ?,formation
Puis-je changer de majeure ou de spécialisation en cours d’année ?,formation
J’aimerais savoir : Combien de crédits faut-il pour se spécialiser en Informatique ?,formation
Quelle est la date limite pour l’abandon d’une UE ?,procedure_administrative
Quelles sont les UE obligatoires pour le MBA Finance ?,formation
Puis-je réserver une salle de travail ou un terrain de sport ?,service_campus
À quelle heure commencent les TD de statistiques appliquées ?,emploi_du_temps
J’aimerais savoir : Quelle est la politique concernant le absence aux cours ?,reglement
Pourriez-vous me dire : Quelle est la date limite pour la demande d’aide financière ?,procedure_administrative
"Excusez-moi, Existe-t-il un minimum de crédits ou de moyenne par semestre , si possible ?",reglement
"Excusez-moi, comment réussir le prochain module de statistiques , pour aujourd’hui ?",formation
J’aimerais savoir : Quelle est la politique concernant le rattrapage d’examen ?! ?,reglement
Quand a lieu le prochain cours de chimie organique ?,emploi_du_temps
Existe-t-il un minimum de crédits ou de moyenne par semestre ?,reglement
Quels sont les prérequis pour le Parcours Data Science ?,formation
"Excusez-moi, pourriez-vous me dire : Comment demander un report d’admission , pour aujourd’hui … ?",procedure_administrative
"Petite question : comment mettre à jour mon adresse , pour aujourd’hui ?! ?",procedure_administrative
"S'il vous plaît, J’aimerais savoir : Où consulter le code de conduite des étudiants ?",reglement
"J’aimerais savoir : Comment demander un relevé officiel , si possible ?",procedure_administrative
Quels sont les prérequis pour le MBA Finance ?,formation
Quelles sont les UE obligatoires pour le Parcours Data Science ?,formation
Où puis-je imprimer mes documents sur le campus ?,service_campus
Quelles sont les matières principales en Informatique ?,formation
"Pardon, Existe-t-il un minimum de crédits ou de moyenne par semestre ?",reglement
"Pardon, Puis-je réserver une salle de travail ou un terrain de sport ?",service_campus
"Où consulter le code de conduite des étudiants , merci d’avance ?",reglement
"Bonjour, Où se trouve la maison des étudiants ?",service_campus
"Pardon, À quelle heure commencent les TD de microéconomie ?",emploi_du_temps
Puis-je réserver une salle de travail ou un terrain de sport ?,service_campus
"Bonjour, où puis-je imprimer mes documents sur le campus ?",service_campus
"S'il vous plaît, quels documents sont requis pour un changement de parcours ?",procedure_administrative
Quels sont les prérequis pour le Master Robotique ?,formation
"Bonsoir, J’aimerais savoir : Quels documents sont requis pour un changement de parcours ?",procedure_administrative
"Pardon, J’aimerais savoir : Quels documents sont requis pour un changement de parcours ?",procedure_administrative
"S'il vous plaît, j’aimerais savoir : Existe-t-il un minimum de crédits ou de moyenne par semestre ?",reglement
Quel est l’horaire du cours de biologie cellulaire avec le professeur Dubois ?,emploi_du_temps
J’aimerais savoir quand se déroule le cours de économie. ?,emploi_du_temps
"Quand a lieu le prochain cours de algèbre avancée , merci d’avance ?",emploi_du_temps
"Quels sont les prérequis pour le Licence Histoire , si possible ?! ?",formation
Combien d’absences sont autorisées avant une sanction ?,reglement
J’aimerais savoir : Combien d’absences sont autorisées avant une sanction ?,reglement
Est-il possible de savoir quel est l’horaire du cours de chimie organique avec le professeur Dubois ?,emploi_du_temps
"Excusez-moi, puis-je réserver une salle de travail ou un terrain de sport ?",service_campus
"Est-il possible de savoir le ENT ne fonctionne pas, que puis-je faire … ?",service_campus
Quelles sont les règles pour le retrait d’un cours ?,reglement
"Le portail étudiant ne fonctionne pas, que puis-je faire ?",service_campus
À quelle heure commencent les TD de programmation Python ?,emploi_du_temps
Quand a lieu le prochain cours de microéconomie ?! ?,emploi_du_temps
À quelle heure commencent les TD de psychologie cognitive ?,emploi_du_temps
"Puis-je changer de majeure ou de spécialisation en cours d’année , pour aujourd’hui ?",formation
Quand a lieu le prochain cours de littérature moderne ?,emploi_du_temps
Y a-t-il un règlement spécifique pour les stages ?,reglement
"Bonjour, Quelles sont les UE obligatoires pour le Master Robotique ?! ?",formation
Pourriez-vous me dire : Où et à quelle heure est mon cours du mercredi à 10h00 ?,emploi_du_temps
Est-il possible de savoir quelles sont les UE obligatoires pour le Parcours Data Science ?,formation
Est-il possible de savoir pouvez-vous me donner l’emploi du temps du semestre de printemps pour analyse de donnees ?,emploi_du_temps
Où puis-je imprimer mes documents sur le campus ?,service_campus
"Bonjour, le portail étudiant ne fonctionne pas, que puis-je faire ?",service_campus
"Bonsoir, où se trouve la gymnase ?",service_campus
Puis-je réserver une salle de travail ou un terrain de sport ?,service_campus
Pourriez-vous me dire : J’aimerais savoir quand se déroule le cours de algèbre avancée ?,emploi_du_temps
"Quels sont les prérequis pour le Master Robotique , pour la semaine prochaine ?",formation
"Le VPN ne fonctionnnne pas, que puis-je faire ?",service_campus
Quelles sont les règles pour le retrait d’un cours ?,reglement
"Bonsoir, est-il possible de savoir comment renouveler ma carte étudiante ?",procedure_administrative
"Pardon, Combien d’absences sont autorisées avant une sanction ?",reglement
Comment me connecter au portail étudiant de l’université ?,service_campus
Petite question : j’aimerais savoir : Que se passe-t-il en cas de triche à un examen ?,reglement
"Pardon, J’aimerais savoir : Quelles sont les matières principales en Philosophie ?",formation
"Pardon, Où puis-je imprimer mes documents sur le campus ?",service_campus
"S'il vous plaît, j’aimerais savoir : Où déposer mon dossier pour mettre à jour mon adresse , merci d’avance ?",procedure_administrative
Quand a lieu le prochain cours de microéconomie ?,emploi_du_temps
"Est-il possible de savoir quels sont les prérequis pour le Parcours Data Science , c’est urgent ?",formation
Pourriez-vous me dire : Existe-t-il un minimum de crédits ou de moyenne par semestre ?,reglement
Puis---je changer de majeure ou de spécialisation en cours d’année ?,formation
"Bonjour, Comment demander un relevé officiel ?",procedure_administrative
J’aimerais savoir : Où déposer mon dossier pour candidater pour la remise de diplôme ?,procedure_administrative
Est-il possible de savoir quand a lieu le prochain cours de analyse de données ?,emploi_du_temps
"Pourriez-vous me dire : Combien de crédits faut-il pour se spécialiser en Psychologie , merci d’avance … ?",formation
Où déposer mon dossier pour payer mes frais de scolarité ?,procedure_administrative
Combien de crédits faut-il pour se spécialiser en Psychologie  ??,formation
Existe-t-il un minimum de crédits ou de moyenne par semestre ?,reglement
Est-il possible de savoir existe-t-il un minimum de crédits ou de moyenne par semestre ?,reglement
Combien d’absences sont autorisées avant une sanction ?,reglement
"Pourriez-vous me dire : Quels sont les prérequis pour le Licence Histoire , c’est urgent ?",formation
Existe-t-il un minimum de crédits ou de moyenne par semestre ?,reglement
"Pourriez-vous me dire : Quelles sont les règles pour le retrait d’un cours , pour la semaine prochaine ?",reglement
"Pardon, existe-t-il un minimum de crédits ou de moyenne par semestre ?",reglement
J’aimerais savoir : Pourriez-vous m’indiquer le créneau de économie ?,emploi_du_temps
"Excusez-moi, pourriez-vous me dire : Pourriez-vous m’indiquer le créneau de biologie cellulaire ?",emploi_du_temps
Combien de crédits faut-il pour se spécialiser en Philosophie ?,formation
Quand a lieu le prochain cours de psychologie cognitive ?,emploi_du_temps
"Le Wi-Fi ne fonctionne pas, que puis-je faire ?",service_campus
"Bonjour, Pourriez-vous me dire : Comment me connecter au VPN de l’université ?",service_campus
"Bonsoir, Quelle est la politique concernant le plagiat ?",reglement
"Quelles sont les UE obligatoires pour le MBA Finance , si possible ?",formation
Comment me connecter au Wi-Fi de l’université ?,service_campus
"Bonjour, j’aimerais savoir : Quels documents sont requis pour un changement de parcours ?",procedure_administrative
"Bonsoir, Pourriez-vous me dire : Quelle est la politique concernant le rattrapage d’examen ?",reglement
Quels sont les horaires d’ouverture de la bureau des carrières ?,service_campus
Pourriez-vous me dire : Existe-t-il un minimum de crédits ou de moyenne par semestre  !?,reglement
Comment me connecter au Wi-Fi de l’université ?,service_campus
"J’ai perdu mes clés, où se situe le bureau des objets trouvés ?",service_campus
"Bonsoir, comment réussir le prochain module de statistiques ?",formation
Comment réussir le prochain module des tatistiques ?,formation
Est-il possible de savoir puis-je réserver une salle de travail ou un terrain de sport ?,service_campus
Quelles sont les règles pour le retrait d’un cours ?,reglement
Est-il possible de savoir quels documents sont requis pour un changement de parcours  !?,procedure_administrative
"Quel est l’horaire du cours de biologie cellulaire avec le professeur Bennani , merci d’avance ?",emploi_du_temps
"Bonsoir, où soumettre la demande de carte étudiante ?",procedure_administrative
"Petite question : comment payer mes frais de scolarité , pour aujourd’hui ?",procedure_administrative
J’aimerais savoir : Où puis-je imprimer mes documents sur le campus ?,service_campus
Est-il possible de savoir où soumettre la demande de carte étudiante ?,procedure_administrative
Où soumettre la demande de carte étudiante ?,procedure_administrative
"Quelles sont les matières principales en Lettres modernes , pour la semaine prochaine ?",formation
"S'il vous plaît, Quelles sont les matières principales en Psychologie ?",formation
"Bonjour, où consulter le code de conduite des étudiants , c’est urgent ?",reglement
Pourriez-vous me dire : Quels sont les horaires d’ouverture de la gymnase ?,service_campus
Pouvez-vous me donner l’emploi du temps du semestre de printemps pour robotique ?,emploi_du_temps
Comment réussir le prochain module de statistiques ?,formation
J’aimerais savoir : Puis-je changer de majeure ou de spécialisation en cours d’année ?,formation
"Existe-t-il un minimum de crédits ou de moyenne par semestre , pour la semaine prochaine ?",reglement
"J’ai perdu mes clés, où se situe le bureau des objets trouvés ?",service_campus
"Pourriez-vous me dire : Le ENT ne fonctionne pas, que puis-je faire ?",service_campus
"Quels sont les horaires d’ouverture de la gymnase , merci d’avance ?",service_campus
"Pardon, quelle est la date limite pour l’abandon d’une UE ?",procedure_administrative
"S'il vous plaît, J’aimerais savoir : J’aimerais savoir quand se déroule le cours de psychologie cognitive , merci d’avance ?",emploi_du_temps
Est-il possible de savoir pourriez-vous m’indiquer le créneau de programmation Python ?,emploi_du_temps
"Excusez-moi, Quels sont les prerequis pour le Master Robotique ?",formation
"S'il vous plaît, Où et à quelle heure est mon cours du mercredi à 14h00 ?",emploi_du_temps
"Bonjour, Quelles sont les UE obligatoires pour le Parcours Data Science ?",formation
Comment obtenir une convention de stage ?,procedure_administrative
À quelle heure commencent les TD de littérature moderne ?,emploi_du_temps
"Bonsoir, Pourriez-vous me dire : Où se trouve la service logement ?",service_campus
Pourriez-vous me dire : Que se passe-t-il en cas de triche à un examen ?,reglement
Pouvez-vous me donner l’emploi du temps du semestre de automne pour chimie organique ?,emploi_du_temps
"S'il vous plaît, quelles sont les règles pour le retrait d’un cours ?",reglement
"Pourriez-vous me dire : Comment demander un report d’admission , c’est urgent ?",procedure_administrative
Y a-t-il un règlement spécifique pour les stages ?,reglement
Quels sont les prérequis pour le Parcours Data Science ?,formation
Est-il possible de savoir où et à quelle heure est mon cours du vendredi à 16h30  !?,emploi_du_temps
Petite question : Est-il possible de savoir où déposer mon dossier pour candidater pour la remise de diplôme ?,procedure_administrative
J’aimerais savoir : Où et à quelle heure est mon cours du lundi à 8h30 ?,emploi_du_temps
Pourriez-vous me dire : Puis-je changer de majeure ou de spécialisation en cours d’année ?,formation
Comment réussir le prochain module de statistiques ?,formation
Puis-je changer de majeure ou de spécialisation en cours d’année … ?,formation
Pourriez-vous me dire : Comment demander un report d’admission ?,procedure_administrative
Quelle est la date limite pour l’inscription aux cours ?,procedure_administrative
Que se passe-t-il en cas de triche à un examen ?,reglement
"S'il vous plaît, Pourriez-vous me dire : Combien d’absences sont autorisées avant une sanction ?",reglement
"J’aimerais savoir : Comment réussir le prochain module de statistiques , c’est urgent ?",formation
"Bonsoir, j’aimerais savoir : Où puis-je imprimer mes documents sur le campus , merci d’avance ?",service_campus
J’aimerais savoir : Où soumettre la demande de carte étudiante ?,procedure_administrative
"Bonsssoir, combien de crédits faut-il pour se spécialiser en Lettres modernes ?",formation
"Est-il possible de savoir où et à quelle heure est mon cours du vendredi à 8h30 , pour aujourd’hui ?",emploi_du_temps
J’aimerais savoir : Où puis-je imprimer mes documents sur le campus ?,service_campus
Pourriez-vous me dire : Quelle est la politique concernant le probation académique ?,reglement
"Pardon, Quels documents sont requis pour un changement de parcours ?",procedure_administrative
Puis-je réserver une salle de travail ou un terrain de sport ?,service_campus
Où et à quelle heure est mon cours du vendredi à 8h30 ?,emploi_du_temps
Est-il possible de savoir quelles sont les UE obligatoires pour le MBA Finance ?,formation
"S'il vous plaît, Est-il possible de savoir puis-je changer de majeure ou de spécialisation en cours d’année ?",formation
"Quelles sont les matières principales en Biologie , merci d’avance  !?",formation
"Quelles sont les règles pour le retrait d’un cours , merci d’avance ?",reglement
Puis-je changer de majeure ou de spécialisation en cours d’année ?,formation
"Pardon, puis-je réserver une salle de travail ou un terrain de sport ?",service_campus
"Bonjour, j’aimerais savoir : quel est l’horaire du cours de robotique avec le professeur bennani  ??",emploi_du_temps
Pourriez-vous me dire : Quel est l’horaire du cours de algèbre avancée avec le professeur Bennani ?,emploi_du_temps
Petite question : Quelle est la politique concernant le retards ?,reglement
Pourriez-vous me dire : Où se trouve la bibliothèque centrale  ??,service_campus
"Existe-t-il un minimum de crédits ou de moyenne par semestre , merci d’avance ?",reglement
Petite question : Est-il possible de savoir comment demander un report d’admission ?,procedure_administrative
"Est-il possible de savoir où et à quelle heure est mon cours du lundi à 16h30 , pour la semaine prochaine ?",emploi_du_temps
"Pourriez-vous me dire : Combien d’absences sont autorisées avant une sanction , c’est urgent ?",reglement
"Comment réussir le prochain module de statitsiques , c’est urgent ?",formation
Pourriez-vous me dire : Quel est l’horaire du cours de psychologie cognitive avec le professeur Moreau ?,emploi_du_temps
"Bonjour, Où et à quelle heure est mon cours du mardi à 8h30 ?",emploi_du_temps
Pourriez-vous me dire : Comment me connecter au Wi-Fi de l’université ?,service_campus
Pourriez-vous me dire : Quelles sont les matières principales en Biologie ?,formation
Est-il possible de savoir combien de crédits faut-il pour se spécialiser en Philosophie ?,formation
Est-il possible de savoir quel est l’horaire du cours de droit public avec le professeur Anderson ?,emploi_du_temps
"S'il vous plaît, le portail étudiant ne fonctionne pas, que puis-je faire ?",service_campus
Y a-t-il un règlement spécifique pour les stages ?,reglement
Est-il possible de savoir où déposer mon dossier pour renouveler ma carte étudiante ?,procedure_administrative
"Bonjour, j’ai perdu mes clés, où se situe le bureau des objets trouvés ?",service_campus
"S'il vous plaît, pourriez-vous me dire : Quels sont les prérequis pour le Licence Histoire … ?",formation
Quels documents sont requis pour un changement de parcours ?,procedure_administrative
"Quels sont les horaires d’ouverture de la bibliothèque centrale , pour la semaine prochaine ?",service_campus
Où et à quelle heure est mon cours du jeudi à 14h00  !?,emploi_du_temps
"Bonjour, est-il possible de savoir le Wi-Fi ne fonctionne pas, que puis-je faire ?",service_campus
Pourriez-vous me dire : Pouvez-vous me donner l’emploi du temps du semestre de ete pour biologie cellulaire ?,emploi_du_temps
Quelle est la date limite pour la demande d’aide financière  ??,procedure_administrative
"Bonjour, Où déposer mon dossier pour obtenir une convention de stage  ??",procedure_administrative
J’aimerais savoir : Y a-t-il un règlement spécifique pour les stages ?,reglement
"S'il vous plaît, Puis-je changer de majeure ou de spécialisation en cours d’année , pour la semaine prochaine ?",formation
Quels documents sont requis pour un changement de parcours ?,procedure_administrative
"Est-il possible de savoir où soumettre la demande de carte étudiante , pour aujourd’hui ?",procedure_administrative
"S'il vous plaît, Quel est l’horaire du cours de biologie cellulaire avec le professeur Martin ?",emploi_du_temps
Combien de crédits faut-il pour se spécialiser en Biologie ?,formation
Puis-je réserver une salle de travail ou un terrain de sport ?,service_campus
Quels sont les horaires d’ouverture de la centre de santé ?,service_campus
"Est-il possible de savoir j’ai perdu mes clés, où se situe le bureau des objets trouvés ?",service_campus
Puis-je réserver une salle de travail ou un terrain de sport  ??,service_campus
"S'il vous plaît, existe-t-il un minimum de crédits ou de moyenne par semestre … ?",reglement
"S'il vous plaît, Pourriez-vous me dire : Quels sont les prérequis pour le Master Robotique ?",formation
"Pardon, Où déposer mon dossier pour demander un relevé officiel , pour la semaine prochaine ?",procedure_administrative
"J’aimerais savoir : Comment me connecter au VPN de l’université , c’est urgent ?",service_campus
Est-il possible de savoir où puis-je imprimer mes documents sur le campus ?,service_campus
"Bonsoir, Où soumettre la demande de carte étudiante ?",procedure_administrative
Est-il possible de savoir comment réussir le prochain module de statistiques ?,formation
"S'il vous plaît, est-il possible de savoir que se passe-t-il en cas de triche à un examen ?",reglement
"S'il vous plaît, quand a lieu le prochain cours de statistiques appliquées ?",emploi_du_temps
J’aimerais savoir : Quels sont les horaires d’ouverture de la service logement ?,service_campus
J’aimerais savoir : Combien d’absences sont autorisées avant une sanction ?,reglement
"Pourriez-vous me dire : Quand a lieu le prochain cours de économie , pour la semaine prochaine ?",emploi_du_temps
Que se passe-t-il en cas de triche à un examen ?,reglement
"Quels sont les horaires d’ouverture de la bibliothèque centrale , pour la semaine prohcaine ?",service_campus
"Comment réussir le prochain module de statistiques , pour aujourd’hui ?",formation
"J’aimerais savoir : Où consulter le code de conduite des étudiants , si possible ?",reglement
Quels documents sont requis pour un changement de parcours ?,procedure_administrative
Combien de crédits faut-il pour se spécialiser en Informatique ?,formation
Où soumettre la demande de carte étudiante ?,procedure_administrative
Combine de crédits faut-il pour se spécialiser en Biologie ?,formation
Quelles sont les règles pour le retrait d’un cours ?,reglement
"Où puis-je imprimer mes documents sur le campus , pour la semaine prochaine ?",service_campus
J’aimerais savoir : J’aimerais savoir quand se déroule le cours de biologie cellulaire ?,emploi_du_temps
"Existe-t-il un minimum de crédits ou de moyenne par semestre , c’est urgent ?",reglement
Comment réussir le prochain module de statistiques ?,formation
"J’ai perdu mes clés, où se situe le bureau des objets trouvés ?",service_campus
"Bonsoir, quelle est la date limite pour la demande d’aide financière ?",procedure_administrative
Combien de crédits faut-il pour se spécialiser en Psychologie ?,formation
"Pardon, Comment demander un report d’admission ?",procedure_administrative
Comment réussir le prochain module de statistiques ?,formation
Où se trouve la maison des étudiants ?,service_campus
"Excusez-moi, Où se trouve la service logement ?",service_campus
Quelles sont les matières principales en Psychologie  ??,formation
Petite question : quelle est la date limite pour la demande d’aide financière ?,procedure_administrative
"J’aimerais savoir : À quelle heure commencent les TD de psychologie cognitive , merci d’avance ?",emploi_du_temps
"S'il vous plaît, Puis-je changer de majeure ou de spécialisation en cours d’année ?",formation
Quelles sont les UE obligatoires pour le Master Robotique ?,formation
J’aimerais savoir : Quand a lieu le prochain cours de littérature moderne ?,emploi_du_temps
Combien d’absences sont autorisées avant une sanction … ?,reglement
"Excusez-moi, Existe-t-il un minimum de crédits ou de moyenne par semestre , merci d’avance ?",reglement
J’aimerais savoir : Quelle est la date limite pour la demande d’aide financière ?,procedure_administrative
"Excusez-moi, Pourriez-vous me dire : Où et à quelle heure est mon cours du mercredi à 10h00 ?",emploi_du_temps
Pourriez-vous me dire : Puis-je réserver une salle de travail ou un terrain de sport ?,service_campus
"Peeetite question : Le VPN ne fonctionne pas, que puis-je faire ?",service_campus
Quelles sont les règles pour le retrait d’un cours ?,reglement
Existe-t-il un minimum de crédits ou de moyenne par semestre ?,reglement
Pourriez-vous me dire : Puis-je réserver une salle de travail ou un terrain de sport ?,service_campus
À quelle heure commencent les TD de programmation Python ?,emploi_du_temps
"S'il vous plaît, où puis-je imprimer mes documents sur le campus ?",service_campus
"Comment obtenir une convention de stage , pour aujourd’hui ?",procedure_administrative
Pourriez-vous me dire : Quels sont les prérequis pour le Parcours Data Science ?,formation
"Quelles sont les matières principales en Philosophie , pour la semaine prochaine ?",formation
Est-il possible ed savoir puis-je réserver une salle de travail ou un terrain de sport ?,service_campus
Puis-je réserver une salle de travail ou un terrain de sport ?,service_campus
Petite question : Quels sont les prérequis pour le Master Robotique ?,formation
Que se passe-t-il en cas de triche à un examen ?,reglement
Où et à quelle heure est mon cours du vendredi à 16h30 ?,emploi_du_temps
"S'il vous plaît, quelles sont les matières principales en Biologie ?",formation
J’aimerais savoir : Où déposer mon dossier pour obtenir une convention de stage ?,procedure_administrative
"Pardon, où et à quelle heure est mon cours du mardi à 16h30 ?",emploi_du_temps
"Est-il possible de savoir j’ai perdu mes clés, où se situe le bureau des objets trouvés … ?",service_campus
Pouvez-vous me donner l’emploi du temps du semestre de printemps pour robotique ?,emploi_du_temps
Quelle est la date limite pour l’abandon d’une UE  ??,procedure_administrative
Comment demander un relevé officiel ?,procedure_administrative
Pourriez-vous m’indiquer le créneau de biologie cellulaire ?,emploi_du_temps
"Où et à quelle heure est mon cours du jeudi à 8h30 , pour la semaine prochaine ?",emploi_du_temps
"Bonjour, Comment mettre à jour mon adresse ?",procedure_administrative
J’aimerais savoir : Où soumettre la demande de carte étudiante ?,procedure_administrative
Existe-t-il un minimum de crédits ou de moyenne par semestre ?,reglement
Combien d’absences sont autorisées avant une sanction ?,reglement
Où soumettre la demande de carte étudiante ?,procedure_administrative
J’aimerais savoir : Où et à quelle heure est mon cours du jeudi à 14h00 ?,emploi_du_temps
"S'il vous plaît, Quelle est la date limite pour l’inscription aux cours ?",procedure_administrative
"Bonjour, où puis-je imprimer ems documents sur le campus ?",service_campus
"Bonsoir, Où puis-je imprimer mes documents sur le campus ?",service_campus
Pourriez-vous me dire : Quelles sont les UE obligatoires pour le Licence Histoire ?,formation
Est-il possible de savoir existe-t-il un minimum de crédits ou de moyenne par semestre ?,reglement
"S'il vous plaît, Comment réussir le prochain module de statistiques ?! ?",formation
"Puis-je changer de majeure ou de spécialisation en cours d’année , pour la semaine prochaine ?",formation
Est-il possible de savoir quels sont les horaires d’ouverture de la maison des étudiants ?,service_campus
Y a-t-il un règlement spécifique pour les stages ?,reglement
"Excusez-moi, j’aimerais savoir quand se déroule le cours de biologie cellulaire. ?",emploi_du_temps
Comment payer mes frais de scolarité ?! ?,procedure_administrative
"Excusez-moi, à quelle heure commencent les td de algèbre avancée ?",emploi_du_temps
Est-il possible de savoir quels sont les prérequis pour le Master Robotique ?,formation
Pourriez-vous m’indiquer le créneau de analyse de données ?,emploi_du_temps
"Excusez-moi, Est-il possible de savoir comment réussir le prochain module de statistiques ?",formation
Est-il possible de savoir combien d’absences sont autorisées avant une sanction ?,reglement
"Bonsoir, quels documents sont requis pour un changement de parcours ?",procedure_administrative
"S'il vous plaît, j’aimerais savoir : Quels sont les prérequis pour le Master Robotique ?",formation
Quelles sont les matières principales en Philosophie ?,formation
"Excusez-moi, Quels sont les prérequis pour le Parcours Data Science ?",formation
Comment demander un report d’admission ?,procedure_administrative
Pourriez-vous me dire : Puis-je réserver une salle de travail ou un terrain de sport ?,service_campus
"Bonsoir, Pouvez-vous me donner l’emploi du temps du semestre de automne pour algèbre avancée ?",emploi_du_temps
J’aimerais savoir quand se déroule le cours de analyse de données. ?,emploi_du_temps
"Bonjour, Puis-je réserver une salle de travail ou un terrain de sport ?",service_campus
Combien d’absences sont autorisées avant une sanction ?,reglement
"Bonjour, quels sont les prérequis pour le mba finance ?",formation
"Excusez-moi, quels documents sont requis pour un changement de parcours ?",procedure_administrative
Comment réussir le prochain module de statistiques ?,formation
"Bonjour, quand a lieu le prochain cours de microéconomie ?",emploi_du_temps
J’aimerais savoir : J’aimerais savoir quand se déroule le cours de chimie organique ?,emploi_du_temps
"Est-il possible de savoir quelles sont les UE obligatoires pour le Licence Histoire , si possible ?",formation
Que se passe-t-il en cas de triche à un examen ?,reglement
Est-il possible de savoir quel est l’horaire du cours de chimie organique avec le professeur Dupont ?,emploi_du_temps
Pourriez-vous me dire : J’aimerais savoir quand se déroule le cours de chimie organique ?,emploi_du_temps
Est-il possible de savoir quel est l’horaire du cours de microéconomie avec le professeur Anderson ?,emploi_du_temps
Comment payer mes frais de scolarité ?,procedure_administrative
"Le ENT ne fonctionne pas, que puis-je faire ?",service_campus
"J’aimerais savoir : Le ENT ne fonctionne pas, que puis-je faire ?",service_campus
Pourriez-vous m’indiquer le créneau de robotique ?,emploi_du_temps
"Bonjour, j’aimerais savoir : Comment me connecter au portail étudiant de l’université ?",service_campus
Quelles sont les UE obligatoires pour le Parcours Data Science ?,formation
"Comment deeemander un report d’admission , merci d’avance ?",procedure_administrative
Quelles sont les règles pour le retrait d’un cours ?,reglement
Comment demander un report d’admission ?,procedure_administrative
J’aimerais savoir : Quels documents sont requis pour un changement de parcours ?! ?,procedure_administrative
"Bonsoir, Quand a lieu le prochain cours de analyse de données ?",emploi_du_temps
Est-il possible de savoir existe-t-il un minimum de crédits ou de moyenne par semestre ?,reglement
Petite question : j’aimerais savoir : Quelles sont les UE obligatoires pour le Master Psychologie  !?,formation
"Pardon, existe-t-il un minimum de crédits ou de moyenne par semestre ?",reglement
"Que se passe-t-il en cas de triche à un examen , si possible ?",reglement
Pourriez-vous me dire : quels documents sont requis pour un changement de parcours ?,procedure_administrative
Où consulter le code de conduite des étudiants ?,reglement
"Pourriez-vous me dire : Combien d’absences sont autorisées avant une sanction , si possible ?",reglement
Quels documents sont requis pour un changement de parcours ?,procedure_administrative
"Bonjour, Pourriez-vous me dire : Y a-t-il un règlement spécifique pour les stages ?",reglement
"Pardon, est-il possible de savoir à quelle heure commencent les TD de analyse de données ?",emploi_du_temps
"S'il vous plaît, Puis-je réserver une sall de travail ou un terrain de sport  ??",service_campus
Quels sont les prérequis pou rle Licence Histoire ?,formation
Pourriez-vous me dire : Combien d’absences sont autorisées avant une sanction ?,reglement
Quels sont les horaires d’ouverture de la maison des étudiants ?,service_campus
Comment me connecter au portail étudiant de l’université ?,service_campus
Est-il possible de savoir que se passe-t-il en cas de triche à un examen ?,reglement
"Excusez-moi, Est-il possible de savoir où déposer mon dossier pour candidater pour la remise de diplôme ?",procedure_administrative
"Bonjour, Quel est l’horaire du cours de biologie cellulaire avec le professeur Anderson ?",emploi_du_temps
Où se trouve la centre de santé ?,service_campus
J’aimerais savoir : Pourriez-vous m’indiquer le créneau de chimie organique ?,emploi_du_temps
"Bonjour, j’aimerais savoir : Quels documents sont requis pour un changement de parcours ?",procedure_administrative
Pourriez-vous me dire : Quelles sont les règles pour le retrait d’un cours ?,reglement
"Où puis-je imprimer mes documents sur le campus , si possible ?",service_campus
Petite question : Comment demander un report d’admission ?,procedure_administrative
J’aimerais savoir quand se déroule le cours de économie. ?,emploi_du_temps
Pourriez-vous me dire : Puis-je changer de majeure ou de spécialisation en cours d’année ?,formation
J’aimerais savoir : Où consulter le code de conduite des étudiants ?,reglement
Où déposer mon dossier pour renouveler ma carte étudiante ?,procedure_administrative
Puis-je changer de majeure ou de spécialisation en cours d’année ?,formation
"J’aimerais savoir : Quelles sont les UE obligatoires pour le Master Robotique , merci d’avance ?",formation
"Bonsoir, À quelle heure commencent les TD de algèbre avancée ?",emploi_du_temps
Pourriez-vous me dire : Quelle est la date limite pour l’abandon d’une UE ?,procedure_administrative
"Quelle est la politique concernant le probation académique , c’est urgent ?",reglement
Comment réussir le prochain module de statistiques ?,formation
Où puis-je imprimer mes documents sur le campus ?,service_campus
"S'il vous plaît, J’aimerais savoir : Quelles sont les matières principales en Biologie ?",formation
"Bonjour, Puis-je changer de majeure ou de spécialisation en cours d’année ?",formation
Où déposer mon dossier pour obtenir une convention de stage ?,procedure_administrative
"Bonjour, pourriez-vous me dire : Où puis-je imprimer mes documents sur le campus ?",service_campus
"Excusez-moi, Quels sot les horaires d’ouverture de la gymnase ?",service_campus
Petite question : que se passe-t-il en cas de triche à un examen ?,reglement
Pourriez-vous me dire : Quelles sont les règles pour le retrait d’un cours ?,reglement
"J’ai perdu mes clés, où se situe le bureau des objets trouvés ?",service_campus
Combien de crédits faut-il pour se spécialiser en Philosophie … ?,formation
Pourriez-vous me dire : Comment demander un report d’admission ?,procedure_administrative
Où soumettre la demande de carte étudiante ?,procedure_administrative
"Puis-je réserver une salle de travail ou un terrain de sport , si possible ?",service_campus
"Est-il possible de savoir le ENT ne fonctionne pas, que puis-je faire ?",service_campus
Est-il possible de savoir où puis-je imprimer mes documents sur le campus ?,service_campus
Quelle est la date limite pour l’inscription aux cours ?,procedure_administrative
Où consulter le code de conduite des étudiants … ?,reglement
Petite question ::: où soumettre la demande de carte étudiante ?,procedure_administrative
Où se trouve la centre de santé ?,service_campus
"Où et à quelle heure est mon cours du mercredi à 8h30 , si possible ?",emploi_du_temps
Quels documents sont requis pour un changement de parcours ?,procedure_administrative
Quelles sont les UE obligatoires pour le Parcours Data Science ?,formation
Quelle est la date limite pour la demande d’aide financière ?,procedure_administrative
Pourriez-vous me dire : Puis-je réserver une salle de travail ou un terrain de sport ?,service_campus
"Quel est l’horaire du cours de chimie organique avec le professeur Moreau , si possible  !?",emploi_du_temps
Est-il possible de savoir puis-je réserver une salle de travail ou un terrain de sport ?,service_campus
J’aimerais savoir : Combien de crédits faut-il pour se spécialiser en Psychologie ?,formation
Quels documents sont requis pour un changement de parcours ?,procedure_administrative
J’aimerais savoir : Où consulter le code de conduite des étudiants ?,reglement
"J’aimerais savoir : J’ai perdu mes clés, où se situe le bureau des objets trouvés ?",service_campus
"S'il vous plaît, Puis-je changer de majeure ou de spécialisation en cours d’année , c’est urgent ?",formation
Petite question : j’aimerais savoir : Quel est l’horaire du cours de analyse de données avec le professeur Nguyen ?,emploi_du_temps
Où soumettre la demande de carte étudiante ?! ?,procedure_administrative
Où puis-je imprimer mes documents sur le campus ?,service_campus
Quelles sont les UE obligatoires pour le Master Robotique ?,formation
"Le ENT ne fonctionne pas, que puis-je faire ?",service_campus
Est-il possible de savoir pouvez-vous me donner l’emploi du temps du semestre de printemps pour microéconomie ?,emploi_du_temps
"S'il vous plaît, puis-je changer de majeure ou de spécialisation en cours d’année ?",formation
"Excusez-moi, est-il possible de savoir puis-je changer de majeure ou de spécialisation en cours d’année ?",formation
"Comment payer mes frais de scolarité , merci d’avance ?",procedure_administrative
Puis-je réserver une salle de travail ou un terrain de sport ?,service_campus
Est-il possible de savoir où se trouve la bureau des carrières ?,service_campus
"Où consulter le code de conduite des étudiants , merci d’avance ?",reglement
"J’aimerais savoir : Quels documents sont requis pour un changement de parcours , si possible … ?",procedure_administrative
Quelle est la date limite pour la demande d’aide financière  !?,procedure_administrative
Quelle est la politique concernant le probation académique ?,reglement
"Pourriez-vous me dire : J’ai perdu mes clés, où se situe le bureau des objets trouvés ?",service_campus
Pourriez-vous me dire : Combien d’absences sont autorisées avant une sanction ?,reglement
Quand a lieu le prochain cours de microéconomie ?,emploi_du_temps
"J’ai perdu mes clés, où se situe le bureau des objets trouvés  !?",service_campus
Pourriez-vous me dire : Quand a lieu le prochain cours de chimie organique ?,emploi_du_temps
Y a-t-il un règlement spécifique pour les stages ?,reglement
"Quelle est la politique concernant le probation académique , merci d’avance ?",reglement
Comment demander un report d’admission ?,procedure_administrative
Est-il possible de savoir pourriez-vous m’indiquer le créneau de littérature moderne ?,emploi_du_temps
Pouvez-vous me donner l’emploi du temps du semestre de été pour microéconomie ?,emploi_du_temps
"J’aimerais savoir : Le Wi-Fi ne fonctionne pas, que puis-je faire , c’est urgent ?",service_campus
Est-il possible de savoir où puis-je imprimer mes documents sur le campus ?,service_campus
"Excusez-moi, À quelle heure commencent les TD de psychologie cognitive ?",emploi_du_temps
"Pardon, Pourriez-vous m’indiquer le créneau de psychologie cognitive ?",emploi_du_temps
Comment payer mes frais de scolarité ?,procedure_administrative
J’aimerais savoir : Quelles sont les UE obligatoires pour le MBA Finance ?,formation
"Pardon, Où soumettre la demande de carte étudiante , pour la semaine prochaine ?! ?",procedure_administrative
J’aimerais savoir : Y a-t-il un règlement spécifique pour les stages  ??,reglement
Quelles sont les UE obligatoires pour le Parcours Data Science ?,formation
Pourriez-vous me dire : Quand a lieu le prochain cours de statistiques appliquées ?,emploi_du_temps
Quelle est la politique concernant le plagiat ?,reglement
Pourriez-vous me dire : Quels sont les horaires d’ouverture de la centre de santé ?,service_campus
Quels documents sont requis pour un changemennnt de parcours ?! ?,procedure_administrative
Est-il possible de savoir où déposer mon dossier pour payer mes frais de scolarité ?,procedure_administrative
Comment mettre à jour mon adresse ?,procedure_administrative
"Comment candidater pour la remise de diplôme , pour aujourd’hui ?",procedure_administrative
Quelles sont les règles pour le retrait d’un cours ?,reglement
Quelle est la politique concernant le probation académique ?,reglement
Pourriez-vous me dire : Pourriez-vous m’indiquer le créneau de chimie organique ?,emploi_du_temps
"Le VPN ne fonctionne pas, que puis-je faire ?",service_campus
Pourriez-vous me dire : Où soumettre la demande de carte étudiante ?,procedure_administrative
Où déposer mon dossier pour candidater pour la remise de diplôme ?,procedure_administrative
Pourriez-vous me dire : Comment demander un report d’admission  ??,procedure_administrative
J’aimerais savoir : Où et à quelle heure est mon cours du mercredi à 10h00 ?,emploi_du_temps
"Pardon, J’aimerais savoir : Pouvez-vous me donner l’emploi du temps du semestre de été pour microéconomie ?",emploi_du_temps
Pourriez-vous me dire : Quelles sont les matières principales en Psychologie ?,formation
Comment réussir le prochain module de statistiques ?,formation
"Comment réussir le prochain module de statistiques , si possible ?",formation
J’aimerais savoir : Quels sont les prérequis pour le Parcours Data Science ?,formation
Combien de crédits faut-il pour se spécialiser en Informatique … ?,formation
"Est-il possible de savoir quelles sont les matières principales en Lettres modernes , si possible ?",formation
Pouvez-vous me donner l’emploi du temps du semestre de automne pour chimie organique ?,emploi_du_temps
Où déposer mon dossier pour renouveler ma carte étudiante ?,procedure_administrative
Où soumettre la demande de carte étudiante  !?,procedure_administrative
Est-il possible de savoir où soumettre la demande de carte étudiante … ?,procedure_administrative
Quels sont les prérequis pour le Master Robotique ?,formation
Quels documents sont requis pour un changement de parcours … ?,procedure_administrative
Quelles sont les règles pour le retrait d’un cours ?,reglement
"Quelle est la politique concernant le plagiat , pour la semaine prochaine ?",reglement
Où soumettre la demande de carte étudiante ?,procedure_administrative
"J’aimerais savoir : Quelles sont les UE obligatoires pour le Master Robotique , si possible ?",formation
Quelle est la date limite pour l’inscription aux cours ?,procedure_administrative
Quelles sont les règles pour le retrait d’un cours ?,reglement
Où et à quelle heure est mon cours du vendredi à 14h00  ??,emploi_du_temps
J’aimerais savoir : Pouvez-vous me donner l’emploi du temps du semestre de printemps pour littérature moderne  !?,emploi_du_temps
"Bonsoir, comment payer mes frais de scolarité ?",procedure_administrative
"Pourriez-vous me dire : J’ai perdu mes clés, où se situe le bureau des objets trouvés  ??",service_campus
Est-il possible de savoir quelles sont les matières principales en Lettres modernes ?,formation
"Bonjour, où soumettre la demande de carte étudiante ?",procedure_administrative
Où soumettre la demande de carte étudiante ?,procedure_administrative
"Où soumettre la demande de carte étudiante , merci d’avance ?",procedure_administrative
Quelles sont les UE obligatoires pour le Master Robotique ?,formation
Petite question : pourriez-vous me dire : Puis-je réserver une salle de travail ou un terrain de sport  !?,service_campus
J’aimerais savoir quand se déroule le cours de robotique. ?,emploi_du_temps
Y a-t-il un règlement spécifique pour les stages ?,reglement
"Pourriez-vous me dire : Combien de crédits faut-il pour se spécialiser en Lettres modernes , pour aujourd’hui ?",formation
J’aimerais savoir : Combien d’absences sont autorisées avant une sanction ?,reglement
Puis-je changer de majeure ou de spécialisation en cours d’année ?,formation
Où et à quelle heure est mon cours du mardi à 16h30 ?,emploi_du_temps
Petite question : quels documents sont requis pour un changement de parcours ?,procedure_administrative
J’aimerais savoir : Où consulter le code de conduite des étudiants ?,reglement
"Excusez-moi, pourriez-vous m’indiquer le créneau de robotique ?",emploi_du_temps
Où déposer mon dossier pour obtenir une convention de stage ?,procedure_administrative
"Pourriez-vous me dire : Quand a lieu le prochain cours de biologie cellulaire , pour aujourd’hui ?",emploi_du_temps
Est-il possible de savoir j’aimerais savoir quand se déroule le cours de droit public  ??,emploi_du_temps
Que se passe-t-il en cas de triche à un examen ?,reglement
Pouvez-vous me donner l’emploi du temps du semestre de printemps pour algèbre avancée ?,emploi_du_temps
Puis-je changer de majeure ou de spécialisation en cours d’année ?,formation
Combien d’absences sont autorisées avant une sanction ?,reglement
Petite question : Pourriez-vous me dire : Quel est l’horaire du cours de algèbre avancée avec le professeur Nguyen ?,emploi_du_temps
Pouvez-vous me donner l’emploi du temps du semestre de été pour analyse de données ?,emploi_du_temps
Quels sont les prérequis pour le Licence Histoire ?,formation
"Existe-t-il un minimum de crédits ou de moyenne par semestre , c’est urgent ?",reglement
"Où et à quelle heure est mon cours du mardi à 10h00 , c’est urgent ?",emploi_du_temps
"S'il vous plaît, Pourriez-vous m’indiquer le créneau de analye de données ?",emploi_du_temps
Existe-t-il un minimum de crédits ou de moyenne par semestre ?,reglement
J’aimerais savoir : Où et à quelle heure est mon cours du vendredi à 10h00 ?,emploi_du_temps
"Pourriez-vous me dire : Le VPN ne fonctionne pas, que puis-je faire , pour aujourd’hui ?",service_campus
"Pourriez-vous me dire : Le VPN ne fonctionne pas, que puis-je faire ?",service_campus
Où et à quelle heure est mon cours du vendredi à 16h30 ?,emploi_du_temps
"Excusez-moi, j’aimerais savoir : Où consulter le code de conduite des étudiants ?",reglement
"Est-il possible de savoir où soumettre la demande de carte étudiante , pour la semaine prochaine ?",procedure_administrative
Combien de crédits faut-il pour se spécialiser en Philosophie ?,formation
J’aimerais savoir : Comment demander un report d’admission ?,procedure_administrative
Petite question : Y a-t-il un règlement spécifique pour les stages ?,reglement
"Pardon, j’aimerais savoir : Comment demander un report d’admission , pour la semaine prochaine ?",procedure_administrative
Pourriez-vous m’indiquer l ecréneau de algèbre avancée ?,emploi_du_temps
Est-il possible de savoir quels sont les prérequis pour le Parcours Data Science ?,formation
"S'il vous plaît, puis-je changer de majeure ou de spécialisation en cours d’année ?",formation
"Quelle est la date limite pour la demande d’aide financière , si possible … ?",procedure_administrative
J’aimerais savoir : Quand a lieu le prochain cours de algèbre avancée ?,emploi_du_temps
Pourriez-vous me dire : J’aimerais savoir quand se déroule le cours de économie ?,emploi_du_temps
Où soumettre la demande de carte étudiante … ?,procedure_administrative
Combien de crédits faut-il pour se spécialiser en Informatique ?,formation
Est-il possible de savoir quels sont les horaires d’ouverture de la gymnase ?,service_campus
"Pourriez-vous me dire : J’ai perdu mes clés, où se situe le bureau des objets trouvés ?! ?",service_campus
"Quel est l’horaire du cours de microéconomie avec le professeur Dubois , si possible ?",emploi_du_temps
Combien d’absences sont autorisées avant une sanction ?,reglement
"Quand a lieu le prochain cours de robotique , pour aujourd’hui … ?",emploi_du_temps
J’aimerais savoir : Que se passe-t-il en cas de triche à un examen ?,reglement
Comment demander un report d’admission ?,procedure_administrative
Est-il possible de savoir où soumettre la demande de carte étudiante ?,procedure_administrative
Petite question : pourriez-vous me dire : Où puis-je imprimer mes documents sur le campus ?,service_campus
"Bonsoir, existe-t-il un minimum de crédits ou de moyenne par semestre ?",reglement
"Combien de crédits faut-il pour se spécialiser en Biologie , si possible  ??",formation
Pourriez-vous me dire : Quelles sont les règles pour le retrait d’un cours ?,reglement
"Pardon, Pourriez-vous me dire : Pourriez-vous m’indiquer le créneau de programmation Python ?",emploi_du_temps
Où se trouve la service logement ?,service_campus
"Bonjour, à quelle heure commencent les TD de algèbre avancée ?",emploi_du_temps
Quels sont les horaires d’ouverture de la bibliothèque centrale  !?,service_campus
"Bonsoir, y a-t-il un règlement spécifique pour les stages ?",reglement
Est-il possible de savoir quand a lieu le prochain cours de droit public ?,emploi_du_temps
"Quels sont les horaires d’ouverture de la gymnase , merci d’avance … ?",service_campus
Quelles sont les règles pour le retrait d’un cours ?,reglement
"Pourriez-vous me dire : Y a-t-il un règlement spécifique pour les stages , pour aujourd’hui ?",reglement
Comment demander un report d’admission ?,procedure_administrative
Est-il possible de savoir où déposer mon dossier pour renouveler ma carte étudiante ?,procedure_administrative
"Bonjour, Pourriez-vous me dire : Quand a lieu le prochain cours de robotique ?",emploi_du_temps
Pourriez-vous me dire : Quelles sont les matières principales en Biologie ?,formation
"Pardon, quels sont les prérequis pour le Master Psychologie ?",formation
"J’ai perdu mes clés, où se situe le bureau des objets trovés  ??",service_campus
Est-il possible de savoir j’aimerais savoir quand se déroule le cours de programmation Python ?,emploi_du_temps
"Excusez-moi, J’aimerais savoir : Puis-je changer de majeure ou de spécialisation en cours d’année , merci d’avance  !?",formation
Combien de crédits faut-il pour se spécialiser en Biologie ?,formation
Quel est l’horaire du cours de économie avec le professeur Dupont ?,emploi_du_temps
Pourriez-vous me dire : Combien de crédits faut-il pour se spécialiser en Philosophie ?,formation
Pourriez-vous me dire : Comment me connecter au portail étudiant de l’université ?,service_campus
"Bonsoir, J’aimerais savoir : Combien de crédits faut-il pour se spécialise ren Philosophie , merci d’avance ?",formation
J’aimerais savoir quand se déroule le cours de robotique. ?,emploi_du_temps
Combien de crédits faut-il pour se spécialiser en Lettres modernes ?,formation
"Pardon, quand a lieu le prochain cours de statistiques appliquées ?",emploi_du_temps
"Excusez-moi, J’aimerais savoir quand se déroule le cours de analyse de données. ?",emploi_du_temps
"Quels sont les horaires d’ouverture de la bureau des carrières , si possible ?",service_campus
Combien d’absences sont autorisées avant une sanction ?,reglement
Où puis-je imprimer mes documents sur le campus  !?,service_campus
Quelle est la politique concernant le retards ?,reglement
Est-il possible de savoir quels documents sont requis pour un changement de parcours ?,procedure_administrative
Comment me connecter au VPN de l’université ?,service_campus
"Pardon, Est-il possible de savoir comment mettre à jour mon adresse … ?",procedure_administrative
"J’ai perdu mes clés, où se situe le bureau des objets trouvés ?",service_campus
Pourriez-vous me dire : Comment me connecter au VPN de l’université ?,service_campus
Où et à quelle heure est mon cours du mercredi à 16h30 ?,emploi_du_temps
"Bonjour, est-il possible de savoir le Wi-Fi ne fonctionne pas, que puis-je faire ?",service_campus
"J’ai perdu mes clés, où se situe le bureau des objets trouvés ?",service_campus
J’aimerais savoir : Comment demander un report d’admission ?,procedure_administrative
"Petite question : Comment obtenir une convention de stage , si possible ?",procedure_administrative
"Bonsoir, j’aimerais savoir : Quelle est la politique concernant le probation académique ?",reglement
Comment demander un report d’admission ?,procedure_administrative
Puis-je changer de majeure ou de spécialisation en cours d’année ?,formation
"Puis-je réserver une salle de travail ou un terrain de sport , pour aujourd’hui ?",service_campus
Comment candidater pour la remise de diplôme ?,procedure_administrative
Comment demander un relevé officiel ?,procedure_administrative
Puis-je changer de majeure ou de spécialisation en cours d’année ?,formation
Quelle est la politique concernant le absence aux cours ?,reglement
Est-il possible de savoir comment me connecter au portail étudiant de l’université  ??,service_campus
J’aimerais savoir : Où puis-je imprimer mes documents sur le campus ?,service_campus
Ou consulter le code de conduite des etudiants ?,reglement
"Pardon, J’aimerais savoir quand se déroule le cours de économie. ?",emploi_du_temps
"Le VPN ne fonctionne pas, que puis-je faire ?",service_campus
"Est-il possible de savoir quelles sont les règles pour le retrait d’un cours , pour la semaine prochaine ?",reglement
Pourriez-vous me dire : Comment demander un report d’admission ?,procedure_administrative
"S'il vous plaît, comment réussir le prochain module de statistiques , merci d’avance ?",formation
"Pourriez-vous me dire : Comment obtenir une convention de stage , si possible ?",procedure_administrative
À quelle heure commencent les TD de économie ?,emploi_du_temps
Où déposer mon dossier pour demander un relevé officiel ?,procedure_administrative
"J’aimerais savoir : J’ai perdu mes clés, où se situe le bureau des objets trouvés , c’est urgent ?",service_campus
Pourriez-vous me dire : Comment demander un report d’admission ?,procedure_administrative
Pourriez-vous me dire : Puis-je changer de majeure ou de spécialisation en cours d’année ?,formation
"Quel est l’horaire du cours de économie avec le professeur Bennani , merci d’avance ?",emploi_du_temps
"Pouvez-vous me donner l’emploi du temps du semestre de automne pour psychologie cognitive , pour la semaine prochaine ?",emploi_du_temps
J’aimerais savoir : uQelle est la politique concernant le absence aux cours ?,reglement
"Pourriez-vous me dire : J’ai perdu mes clés, où se situe le bureau des objets trouvés ?",service_campus
Combien de crédits faut-il pour se spécialiser en Philosophie ?,formation
"J’ai perdu mes clés, où se situe le bureau des objets trouvés ?",service_campus
"Le Wi-Fi ne fonctionne pas, que puis-je faire  !?",service_campus
Comment demander un report d’admission ?,procedure_administrative
"Bonsoir, J’aimerais savoir : Où se trouve la centre de santé ?",service_campus
Est-il possible de savoir comment demander un report d’admission ?,procedure_administrative
Où soumettre la demande de carte étudiante ?,procedure_administrative
"S'il vous plaît, Pourriez-vous me dire : Puis-je changer de majeure ou de spécialisation en cours d’année ?",formation
Est-il possible de savoir où et à quelle heure est mon cours du vendredi à 14h00 ?,emploi_du_temps
"Bonjour, Quelle est la politique concernant le retards ?",reglement
"Où déposer mon dossier pour renouveler ma carte étudiante , merci d’avance ?",procedure_administrative
Puis-je changer de majeure ou de spécialisation en cours d’année ?,formation
"Quelle est la politique concernant le plagiat , c’est urgent ?",reglement
Existe-t-il un minimum de crédits ou de moyenne par semestre ?,reglement
Quelles sont les matières principales en Biologie ?,formation
Est-il possible de savoir comment réussir le prochain module de statistiques  !?,formation
Petite question : J’aimerais savoir : Quelle est la politique concernant le probation académique ?,reglement
Où puis-je imprimer mes documents sur le campus ?,service_campus
Quelles sont les matières principales en Biologie … ?,formation
Petite question : À quelle heure commencent les TD de psychologie cognitive ?,emploi_du_temps
Où consulter le code de conduite des étudiants ?,reglement
"Bonsoir, pourriez-vous m’indiquer le créneau de programmation python ?",emploi_du_temps
Petite question : où soumettre la demande de carte étudiante ?,procedure_administrative
"Combien de crédits faut-il pour se spécialiser en Informatique , si possible ?",formation
"Bonsoir, puis-je réserver une salle de travail ou un terrain de sport ?",service_campus
Comment me connecter au VPN de l’université ?,service_campus
"S'il vous plaît, Comment demander un relevé officiel , pour aujourd’hui ?",procedure_administrative
"Quand a lieu le prochain cours de biologie cellulaire , si possible ?",emploi_du_temps
Est-il possible de savoir quelle est la politique concernant le retards ?,reglement
"Excusez-moi, Est-il possible de savoir où déposer mon dossier pour demander un relevé officiel ?",procedure_administrative
Quelle est la date limite pour la demande d’aide financière ?,procedure_administrative
J’aimerais savoir : Combien de crédits faut-il pour se spécialiser en Informatique ?,formation
"Est-il possible de savoir quelle est la date limite pour la demande d’aide financière , c’est urgent ?",procedure_administrative
"J’aimerais savoir : Quand a lieu le prochain cours de analyse de données , pour aujourd’hui ?",emploi_du_temps
Comment mettre à jour mon adresse ?,procedure_administrative
Combien de crédits faut-il pour se spécialiser en Psychologie ?,formation
"Pourriez-vous me dire : Comment me connecter au Wi-Fi de l’université , pour aujourd’hui ?",service_campus
Que se passe-t-il en cas de triche à un examen ?,reglement
"Est-il possible de savoir le ENT ne fonctionne pas, que puis-je faire ?",service_campus
"Combien de crédits faut-il pour se spécialiser en Informatique , c’est urgent ?",formation
"Quels sont les prérequis pour le MBA Finance , merci d’avance ?",formation
"Quelles sont les règles pour le retrait d’un cours , merci d’avance ?",reglement
Pourriez-vous me dire : Où déposer mon dossier pour mettre à jour mon adresse ?,procedure_administrative
Quels sont les horaires d’ouverture de la bibliothèque centrale ?,service_campus
UQelles sont les matières principales en Informatique ?,formation
"Pardon, Comment demander un report d’admission ?",procedure_administrative
Est-il possible de savoir y a-t-il un règlement spécifique pour les stages ?,reglement
"Est-il possible de savoir où consulter le code de conduite des étudiants , merci d’avance ?",reglement
Pouvez-vous me donner l’emploi du temps du semestre de automne pour psychologie cognitive ?,emploi_du_temps
Est-il possible de savoir combien d’absences sont autorisées avant une sanction ?,reglement
Comment réussir le prochain module de statistiques  ??,formation
Où se trouve la bibliothèque centrale ?,service_campus
"Le VPN ne fonctionne pas, que puis-je faire ?",service_campus
Comment me connecter au ENT de l’université ?,service_campus
Comment demander un report d’admission ?,procedure_administrative
"Bonsoir, à quelle heure commencent les TD de droit public ?",emploi_du_temps
"Quelle est la date limite pour l’inscription aux cours , pour aujourd’hui ?",procedure_administrative
Puis-je réserver une salle de travail ou un terrain de sport  !?,service_campus
Est-il possible de savoir j’aimerais savoir quand se déroule le cours de littérature moderne ?,emploi_du_temps
Quelles sont les matières principales en Biologie ?,formation
"Pardon, Puis-je réserver une salle de travail ou un terrain de sport , c’est urgent ?",service_campus
Quelles sont les règles pour le   retrait d’un cours ?,reglement
"Bonsoir, Le Wi-Fi ne fonctionne pas, que puis-je faire , si possible ?",service_campus
"Bonjour, où puis-je imprimer mes documents sur le campus ?",service_campus
J’aimerais savoir : Pourriez-vous m’indiquer le créneau de droit public ?,emploi_du_temps
Quels sont les prérequis pour le Master Psychologie ?,formation
"Quels documents sont requis pour un changement de parcours , pour aujourd’hui ?",procedure_administrative
"Est-il possible de savoir quelle est la politique concernant le plagiat , c’est urgent ?",reglement
"Bonsoir, j’ai perdu mes clés ,où se situe le bureau des objets trouvés ?",service_campus
Pouvez-vous me donner l’emploi du temps du semestre de été pour robotique ?,emploi_du_temps
Où puis-je imprimer mes documents sur le campus ?,service_campus
Pourriez-vous me dire : Pourriez-vous m’indiquer le créneau de statistiques appliquées ?,emploi_du_temps
"Bonjour, Comment me connecter au Wi-Fi de l’université ?",service_campus
Où se trouve la bureau des carrières ?,service_campus
Où puis-je imprimer mes documents sur le campus ?,service_campus
Est-il possible de savoir où se trouve la bibliothèque centrale ?,service_campus
"Puis-je réserver une salle de travail ou un terrain de sport , c’est urgent ?",service_campus
Est-il possible de savoir quels documents sont requis pour un changement de parcours ?,procedure_administrative
Quelle est la politique concernant le rattrapage d’examen ?,reglement
"Bonsoir, Quels sont les prérequis pour le Master Robotique ?",formation
"Bonsoir, Puis-je réserver une salle de travail ou un terrain de sport ?",service_campus
Où et à quelle heure est mon cours du mercredi à 8h30 ?,emploi_du_temps
"Pourriez-vous me dire : Où se trouve la maison des étudiants , si possible ?",service_campus
J’aimerais savoir : Quelle est la date limite pour l’abandon d’une UE ?,procedure_administrative
"J’aimerais savoir : Combien d’absences sont autorisées avant une sanction , pour aujourd’hui ?",reglement
Est-il possible de savoir où soumettre la demande de carte étudiante  ??,procedure_administrative
Où puis-je imprimer mes documents sur le campus ?,service_campus
"Combien d’absences sont autorisées avant une sanction , si possible  ??",reglement
Pourriez-vous me dire : Y a-t-il un règlement spécifique pour les stages ?,reglement
"Bonsoir, Où se trouve la maison des étudiants ?",service_campus
Pourriez-vous me dire : Quelles sont les règles pour le retrait d’un cours ?,reglement
Quels sont les prérequis pour le Licence Histoire ?,formation
"J’aimerais savoir : Le VPN ne fonctionne pas, que puis-je faire ?",service_campus
Comment mettre à jour mon adresse ?,procedure_administrative
Est-il possible de savoir pouvez-vous me donner l’emploi du temps du semestre de automne pour microéconomie ?,emploi_du_temps
J’aimerais savoir quand se déroule le cours de programmation Python. ?,emploi_du_temps
Comment demander un report d’admission ?,procedure_administrative
Est-il possible de savoir où consulter le code de conduite des étudiants ?,reglement
"Pourriez-vous me dire : Où soumettre la demande de carte étudiante , merci d’avance ?",procedure_administrative
Combien d’absences sont autorisées avant une sanction ?,reglement
Est-il possible de savoir j’aimerais savoir quand se déroule le cours de analyse de données  ??,emploi_du_temps
Pourriez-vous me dire : Quelle est la politique concernant le probation académique  !?,reglement
Existe-t-il un minimum de crédits ou de moyenne par semestre ?,reglement
Comment demander un report d’admission ?,procedure_administrative
"Bonjou, J’aimerais savoir : Y a-t-il un règlement spécifique pour les stages ?",reglement
Combien de crédits faut-il pour se spécialiser en Philosophie ?,formation
Où puis-je imprimer mes documents sur le campus ?,service_campus
Quelles sont les règles pour le retrait d’un cours ?,reglement
"Bonjour, Comment candidater pour la remise de diplôme ?",procedure_administrative
Quels documents sont requis pour un changement de parcours ?,procedure_administrative
Est-il possible de savoir quels sont les prérequis pour le MBA Finance ?,formation
Quelle est la date limite pour l’abandon d’une UE … ?,procedure_administrative
Où se trouve la service logement ?,service_campus
Où déposer mon dossier pour demander un relevé officiel ?,procedure_administrative
"S'il vous plaît, où se trouve la gymnase ?",service_campus
"Excusez-moi, Est-il possible de savoir que se passe-t-il en cas de triche à un examen , c’est urgent ?",reglement
"Quel est l’horaire du cours de littérature moderne avec le professeur Moreau , pour la semaine prochaine ?",emploi_du_temps
Est-il possible de savoir quel est l’horaire du cours de microéconomie avec le professeur Anderson ?! ?,emploi_du_temps
Est-il possible de savoir où déposer mon dossier pour demander un relevé officiel ?,procedure_administrative
Comment demander un report d’admission ?,procedure_administrative
"Est-il possible de savoir où soumettre la demande de carte étudiante , merci d’avance  !?",procedure_administrative
Pourriez-vous me dire : Quelles sont les règles pour le retrait d’un cours … ?,reglement
J’aimerais savoir : Pourriez-vous m’indiquer le créneau de psychologie cognitive ?,emploi_du_temps
Pourriez-vous m’indiquer le créneau de programmation Python ?,emploi_du_temps
Puis-je réserver une salle de travail ou un terrain de sport ?,service_campus
"Où déposer mon dossier pour mettre à jour mon adresse , pour la semaine prochaine ?",procedure_administrative
"S'il vous plaît, Le VPN ne fonctionne pas, que puis-je faire , pour la semaine prochaine ?",service_campus
"Quelles sont les règles pour le retrait d’un cours , si possible ?",reglement
Existe-t-il un minimum de crédits ou de moyenne par semestre ?,reglement
"Excusez-moi, Y a-t-il un règlement spécifique pour les stages ?",reglement
"Quelles sont les UE obligatoires pour le MBA Finance , c’est urgent ?",formation
"Bonjour, où soumettre la demande de carte étudiante ?",procedure_administrative
Est-il possible de savoir quelle est la politique concernant le rattrapage d’examen ?,reglement
"Excusez-moi, pourriez-vous me dire : Où soumettre la demande de carte étudiante ?",procedure_administrative
"Excusez-moi, j’aimerais savoir : Existe-t-il un minimum de crédits ou de moyenne par semestre ?",reglement
Quels sont les horaires d’ouverture de la service logement ?,service_campus
Quel est l’horaire du cours de microéconomie avec le professeur Anderson ?,emploi_du_temps
Y a-t-il un règlement spécifique pour les stages ?,reglement
Est-il possible de savoir quelles sont les matières principales en Biologie ?,formation
Puis-je changer de majeure ou de spécialisation en cours d’année ?,formation
Quelles sont les règles pour le retrait d’un cours ?,reglement
Où et à quelle heure est mon cours du jeudi à h830 ?,emploi_du_temps
"Bonjour, j’aimerais savoir : Quelle est la date limite pour l’inscription aux cours ?",procedure_administrative
Petite question : pourriez-vous me dire : Quelles sont les matières principales en Psychologie ?,formation
Quelles sont les matières principales en Biologie ?,formation
"Excusez-moi, comment mettre à jour mon adresse ?",procedure_administrative
J’aimerais savoir : Où déposer mon dossier pour candidater pour la remise de diplôme ?,procedure_administrative
"Pardon, quelle est la date limite pour l’abandon d’une UE ?",procedure_administrative
À quelle heure commencent les TD de biologie cellulaire ?,emploi_du_temps
"S'il vous plaît, J’aimerais savoir quand se déroule le cours de économie. ?",emploi_du_temps
Quels sont les prérequis pour le Master Robotique ?,formation
"Le ENT ne fonctionne pas, que puis-je faire ?",service_campus
Où et à quelle heure est mon cours du vendredi à 10h00 ?,emploi_du_temps
Comment me connecter au Wi-Fi de l’université ?,service_campus
Où puis-je imprimer mes documents sur le campus ?,service_campus
Est-il possible de savoir quels sont les prérequis pour le Parcours Data Science ?,formation
"Excusez-moi, où consulter le code de conduite des étudiants , pour la semaine prochaine ?",reglement
J’aimerais savoir : Combien d’absences sont autorisées avant une sanction ?,reglement
Où soumettre la demande de carte étudiante ?,procedure_administrative
Pourriez-vous m’indiquer le créneau de statistiques appliquées ?,emploi_du_temps
Quelle est la date limite pour l’abandon d’une UE  !?,procedure_administrative
Pourriez-vous me dire : Quelle est la politique concernant le probation academique ?,reglement
"Que se passe-t-il en cas de triche à un examen , pour la semaine prochaine ?",reglement
Quels sont les horaires d’ouverture de la gymnase … ?,service_campus
Où consulter le code de conduite des étudiants ?,reglement
"J’aimerais savoir : Combien de crédits faut-il pour se spécialiser en Philosophie , si possible ?",formation
Puis-je réserver une salle de travail ou un terrain de sport ?,service_campus
"Petite question : Où se trouve la centre de santé , merci d’avance  ??",service_campus
J’aimerais savoir : Où et à quelle heure est mon cours du lundi à 16h30 … ?,emploi_du_temps
Où se trouve la service logement ?! ?,service_campus
Quand a lieu le prochain cours de robotique ?! ?,emploi_du_temps
J’aimerais savoir : Existe-t-il un minimum de créidts ou de moyenne par semestre ?,reglement
J’aimerais savoir : Quand a lieu le prochain cours de économie ?,emploi_du_temps
Comment demander un report d’admission ?,procedure_administrative
Petite question : existe-t-il un minimum de crédits ou de moyenne par semestre ?,reglement
Pouvez-vous me donner l’emploi du temps du semestre de automne pour microéconomie ?,emploi_du_temps
Combien d’absences sont autorisées avant une sanction ?,reglement
Petite question : Pouvez-vous me donner l’emploi du temps du semestre de printemps pour biologie cellulaire ?,emploi_du_temps
À quelle heure commencent les TD de algèbre avancée  ??,emploi_du_temps
Quand a lieu le prochain cours de littérature moderne ?,emploi_du_temps
Où se trouve la gymnase ?,service_campus
Comment demander un report d’admission ?,procedure_administrative
Est-il possible de savoir quel est l’horaire du cours de droit public avec le professeur Bennani ?,emploi_du_temps
"S'il vous plaît, Pourriez-vous me dire : Quelles sont les matières principales en Philosophie ?",formation
Quelles sont les UE obligatoires pour le Parcours Data Science ?,formation
"S'il vous plaît, Pourriez-vous m’indiquer le créneau de économie , c’est urgent ?",emploi_du_temps
Puis-je changer de majeure ou de spécialisation en cours d’année ?,formation
"S'il vous plaît, j’ai perdu mes clés, où se situe le bureau des objets trouvés , pour la semaine prochaine ?",service_campus
"Pardon, Quels sont les prérequis pour le Master Robotique , pour aujourd’hui ?",formation
Quelles sont les UE obligatoires pour le MBA Finance ?,formation
"Bonsoir, où puis-je imprimer mes documents sur le campus ?",service_campus
À quelle heure commencent les TD de chimie organique ?,emploi_du_temps
"Pardon, est-il possible de savoir y a-t-il un règlement spécifique pour les stages ?",reglement
"Bonjour, comment réussir le prochain module de statistiques ?! ?",formation
Combien d’absences sont autorisées avant une sanction ?,reglement
Y a-t-il un règlement spécifique pour les stages ?,reglement
Où soumettre la demande de carte étudiante ?,procedure_administrative
Quels sont les prérequis pour le Licence Histoire ?,formation
J’aimerais savoir : Puis-je changer de majeure ou de spécialisation en cours d’année ?,formation
"Y a-t-il un règlement spécifique pour les stages , merci d’avance ?",reglement
"Excusez-moi, pourriez-vous me dire : Comment obtenir une convention de stage ?",procedure_administrative
Quels documents sont requis pour un changement de parcours ?,procedure_administrative
Quels documents sont requis pour un changement de parcours ?,procedure_administrative
"Pardon, est-il possible de savoir comment demander un report d’admission ?",procedure_administrative
Combien de crédits faut-il pour se spécialiser en Biologie ?,formation
Où soumettre la demande de carte étudiante ?,procedure_administrative
Pourriez-vous me dire : Quels sont les prérequis pour le Parcours Data Science ?,formation
Quel est l’horaire du cours de littérature moderne avec le professeur Leroy ?,emploi_du_temps
"J’ai perdu mes clés, où se situe le bureau des objets trouvés  ??",service_campus
"Bonsoir, Est-il possible de savoir combien d’absences sont autorisées avant une sanction , si possible ?",reglement
"Excusez-moi, est-il possible de savoir combien d’absences sont autorisées avant une sanction ?",reglement
Comment obtenir une convention de stage ?,procedure_administrative
J’aimerais savoir : Où consulter le code de conduite des étudiants ?,reglement
Puis-je réserver une salle de travail ou un trerain de sport ?,service_campus
Est-il possible de savoir quel est l’horaire du cours de programmation Python avec le professeur Martin ?,emploi_du_temps
"J’aimerais savoir : Combien d’absences sont autorisées avant une sanction , si possible ?",reglement
À quelle heure commencent les TD de droit public ?,emploi_du_temps
Comment obtenir une convention de stage ?,procedure_administrative
"Est-il possible de savoir pouvez-vous me donner l’emploi du temps du semestre de été pour psychologie cognitive , c’est urgent ?",emploi_du_temps
"Petite question : Pourriez-vous me dire : Combien d’absences sont autorisées avant une sanction , pour la semaine prochaine ?",reglement
Puis-je changer de majeure ou de spécialisation en cours d’année ?,formation
Que se passe-t-il en cas de triche à un examen ?,reglement
"S'il vous plaît, combien de crédits faut-il pour se spécialiser en Biologie ?",formation
"Où et à quelle heure est mon cours du vndredi à 14h00 , pour la semaine prochaine ?",emploi_du_temps
"S'il vous plaît, Pouvez-vous me donner l’emploi du temps du semestre de printemps pour littérature moderne ?",emploi_du_temps
"Bonsoir, y a-t-il un règlement spécifique pour les stages ?",reglement
Quel est l’horaire du cours de littérature moderne avec le professeur Bennani ?,emploi_du_temps
Combien d’absences sont autorisées avant une sanction ?,reglement
"Où et à quelle heure est mon cours du vendredi à 10h00 , merci d’avance ?",emploi_du_temps
"Quelles sont les matières principales en Informatique , pour aujourd’hui ?",formation
Quelles sont les UE obligatoires pour le MBA Finance ?,formation
"Excusez-moi, Quels documents sont requis pour un changement de parcours ?",procedure_administrative
"Est-il possible de savoir puis-je changer de majeure ou de spécialisation en cours d’année , pour aujourd’hui ?! ?",formation
Y a-t-il un règlement spécifique pour les stages ?,reglement
Petite question : où soumettre la demande de carte étudiante ?,procedure_administrative
"Que se passe-t-il en cas de triche à un examen , pour aujourd’hui ?",reglement
"Bonjour, J’aimerais savoir : J’aimerais savoir quand se déroule le cours de économie  ??",emploi_du_temps
"Excusez-moi, Quelle est la date limite pour la demande d’aide financière  ??",procedure_administrative
Petite question : Puis-je réserver une salle de travail ou un terrain de sport … ?,service_campus
Y a-t-il un règlement spécifique pour les stages ?,reglement
"Bonsoir, est-il possible de savoir combien d’absences sont autorisées avant une sanction ?",reglement
"Est-il possible de savoir que se passe-t-il en cas de triche à un examen , si possible ?",reglement
Pourriez-vous me dire : Puis-je réserver une salle de travail ou un terrain de sport  !?,service_campus
Comment me connecter au VPN de l’université ?,service_campus
Quels sont les horaires d’ouverture de la maison des étudiants ?,service_campus
Quelles sont les matières principales en Biologie ?,formation
Petite question : J’aimerais savoir quand se déroule le cours de droit public. — pour aujourd’hui ?,emploi_du_temps
"Excusez-moi, J’aimerais savoir quand se déroule le cours de chimie organique. ?",emploi_du_temps
"Pardon, Comment payer mes frais de scolarité ?",procedure_administrative
"Est-il possible de savoir le VPN ne fonctionne pas, que puis-je faire ?",service_campus
J’aimerais savoir quand se déroule le cours de biologie cellulaire. ?,emploi_du_temps
Comment me connecter au portail étudiant de l’université  ??,service_campus
Où et à quelle heure est mon cours du vendredi à 8h30 ?,emploi_du_temps
Pourriez-vous me dire : Où et à quelle heure est mon cours du jeudi à 14h00 ?! ?,emploi_du_temps
"Bonsoir, est-il possible de savoir quel est l’horaire du cours de microéconomie avec le professeur Martin ?",emploi_du_temps
Où se trouve la gymnase ?,service_campus
Quelles sont les matières principales en Lettres modernes ?,formation
"Pourriez-vous me dire : Puis-je changer de majeure ou de spécialisation en cours d’année , c’est urgent ?",formation
Quelles sont les règles pour le retrait d’un cours ?,reglement
Où consulter le code de conduite des étudiants ?,reglement
"Petite question : J’ai perdu mes clés, où se situe le bureau des objets trouvés , pour aujourd’hui ?",service_campus
"Est-il possible de savoir comment réussir le prochain module de statistiques , pour aujourd’hui ?",formation
Que se passe-t-il en cas de triche à un examen ?,reglement
Petite question : j’aimerais savoir quand se déroule le cours de droit public. ?,emploi_du_temps
Puis-je réserver une salle de travail ou un terrain de sport ?,service_campus
J’aimerais savoir : Puis-je réserver une salle de travail ou un terrain de sport ?,service_campus
Où soumettre la demande de carte étudiante ?,procedure_administrative
"Est-il possible de savoir pouvez-vous me donner l’emploi du temps du semestre de automne pour économie , pour la semaine prochaine ?",emploi_du_temps
J’aimerais savoir : Combien de crédits faut-il pour se spécialiser en Biologie ?,formation
"Est-il possible de savoir où soumettre la demande de carte étudiante , pour la semaine prochaine  ??",procedure_administrative
Quels sont les horaires d’ouverture de la centre de santé ?,service_campus
Quelles sont les règles pour le retrait d’un cours ?,reglement
Où consulter le code de conduite des étudiants ?,reglement
"Est-il possible de savoir combien de crédits faut-il pour se spécialiser en Lettres modernes , c’est urgent ?",formation
J’aimerais savoir quand se déroule le cours de programmation Python. ?,emploi_du_temps
"Est-il possible de savoir y a-t-il un règlement spécifique pour les stages , c’est urgent ?",reglement
"Excusez-moi, quels documents sont requis pour un changement de parcours , si possible ?",procedure_administrative
Quelle est la politique concernant le plagiat ?,reglement
Est-il possible de savoir y a-t-il un règlement spécifique pour les stages ?,reglement
"Bonsoir, quels sont les horaires d’ouverture de la gymnase , si possible ?",service_campus
J’aimerais savoir : Quelle est la date limite pour la demande d’aide financière ?,procedure_administrative
À quelle heure commencent les TD de psychologie cognitive ?,emploi_du_temps
Petite question : que se passe-t-il en cas de triche à un examen ?,reglement
J’aimerais savoir : Pouvez-vous me donner l’emploi du temps du semestre de automne pour droit public ?,emploi_du_temps
Petite question : Quelles sont les règles pour le retrait d’un cours ?,reglement
"J’aimerais savoir : J’ai perdu mes clés, où se situe le bureau des objets trouvés ?",service_campus
J’aimerais savoir : Quel est l’horaire du cours de biologie cellulaire avec le professeur Anderson ?,emploi_du_temps
Pourriez-vous me dire : Quelles sont les UE obligatoires pour le MBA Finance … ?,formation
Où et à quelle heure est mon cours du lundi à 16h30 … ?,emploi_du_temps
"J’ai perdu mes clés,,, où se situe le bureau des objets trouvés ?",service_campus
"Pourriez-vous me dire : Quels documents sont requis pour un changement de parcours , merci d’avance  ??",procedure_administrative
Pourriez-vous me dire : Pouvez-vous me donner l’emploi du temps du semestre de été pouuur analyse de données ?,emploi_du_temps
"Où déposer mon dossier pour demander un relevé officiel , si possible ?",procedure_administrative
Est-il possible de savoir quels sont les prérequis pour le MBA Finance ?,formation
"S'il vous plaît, existe-t-il un minimum de crédits ou de moyenne par semestre ?",reglement
"Bonsoir, Où puis-je imprimer mes documents sur le campus ?",service_campus
Quand a lieu le prochain cours de robotique ?,emploi_du_temps
Puis-je réserver une salle de travail ou un terrain de sport ?,service_campus
Est-il possible de savoir quelle est la politique concernant le rattrapage d’examen ?,reglement
J’aimerais savoir : Puis-je réserver une salle de travail ou un terrain de sport ?,service_campus
"Pardon, où se trouve la gymnase ?",service_campus
"Excusez-moi, Pourriez-vous me dire : Comment demander un report d’admission ?",procedure_administrative
Comment réussir le prochain module de statistiques ?,formation
Combien d’absences sont autorisées avant une sanction ?,reglement
Est-il possible de savoir à quelle heure commencent les TD de biologie cellulaire  !?,emploi_du_temps
"Bonjour, Où puis-je imprimer mes documents sur le campus … ?",service_campus
"Bonsoir, puis-je réserver une salle de travail ou un terrain de sport ?",service_campus
"Excusez-moi, Puis-je changer de majeure ou de spécialisation en cours d’année ?",formation
Pourriez-vous me dire : Comment payer mes frais de scolarité ?! ?,procedure_administrative
Est-il possible de savoir quelles sont les matières principales en Psychologie ?,formation
Quelles sont les matières principales en Biologie ?,formation
Pourriez-vous m’indiquer le créneau de statistiques appliquées ?,emploi_du_temps
Pourriez-vous me dire : Combien de crédits faut-il pour se spécialiser en Lettres modernes ?,formation
J’aimerais savoir quand se déroule le cours de littérature moderne. ?,emploi_du_temps
"S'il vous plaît, pourriez-vous me dire : Où puis-je imprimer mes documents sur le campus ?",service_campus
"Le VPN ne fonctionne pas, que puis-je faire ?",service_campus
Quelles sont les règles pour le retrait d’un cours ?,reglement
"J’ai perdu mes clés, où se situe le bureau des objets trouvés ?",service_campus
Est-il possible de savoir quand a lieu le prochain cours de droit public ?,emploi_du_temps
Pourriez-vous me dire : Quelles sont les UE obligatoires pour le Parcours Data Science ?,formation
Quelles sont les matières principales en Biologie ?,formation
Pourriez-vouuus me dire : Existe-t-il un minimum de crédits ou de moyenne par semestre ?,reglement
Où puis-je imprimer mes documents sur le campus ?,service_campus
Est-il possible de savoir quels sont les prérequis pour le MBA Finance ?,formation
J’aimerais savoir : Quels sont les prérequis pour le Master Psychologie ?,formation
"Bonjour, Est-il possible de savoir quels sont les horaires d’ouverture de la bibliothèque centrale ?",service_campus
"Bonsoir, Puis-je changer de majeure ou de spécialisation en cours d’année ?",formation
Petite question : existe-t-il un minimum de crédits ou de moyenne par semestre ?,reglement
Que se passe-t-il en cas de triche à un examen ?,reglement
"Bonjour, J’aimerais savoir : Quand a lieu le prochain cours de statistiques appliquées ?! ?",emploi_du_temps
"J’aimerais savoir : J’ai perdu mes clés, où se situe le bureau des objets trouvés , merci d’avance ?",service_campus
Y a-t-il un règlement spécifique pour les stages ?,reglement
"Est-il possible de savoir où puis-je imprimer mes documents sur le campus , c’est urgent ?",service_campus
Quels documents sont requis pour un changement de parcours ?,procedure_administrative
J’aimerais savoir : Comment me connecter au VPN de l’université ?,service_campus
Existe-t-il un minimum de crédits ou de moyenne par semestre ?,reglement
Est-il possible de savoir puis-je changer de majeure ou de spécialisation en cours d’année ?,formation
"J’aimerais savoir : où déposer mon dossier pour candidater pour la remise de diplôme , pour la semaine prochaine ?",procedure_administrative
"Bonjour, Où consulter le code de conduite des étudiants ?",reglement
Quels documents sont requis pour un changement de parcours ?,procedure_administrative
Est-il possible de savoir pourriez-vous m’indiquer le créneau de chimie organique ?,emploi_du_temps
Quelles sont les matières principales en Informatique ?,formation
Est-il possible de savoir où consulter le code de conduite des étudiants ?,reglement
"Bonsoir, quels documents sont requis pour un changement de parcours ?",procedure_administrative
Que se passe-t-il en cas de triche à un examen ?,reglement
J’aimerais savoir : Comment réussir le prochain module de statistiques ?,formation
"J’ai perdu mes clés, où se situe le bureau des objets trouvés ?",service_campus
Quel est l’horaire du cours de littérature moderne avec le professeur Dupont ?,emploi_du_temps
Comment me connecter au portail étudiant de l’université  !?,service_campus
Quels sont les prérqeuis pour le MBA Finance ?,formation
Existe-t-il un minimum de crédits ou de moyenne par semestre ?,reglement
"Bonsoir, quels sont les prérequis pour le Parcours Data Science ?",formation
"À quelle heure commencent les TD de droit public , si possible … ?",emploi_du_temps
Pourriez-vous me dire : Où soumettre la demande de carte étudiante ?,procedure_administrative
Quel est l’horaire du cours de analyse de données avec le professeur Bennani ?,emploi_du_temps
"Pardon, quels documents sont requis pour un changement de parcours ?! ?",procedure_administrative
Y a-t-il un règlement spécifique pour les stages ?,reglement
"Comment réussir le prochain module de statistiques , pour la semaine prochaine ?",formation
"Bonsoir, quels documents sont requis pour un changement de parcours ?",procedure_administrative
"Quelles sont les règles pour le retrait d’un cours , pour aujourd’hui ?",reglement
"Bonsoir, Que se passe-t-il en cas de triche à un examen ?",reglement
Pourriez-vous me dire : Comment candidater pour la remise de diplôme ?,procedure_administrative
Est-il possible de savoir où déposer mon dossier pour mettre à jour mon adresse ?,procedure_administrative
Existe-t-il un minimum de crédits ou de moyenne par semestre ?,reglement
Quand a lieu le prochain cours de microéconomie ?,emploi_du_temps
J’aimerais savoir : Quels documents sont requis pour un changement de parcours ?,procedure_administrative
Où et à quelle heure est mon cours du mardi à 8h30 ?,emploi_du_temps
Quelles sont les UE obligatoires pour le MBA Finance ?,formation
Puis-je changer de majeure ou de spécialisation en cours d’année ?,formation
Petite question : pourriez-vous me dire : Comment mettre à jour mon adresse ?,procedure_administrative
Où consulter le code de conduite des étudiants ?,reglement
Pourriez-vous me dire : Quels sont les horaires d’ouverture de la service logement  !?,service_campus
J’aimerais savoir : Où et à quelle heure est mon cours du jeudi à 14h00 ?,emploi_du_temps
J’aimerais savoir : Combien de crédits faut-il pour se spécialiser en Biologie ?,formation
"Le Wi-Fi ne fonctionne pas, que puis-je faire , pour aujourd’hui ?",service_campus
À quelle heure commencent les TD de psychologie cognitive ?,emploi_du_temps
Quelle est la politique concernant le probation académique  !?,reglement
Où soumettre la demande de carte étudiante ?,procedure_administrative
"Quelle est la date limite pour l’abandon d’une UE , si possible ?",procedure_administrative
Que se passe-t-il en cas de triche à un examen  !?,reglement
Est-il possible de savoir combien d’absences sont autorisées avant une sanction ?,reglement
"Bonjour, pourriez-vous me dire : Puis-je réserver une salle de travail ou un terrain de sport ?",service_campus
"Excusez-moi, J’aimerais savoir : Où soumettre la demande de carte étudiante , merci d’avance ?",procedure_administrative
Comment réussir le prochain module de statistiques ?,formation
Où consulter le code de conduite des étudiants ?,reglement
Quelles sont les matières principales en Lettres modernes  ??,formation
"J’aimerais savoir : Quelles sont les matières principales en Psychologie , c’est urgent ?",formation
Pourriez-vous m’indiquer le créneau de statistiques appliquées ?,emploi_du_temps
Pourriez-vous me dire : Comment réussir le prochain module de statistiques ?,formation
"Pourriez-vous me dire : Que se passe-t-il en cas de triche à un examen , pour la semaine prochaine ?",reglement
Où soumettre la demande de carte étudiante ?,procedure_administrative
J’aimerais savoir : Où consulter le code de conduite des étudiants ?,reglement
Petite question : où puis-je imprimer mes documents sur le campus ?,service_campus
Quand a lieu le prochain cours de droit public ?,emploi_du_temps
Pourriez-vous me dire : Comment me connecter au ENT de l’université ?,service_campus
Petite question : Où soumettre la demande de carte étudiante ?,procedure_administrative
"Pardon, Combien de crédits faut-il pour se spécialiser en Psychologie ?",formation
J’aimerais savoir quand se déroule le cours de littérature moderne. — c’est urgent ?,emploi_du_temps
Puis-je changer de majeure ou de spécialisation en cours d’année ?,formation
"Quels documents sont requis pour un changement de parcours , c’est urgent  !?",procedure_administrative
"J’aimerais savoir : J’ai perdu mes clés, où se situe le bureau des objets trouvés , pour aujourd’hui ?",service_campus
Quand a lieu le prochain cours de chimie organique ?,emploi_du_temps
J’aimerais savoir : Où consulter le code de conduite des étudiants ?,reglement
Bonsoir Combien d’absences sont autorisées avant une sanction ?,reglement
"Comment me connecter au portail étudiant de l’université , c’est urgent ?",service_campus
Est-il possible de savoir quelle est la date limite pour l’abandon d’une UE ?,procedure_administrative
Pouvez-vous me donner l’emploi du temps du semestre de été pour robotique ?,emploi_du_temps
Combien de crédits faut-il pour se spécialiser en Psychologie ?,formation
Commmment réussir le prochain module de statistiques ?,formation
Que se passe-t-il en cas de triche à un examen ?,reglement
"Est-il possible de savoir quels documents sont requis pour un changement de parcours , c’est urgent ?",procedure_administrative
"Pourriez-vous m’indiquer le créneau de robotique , merci d’avance ?",emploi_du_temps
À quelle heure commencent les TD de robotique ?,emploi_du_temps
"Le portail etudiant ne fonctionne pas, que puis-je faire ?",service_campus
"S'il vous plaît, où déposer mon dossier pour renouveler ma carte étudiante ?",procedure_administrative
"Excusez-moi, pourriez-vous me dire : J’aimerais savoir quand se déroule le cours de économie ?",emploi_du_temps
Puis-je changer de majeure ou de spécialisation en cours d’année ?,formation
"Combien de crédits faut-il pour se spécialiser en Informatique , pour aujourd’hui ?",formation
Combien d’absences sont autorisées avant une sanction ?,reglement
Où se trouve la centre de santé ?,service_campus
"Quelle est la politique concernant le probation académique , si possible ?",reglement
"Excusez-moi, j’aimerais savoir : pouvez-vous me donner l’emploi du temps du semestre de printemps pour psychologie cognitive ?",emploi_du_temps
"Queeels documents sont requis pour un changement de parcours , si possible ?",procedure_administrative
Petite question : Quelle est la politique concernant le plagiat ?,reglement
"Excusez-moi, Est-il possible de savoir comment me connecter au VPN de l’université ?",service_campus
Pouvez-vvvous me donner l’emploi du temps du semestre de printemps pour chimie organique ?,emploi_du_temps
Est-il possible de savoir où déposer mon dossier pour obtenir une convention de stage ?,procedure_administrative
Où consulter le code de conduite des étudiants ?,reglement
Combien de crédits faut-il pour se spécialiser en Philosophie ?,formation
J’aimerais savoir : Où consulter le code de conduite des étudiants ?,reglement
Petite question : où puis-je imprimer mes documents sur le campus ?,service_campus
"Bonsoir, quels sont les prérequis pour le Licence Histoire ?",formation
Est-il possible de savoir où se trouve la bibliothèque centrale ?,service_campus
Pourriez-vous m’indiquer le créneau de psychologie cognitive ?,emploi_du_temps
Petite question : Combien d’absences sont autorisées avant une sanction ?,reglement
Est-il possible de savoir où et à quelle heure est mon cours du jeudi à 10h00 ?,emploi_du_temps
J’aimerais savoir : Comment me connecter au portail étudiant de l’université ?,service_campus
"Pardon, Est-il possible de savoir à quelle heure commencent les TD de programmation Python ?",emploi_du_temps
Comment demander un report d’admission ?,procedure_administrative
Pouvez-vous me donner l’emploi du temps du semestre de été pour économie ?,emploi_du_temps
"J’aimerais savoir : Où déposer mon dossier pour demander un relevé officiel , merci d’avance ?",procedure_administrative
Quelles sont les UE obligatoires pour le Master Psychologie ?,formation
Est-il possible de savoir comment demander un report d’admission ?! ?,procedure_administrative
Comment demander un report d’admission ?,procedure_administrative
Où et à quelle heure est mon cours du lundi à 16h30 ?,emploi_du_temps
Où puis-je imprimer mes documents sur le campus ?,service_campus
Petite question : Quelles sont les UE obligatoires pour le Master Robotique ?,formation
"J’aimerais savoir : Quels documents sont requis pour un changement de parcours , c’est urgent ?",procedure_administrative
"Est-il possible de savoir le portail étudiant ne fonctionne pas, que puis-je faire  !?",service_campus
Puis-je changer de majeure ou de spécialisation en cours d’année ?,formation
"Pardon, où consulter le code de conduite des étudiants ?",reglement
Comment demander un relevé officiel ?,procedure_administrative
J’aimerais savoir quand se déroule le cours de chimie organique. ?,emploi_du_temps
Quelles sont les matières principales en Biologie ?,formation
Où déposer mon dossier pour renouveler ma carte étudiante ?,procedure_administrative
"Bonjour, Quels sont les horaires d’ouverture de la bibliothèque centrale , merci d’avance ?",service_campus
Comment me connecer au VPN de l’université ?,service_campus
"Pardon, Est-il possible de savoir à quelle heure commencent les TD de microéconomie , c’est urgent ?",emploi_du_temps
"S'il vous plaît, est-il possible de savoir quelle est la politique concernant le retards ?",reglement
J’aimerais savoir : Où soumettre la demande de carte étudiante ?,procedure_administrative
Que se passe-t-il en cas de triche à un examen ?,reglement
Est-il possible de savoir pourriez-vous m’indiquer le créneau de algèbre avancée ?,emploi_du_temps
Pourriez-vous m’indiquer le créneau de psychologie cognitive ?,emploi_du_temps
"Pardon, Y a-t-il un règlement spécifique pour les stages ?",reglement
Quels sont les prérequis pour le Parcours Data Science ?,formation
Quel est l’horaire du cours de analyse de données avec le professeur Moreau ?,emploi_du_temps
Puis-je changer de majeure ou de spécialisation en cours d’année ?,formation
J’aimerais savoir quand se déroule le cours de programmation Python. ?,emploi_du_temps
Quels sont les horaires d’ouverture de la service logement ?,service_campus
J’aimerais savoir : Pourriez-vous m’indiquer le créneau de statistiques appliquées ?,emploi_du_temps
Pourriez-vous me dire : Existe-t-il un minimum de crédits ou de moyenne par semestre ?,reglement
Où déposer mon dossier pour candidater pour la remise de diplôme ?,procedure_administrative
"Bonsoir, Pourriez-vous me dire : J’aimerais savoir quand se déroule le cours de microéconomie , si possible ?",emploi_du_temps
Est-il possible de savoir où soumettre la demande de carte étudiante ?,procedure_administrative
Est-il possible de savoir puis-je réserver une salle de travail ou un terrain de sport ?,service_campus
J’aimerais savoir : Comment renouveler ma carte etudiante ?,procedure_administrative
Quand a lieu le prochain cours de économie ?,emploi_du_temps
Quelles sont les règles pour le retrait d’un cours ?,reglement
"Bonjour, J’ai perdu mes clés, où se situe le bureau des objets trouvés ?",service_campus
Puis-je réserver une salle de travail ou un terrain de sport ?,service_campus
"Où soumettre la demande de carte étudiante , merci d’avance ?",procedure_administrative
"S'il vous plaît, combien de crédits faut-il pour se spécialiser en Biologie ?",formation
"Excusez-moi, J’aimerais savoir : Quelles sont les UE obligatoires pour le Licence Histoire ?",formation
Existe-t-il un minimum de crédits ou de moyenne par semestre ?,reglement
Pouvez-vous me donner l’emploi du temps du semestre de printemps pour statistiques appliquées ?,emploi_du_temps
"J’ai perdu mes clés, où se situe le bureau des objets trouvés , c’est urgent ?",service_campus
"S'il vous plaît, j’aimerais savoir : Le Wi-Fi ne fonctionne pas, que puis-je faire ?",service_campus
Pourriez-vous m’indiquer le créneau de analyse de données  ??,emploi_du_temps
"Quels documents sont requis pour un changement de parcours , pour aujourd’hui ?",procedure_administrative
"Bonjour, j’aimerais savoir : J’ai perdu mes clés, où se situe le bureau des objets trouvés ?",service_campus
Où consulter le code de conduite des étudiants ?,reglement
Existe-t-il un minimum de crédits ou de moyenne par semestre ?,reglement
"Bonsoir, le VPN ne fonctionne pas, que puis-je faire ?",service_campus
J’aimerais savoir quand se déroule le cours de algèbre avancée. ?,emploi_du_temps
Comment demander un report d’admission ?,procedure_administrative
J’aimerais savoir : Y a-t-il un règlement spécifique pour les stages ?! ?,reglement
Où soumettre la demande de carte étudiante ?,procedure_administrative
Pourriez-vous me dire : Quelles sont les matières principales en Informatique ?,formation
Quel est l’horaire du cours de économie avec le professeur Dupont ?,emploi_du_temps
Est-il possible de savoir puis-je changer de majeure ou de spécialisation en cours d’année ?,formation
Pourriez-vous me dire : Pourriez-vous m’indiquer le créneau de microéconomie ?,emploi_du_temps
"S'il vous plaît, Le VPN ne fonctionne pas, que puis-je faire ?",service_campus
Petite question : j’aimerais savoir : Combien de crédits faut-il pour se spécialiser en Biologie ?,formation
Pouvez-vous me donner l’emploi du temps du semestre de automne pour statistiques appliquées ?,emploi_du_temps
Quels documents sont requis pour un changement de parcours ?,procedure_administrative
Quelles sont les UE obligatoires pour le Master Psychologie ?,formation
"Bonsoir, pourriez-vous me dire : Quand a lieu le prochain cours de algèbre avancée ?",emploi_du_temps
Pourriez-vous me dire : À quelle heure commencent les TD de biologie cellulaire ?,emploi_du_temps
"Pardon, où déposer mon dossier pour payer mes frais de scolarité ?",procedure_administrative
"Où puis-je imprimer mes documents sur le campus , pour la semaine prochaine ?",service_campus
Comment me connecter au VPN de l’université ?,service_campus
"S'il vous plaît, comment demander un relevé officiel ?",procedure_administrative
"Pardon, pourriez-vous me dire : J’ai perdu mes clés, où se situe le bureau des objets trouvés ?",service_campus
"Quelles sont les matières principales en Biologie , si possible ?! ?",formation
J’aimerais savoir : Puis-je changer de majeure ou de spécialisation en cours d’année ?,formation
J’aimerais savoir : Où déposer mon dossier pour candidater pour la remise de diplôme ?,procedure_administrative
"Bonsoir, Comment demander un report d’admission ?",procedure_administrative
J’aimerais savoir : J’aimerais savoir quand se déroule le cours de statistiques appliquées ?,emploi_du_temps
Quelle est la date limite pour l’abandon d’une UE ?,procedure_administrative
Puis-je changer de majeure ou de spécialisation en cours d’année ?,formation
Pourriez-vous me dire : Combien de crédits faut-il pour se spécialiser en Lettres modernes ?,formation
"J’ai perdu mes clés, où se situe le burea udes objets trouvés , c’est urgent ?",service_campus
"S'il vous plaît, où puis-je imprimer mes documents sur le campus ?",service_campus
Pourriez-vous me dire : Comment candidater pour la remise de diplôme ?,procedure_administrative
"Bonsoir, pourriez-vous m’indiquer le créneau de programmation Python ?",emploi_du_temps
Puis-je réserver une salle de travail ou un terrain de sport ?,service_campus
J’aimerais savoir : Combien d’absences sont autorisées avant une sanction ?,reglement
Quand a lieu le prochain cours de programmation Python ?,emploi_du_temps
"Comment me connecter au portail étudiant de l’université , si possible ?",service_campus
Quels sont les prérequis pour le Licence Histoire ?,formation
Est-il possible de savoir quelles sont les règles pour le retrait d’un cours ?,reglement
Petite question : J’aimerais savoir : Quelle est la date limite pour la demande d’aide financière ?,procedure_administrative
"Bonsoir, ourriez-vous me dire : Quelle est la politique concernant le plagiat ?",reglement
"J’ai perdu mes clés, où se situe le bureau des objets trouvés ?",service_campus
"Quels sont les horaires d’ouverture de la bibliothèque centrale , pour aujourd’hui ?",service_campus
"Pardon, J’aimerais savoir quand se déroule le cours de droit public. ?",emploi_du_temps
Où consulter le code de conduite des étudiants … ?,reglement
Est-il possible de savoir quel est l’horaire du cours de algèbre avancée avec le professeur Dupont ?,emploi_du_temps
Où et à quelle heure est mon cours du mercredi à 10h00 ?,emploi_du_temps
Quels sont les horaires d’ouverture de la centre de santé ?,service_campus
Où déposer mon dossier pour candidater pour la remise de diplôme ?,procedure_administrative
"Où et à quelle heure est mon cours du vendredi à 14h00 , pour la semaine prochaine ?",emploi_du_temps
Que se passe-t-il en cas de triche à un examen ?,reglement
Y a-t-il un règlement spécifique pour les stages ?,reglement
J’aimerais savoir quand se déroule le cours de microéconomie. — si possible ?,emploi_du_temps
Où consulter le code de conduite des étudiants ?,reglement
Quelles sont les matières principales en Lettres modernes ?,formation
Quels documents sont requis pour un changement de parcours ?,procedure_administrative
Petite question : Comment me connecter au ENT de l’université ?,service_campus
"Pardon, où consulter le code de conduite des étudiants , merci d’avance ?",reglement
"Bonjour, Y a-t-il un règlement spécifique pour les stages ?",reglement
Quelles sont les UE obligatoires pour le MBA Finance ?,formation
J’aimerais savoir : Que se passe-t-il en cas de triche à un examen ?,reglement
Petite question : pourriez-vous me dire : Combien de crédits faut-il pour se spécialiser en Informatique ?,formation
"Pardon, que se passe-t-il en cas de triche à un examen ?",reglement
Comment renouveler ma carte etudiante ?,procedure_administrative
J’aimerais savoir : Combien de crédits faut-il pour se spécialiser en Philosophie ?,formation
Que se passe-t-il en cas de triche à un examen ?,reglement
Quels sont les prérequis pour le Master Psychologie ?,formation
"Pardon, Quels sont les prérequis pour le Master Robotique ?",formation
"Que se passe-t-il en cas de triche à un examen , c’est urgent ?",reglement
Est-il possible de savoir y a-t-il un règlement spécifique pour les stages  !?,reglement
"Est-il possible de savoir où et à quelle heure est mon cours du lundi à 8h30 , si possible ?",emploi_du_temps
Quelles sont les UE obligatoires pour le Licence Histoire ?,formation
Comment réussir le prochain module de statistiques ?,formation
À quelle heure commencent les TD de statistiques appliquées ?,emploi_du_temps
J’aimerais savoir : Y a-t-il un règlement spécifique pour les stages ?,reglement
Quels sont les horaires d’ouverture de la centre de santé ?,service_campus
Quel est l’horaire du cours de droit public avec le professeur Anderson ?,emploi_du_temps
"Comment demander un report d’admission , c’est urgent ?",procedure_administrative
Quelle est la politique concernant le retards  ??,reglement
Comment demander un report d’admission ?,procedure_administrative
"Bonjour, pourriez-vous me dire : Où se trouve la gymnase ?",service_campus
"Bonjour, j’ai perdu mes clés, où se situe le bureau des objets trouvés ?",service_campus
Est-il possible de savoir à quelle heure commencent les TD de droit public ?,emploi_du_temps
J’aimerais savoir : Où et à quelle heure est mon cours du vendredi à 8h30 ?,emploi_du_temps
Quelle est la politique concernant le rattrapage d’examen ?,reglement
J’aimerais savoir : Où déposer mon dossier pour candidater pour la remise de diplôme ?,procedure_administrative
"Le ENT ne fonctionne pas, que puis-je faire ?",service_campus
Est-il possible de savoir où déposer mon dossier pour payer mes frais de scolarité ?,procedure_administrative
"Pourriez-vous m’indiquer le créneau de microéconomie , pour la semaine prochaine ?",emploi_du_temps
Combien de crédits faut-il pour se spécialiser en Philosophie ?,formation
Pourriez-vous me dire : Combien d’absences sont autorisées avant une sanction ?,reglement
À quelle heure commencent les TD de biologie cellulaire ?,emploi_du_temps
"Comment réussir le prochain module de statistiques , si possible ?",formation
"Bonjour, Puis-je réserver une salle de travail ou un terrain de sport ?",service_campus
"Bonsoir, y a-t-il un règlement spécifique pour les stages ?",reglement
"J’ai perdu mes cles, ou se situe le bureau des objets trouves ?",service_campus
Quels sont les prérequis pour le Master Robotique … ?,formation
Petite question : quels sont les horaires d’ouverture de la gymnase ?,service_campus
Quelles sont les matières principales en informatique ?,formation
Puis-je réserver une salle de travail ou un terrain de sport ?,service_campus
Pourriez-vous m’indiquer le créneau de statistiques appliquées ?,emploi_du_temps
Est-il possible de savoir quelle est la politique concernant le retards ?,reglement
Où soumettre la demande de carte étudiante ?,procedure_administrative
Pourriez-vous me dire : Comment réussir le prochain module de statistiques ?,formation
"Quels sont les horaires d’ouverture de la bureau des carrières , merci d’avance ?! ?",service_campus
"Pardon, Quelles sont les UE obligatoires pour le Master Psychologie ?",formation
J’aimerais savoir : Où déposer mon dossier pour candidater pour la remise de diplôme ?,procedure_administrative
Quels documents sont requis pour un changement de parcours ?,procedure_administrative
Où déposer mon dossier pour obtenir une convention de stage ?,procedure_administrative
Comment me connecter au portail étudiant de l’université ?! ?,service_campus
Où puis-je imprimer mes documents sur le campus ?,service_campus
"Le portail étudiant ne fonctionne pas, que puis-je faire ?",service_campus
"Excusez-moi, Quelles sont les matières principales en Lettres modernes ?",formation
"Petite question : combien d’absences sont autorisées avant une sanction , c’est urgent ?",reglement
"Bonsoir, Pourriez-vous me dire : Où se trouve la bureau des carrières , c’est urgent ?",service_campus
Pourriez-vous me dire : Où et à quelle heure est mon cours du vendredi à 8h30 ?,emploi_du_temps
"Quelle est la date limite pour l’inscription aux cours , c’est urgent ?",procedure_administrative
"Bonjour, Pourriez-vous me dire : J’aimerais savoir quand se déroule le cours de biologie cellulaire ?",emploi_du_temps
"Pardon, pourriez-vous me dire : Le portail étudiant ne fonctionne pas, que puis-je faire ?",service_campus
Quels sont les horaires d’ouverture de la service logement ?,service_campus
Quelle est la politique concernant le probation académique ?,reglement
Comment réussir le prochain module de statistiques ?,formation
Combien d’absences sont autorisées avant une sanction … ?,reglement
"Existe-t-il un minimum de crédits ou de moyenne par semestre , pour la semaine prochaine ?",reglement
"Est-il possible de savoir le portail étudiant ne fonctionne pas, que puis-je faire ?",service_campus
"Comment réussir le prochain module de statistiques , pour aujourd’hui ?",formation
Combien d’absences sont autorisées avant une sanction ?,reglement
J’aimerais savoir : À quelle heure commencent les TD de statistiques appliquées  ??,emploi_du_temps
Quelles sont les matières principales en Psychologie ?,formation
Où consulter le code de conduite des étudiants ?,reglement
"S'il vous plaît, Est-il possible de savoir pourriez-vous m’indiquer le créneau de statistiques appliquées ?",emploi_du_temps
"Excusez-moi, J’aimeraaais savoir : Où se trouve la gymnase ?",service_campus
Est-il possible de savoir quelles sont les UE obligatoires pour le MBA Finance ?,formation
Pourriez-vous me dire : Puis-je changer de majeure ou de spécialisation en cours d’année ?,formation
Petite question : Quels sont les horaires d’ouverture de la service logement ?,service_campus
Petite question : Quelles sont les règles pour le retrait d’un cours ?,reglement
J’aimerais savoir : À quelle heure commencent les TD de microéconomie ?,emploi_du_temps
Puis-je changer de majeure ou de spécialisaaation en cours d’année ?,formation
Petite question : Est-il possible de savoir quel est l’horaire du cours de droit public avec le professeur Anderson ?,emploi_du_temps
"Excusez-moi, Pourriez-vous m’indiquer le creneau de microeconomie ?",emploi_du_temps
"Puis-je changer de majeure ou de spécialisation en cours d’année , pour aujourd’hui … ?",formation
"Pardon, j’aimerais savoir : J’ai perdu mes clés, où se situe le bureau des objets trouvés , c’est urgent ?",service_campus
Quelles sont les UE obligatoires pour le Master Robotique ?,formation
Pourriez-vous m’indiquer le créneau de psychologie cognitive ?,emploi_du_temps
"S'il vous plaît, Comment demander un report d’admission ?",procedure_administrative
Pourriez-vous me dire : Combien d’absences sont autorisées avant une sanction ?,reglement
Puis-je changer de majeure ou de spécialisation en cours d’année ?,formation
"S'il vous plaît, est-il possible de savoir comment réussir le prochain module de statistiques ?",formation
"Bonsoir, à quelle heure commencent les TD de microéconomie ?",emploi_du_temps
"Bonjour, Quelles sont les matières principales en Philosophie ?",formation
Existe-t-il un minimum de crédits ou de moyenne par semestre ?,reglement
Quelles sont les UE obligatoires pour le Parcours Data Science ?,formation
"Excusez-moi, est-il possible de savoir quelle est la date limite pour la demande d’aide financière ?",procedure_administrative
"Combien de crédits faut-il pour se spécialiser en Biologie , merci d’avance ?",formation
"Excusez-moi, J’aimerais savoir : Combien d’absences sont autorisées avant une sanction ?",reglement
J’aimerais savoir : Pouvez-vous me donner l’emploi du temps du semestre de été pour robotique ?,emploi_du_temps
Petite question : où et à quelle heure est mon cours du vendredi à 8h30  !?,emploi_du_temps
Pourriez-vous me dire : Quelle est la politique concernant le plagiat ?,reglement
Pourriez-vous me dire : Pourriez-vous m’indiquer le créneau de algèbre avancée ?,emploi_du_temps
"Bonsoir, j’aimerais savoir quand se déroule le cours de psychologie cognitive. ?",emploi_du_temps
"Bonjour, Quels documents sont requis pour un changement de parcours ?",procedure_administrative
Quelle est la politique concernant le absence aux cours ?,reglement
J’aimerais savoir : Quels documents sont requis pour un changement de parcours ?,procedure_administrative
"Où soumettre la demande de carte étudiante , c’est urgent ?",procedure_administrative
"Pardon, quels sont les prérequis pour le Parcours Data Science ?! ?",formation
"Bonsoir, Quels sont les prérequis pour le Parcours Data Science ?! ?",formation
"Pourriez-vous me dire : Quelles sont les matières principales en Informatique , si possible ?",formation
Où soumettre la demande de carte étudiante ?,procedure_administrative
Y a-t-il un règlement spécifique pour les stages ?,reglement
Quelle est la politique concernant le rattrapage d’examen ?,reglement
Comment obtenir une convention de stage ?,procedure_administrative
Quelles sont les matières principales en Lettres modernes ?,formation
Comment mettre à jour mon adresse ?,procedure_administrative
J’aimerais savoir : pourriez-vous m’indiquer le créneau de chimie organique ?,emploi_du_temps
J’aimerais savoir quand se déroule le cours de psychologie cognitive. ?,emploi_du_temps
"Quelles sont les UE obligatoires pour le Parcours Data Science , si possible ?! ?",formation
Existe-t-il un minimum de crédits ou de moyenne par semestre ?,reglement
Où et à quelle heure est mon cours du jeudi à 14h00 ?,emploi_du_temps
Est-il possible de savoir y a-t-il un règlement spécifique pour les stages ?,reglement
J’aimerais savoir : Où déposer mon dossier pour mettre à jour mon adresse ?,procedure_administrative
"J’aimerais savoir : Quels documents sont requis pour un changement de parcours , si possible ?",procedure_administrative
J’aimerais savoir : À quelle heure commencent les TD de programmation Python ?,emploi_du_temps
Quelles sont les règles pour le retrait d’un cours ?,reglement
Pourriez-vous me dire : Pourriez-vous m’indiquer le créneau de biologie cellulaire … ?,emploi_du_temps
Existe-t-il un minimum de crédits ou de moyenne par semestre ?,reglement
Où et à quelle heure est mon cours du jeudi à 8h30 ?,emploi_du_temps
Est-il possible de savoir quelles sont les règles pour le retrait d’un cours ?,reglement
Petite question : Quelle est la politique concernant le probation académique ?,reglement
"Bonsoir, Où déposer mon dossier pour obtenir une convention de stage ?",procedure_administrative
Comment réussir le prochain module de statistiques … ?,formation
Comment candidater pour la remise de diplôme ?,procedure_administrative
Quelles sont les UE obligatoires pour le MBA Finance ?,formation
J’aimerais savoir : Quelle est la date limite pour l’abandon d’une UE  ??,procedure_administrative
Où déposer mon dossier pour candidater pour la remise de diplôme  ??,procedure_administrative
"Bonjour, Est-il possible de savoir y a-t-il un règlement spécifique pour les stages ?",reglement
Petite question : puis-je changer de majeure ou de spécialisation en cours d’année ?,formation
Pourriez-vous me dire : Où consulter le code de conduite des étudiants ?,reglement
Est-il possible de savoir quelle est la date limite pour l’abandon d’une UE ?,procedure_administrative
"J’ai perdu mes clés, où se situe le bureau des objets trouvés , si possible ?",service_campus
Où se trouve la bibliothèque centrale  !?,service_campus
Pouvez-vous me donner l’emploi du temps du semestre de été pour droit public ?,emploi_du_temps
Combien d’absences sont autorisées avant une sanction ?,reglement
Quel est l’horaire du cours de droit public avec le professeur Dupont ?,emploi_du_temps
Petite question : quels sont les horaires d’ouverture de la gymnase ?,service_campus
"À quelle heure commencent les TD de biologie cellulaire , merci d’avance ?",emploi_du_temps
"Pouvez-vous me donner l’emploi du temps du semestre de automne pour droit public , si possible ?",emploi_du_temps
Où consulter le code de conduite des étudiants ?,reglement
Où puis-je imprimer mes documents sur le campus ?,service_campus
Où puis-je imprimer mes documents sur le campus ?,service_campus
"Excusez-moi, combien d’absences sont autorisées avant une sanction ?",reglement
"Le VPN ne fonctionne pas, que puis-je faire ?",service_campus
"Pardon, Le portail étudiant ne fonctionne pas, que puis-je faire ?",service_campus
"J’aimerais savoir : Le ENT ne fonctionne pas, que puis-je faire , si possible ?",service_campus
Petite question : Combien de crédits faut-il pour se spécialiser en Lettres modernes ?,formation
Comment demander un report d’admission ?,procedure_administrative
Est-il possible de savoir combien de crédits faut-il pour se spécialiser en Philosophie … ?,formation
Quel est l’horaire du cours de biologie cellulaire avec le professeur Nguyen ?,emploi_du_temps
Quelles sont les règles pour le retrait d’un cours ?,reglement
"Bonjour, pourriez-vous m’indiquer le créneau de programmation Python ?",emploi_du_temps
"Excusez-moi, comment réussir le prochain module de statistiques ?",formation
"Puis-je réserver une salle de travail ou un terrain de sport , c’est urgent ?",service_campus
Pooourriez-vous me dire : Où et à quelle heure est mon cours du mardi à 10h00 ?,emploi_du_temps
"Y a-t-il un règlement spécifique pour les stages , si possible ?",reglement
"Pardon, Y a-t-il un règlement spécifique pour les stages ?",reglement
"J’ai perdu mes clés, où se situe le bureau des objets trouvés , si possible ?",service_campus
"Puis-je changer de majeure ou de spécialisation en cours d’année , pour la semaine prochaine ?",formation
Combien d’absences sont autorisées avant une sanction ?,reglement
"Quels documents sont requis pour un changement de parcours , c’est urgent ?",procedure_administrative
"Quelles sont les règles pour le retrait d’un cours , pour la semaine prochaine ?",reglement
"Excusez-moi, quelle est la date limite pour l’abandon d’une UE ?",procedure_administrative
Où déposer mon dossier pour obtenir une convention de stage ?,procedure_administrative
Quelles sont les UE obligatoires pour le Master Robotique ?,formation
À quelle heure commencent les TD de microéconomie ?,emploi_du_temps
J’aimerais savoir : Quand a lieu le prochain cours de microéconomie ?,emploi_du_temps
Est-il possible de savoir comment demander un relevé officiel ?,procedure_administrative
Quelle est la politique concernant le absence aux cours ?,reglement
Où se trouve la maison des étudiants ?,service_campus
"Petite question : Où consulter le code de conduite des étudiants , c’est urgent ?",reglement
"Bonjour, comment demander un report d’admission ?! ?",procedure_administrative
"S'il vous plaît, Est-il possible de savoir le ENT ne fonctionne pas, que puis-je faire ?",service_campus
"Excusez-moi, J’aimerais savoir quand se déroule le cours de analyse de données. ?",emploi_du_temps
"Pourriez-vous me dire : Comment me connecter au Wi-Fi de l’université , pour aujourd’hui ?",service_campus
"Comment me connecter au portail étudiant de l’université , pour aujourd’hui ?",service_campus
Pourriez-vous me dire : Quels sont les prérequis pour le MBA Finance ?,formation
"Pourriez-vous m’indiquer le créneau de analyse de données , merci d’avance ?",emploi_du_temps
"Puis-je réserver une salle de travail ou un terrain de sport , c’est urgent ?",service_campus
"Excusez-moi, pourriez-vous me dire : Quand a lieu le prochain cours de littérature moderne ?",emploi_du_temps
"Pourriez-vous me dire : Pourriez-vous m’indiquer le créneau de biologie cellulaire , pour la semaine prochaine ?",emploi_du_temps
Comment reussir le prochain module de statistiques ?! ?,formation
J’aimerais savoir quand se déroule le cours de chimie organique. ?,emploi_du_temps
J’aimerais savoir : Où se trouve la gymnase ?,service_campus
Est-il possible de savoir quels documents sont requis pour un changement de parcours ?,procedure_administrative
"S'il vous plaît, Où soumettre la demande de carte étudiante ?",procedure_administrative
Puis-je réserver une salle de travail ou un terrain de sport ?,service_campus
"Pourriez-vous me dire : Combien d’absences sont autorisées avant une sanction , c’es turgent ?",reglement
Quelle est la date limite pour l’inscription aux cours ?,procedure_administrative
Existe-t-il un minimum de crédits ou de moyenne par semestre ?,reglement
Petite question : Quels documents sont requis pour un changement de parcours ?,procedure_administrative
Comment demander un report d’admission ?,procedure_administrative
J’aimerais savoir : Quand a lieu le prochain cours de microéconomie ?,emploi_du_temps
"J’i perdu mes clés, où se situe le bureau des objets trouvés , c’est urgent ?",service_campus
"J’aimerais savoir : Pouvez-vous me donner l’emploi du temps du semestre de automne pour biologie cellulaire , si possible ?! ?",emploi_du_temps
"Pourriez-vous me dire : Combien de crédits faut-il pour se spécialiser en Biologie , pour aujourd’hui ?",formation
Comment demander un report d’admission ?,procedure_administrative
Est-il possible de savoir comment réussir le prochain module de statistiques ?,formation
"Excusez-moi, est-il possible de savoir comment renouveler ma carte étudiante , pour aujourd’hui ?",procedure_administrative
J’aimerais savoir quand se déroule le cours de microéconomie. ?,emploi_du_temps
"S'il vous plaît, Est-il possible de savoir quelle est la politique concernant le rattrapage d’examen  !?",reglement
Comment me cnonecter au ENT de l’université ?,service_campus
"Bonjour, où et à quelle heure est mon cours du mardi à 8h30 ?",emploi_du_temps
"Bonsoir, Que se passe-t-il en cas de triche à un examen ?",reglement
Est-il possible de savoir quels sont les prérequis pour le MBA Finance ?,formation
Où soumettre la demande de carte étudiante ?,procedure_administrative
Quelle est la politique concernant le probation académique  ??,reglement
À quelle heure commencent les TD de statistiques appliquées ?,emploi_du_temps
Où soumettre la demande de carte étudiante ?,procedure_administrative
Est-il possible de savoir quel est l’horaire du cours de littérature moderne avec le professeur Anderson ?,emploi_du_temps
Où et à quelle heure est mon cours du lundi à 16h30 ?,emploi_du_temps
Combien de crédits faut-il pour se spécialiser en Biologie ?,formation
"Excusez-moi, pourriez-vous me dire : Où consulter le code de conduite des étudiants ?",reglement
Quelles sont les règles pour le retrait d’un cours ?,reglement
"Pardon, Quelles sont les UE obligatoires pour le MBA Finance , pour aujourd’hui ?",formation
"Pourriez-vous me dire : Que se passe-t-il en cas de triche à un examen , merci d’avance ?",reglement
Où et à quelle heure est mon cours du vendredi à 16h30 ?,emploi_du_temps
Existe-t-il un minimum de crédits ou de moyenne par semestre ?,reglement
Où déposer mon dossier pour mettre à jour mon adresse ?,procedure_administrative
Où se trouve la service logement ?,service_campus
Où se trouve la gymnase ?,service_campus
Pourriez-vous me dire : Comment demander un report d’admission ?,procedure_administrative
Pourriez-vous me dire : Comment demander un report d’admission ?,procedure_administrative
"Quelle est la politique concernant le probation académique , pour aujourd’hui ?",reglement
"J’ai perdu mes clés, où se situe le bureau des objets trouvés ?",service_campus
Combien d’absences sont autorisées avant une sanction ?,reglement
"S'il vous plaît, est-il possible de savoir quelle est la date limite pour l’inscription aux cours ?",procedure_administrative
"S'il vous plaît, comment réussir le prochain module de statistiques ?",formation
Quelles sont les matières principales en Lettres modernes  ??,formation
Où et à quelle heure est mon cours du mardi à 14h00 ?,emploi_du_temps
"J’ai perdu mes clés, où se situe le bureau des objets trouvés ?",service_campus
"S'il vous plaît, pouvez-vous me donner l’emploi du temps du semestre de printemps pour économie ?",emploi_du_temps
"S'il vous plaît, Est-il possible de savoir puis-je réserver une salle de travail ou un terrain de sport ?",service_campus
"J’aimerais savoir : Puis-je réserver une salle de travail ou un terrain de sport , pour la semaine prochaine ?",service_campus
Pourriez-vous me dire : Comment me connecter au VPN de l’université … ?,service_campus
Quelles sont les UE obligatoires pour le Master Psychologie ?,formation
Petite question : Où se trouve la bibliothèque centrale ?,service_campus
Pourriez-vous me dire : Quelles sont les UE obligatoires pour le Master Robotique ?,formation
Combien de crédits faut-il pour se spécialiser en Informatique ?,formation
Petite question : comment me connecter au ENT de l’université ?,service_campus
Quelles sont les UE obligatoires pour le Parcours Data Science ?,formation
"Bonsoir, pourriez-vous me dire : Pourriez-vous m’indiquer le créneau de microéconomie ?",emploi_du_temps
Est-il possible de savoir où se trouve la maison des étudiants ?,service_campus
"Est-il possible de savoir où se trouve la service logement , merci d’avance ?",service_campus
Est-il possible de savoir où consulter le code de conduite des étudiants ?,reglement
À quelle heure commencent les TD de analyse de données ?,emploi_du_temps
Pourriez-vous m’indiquer le créneau de biologie cellulaire ?,emploi_du_temps
Où et à quelle heure est mon cours du mercredi à 8h30  ??,emploi_du_temps
"Excusez-moi, Quelles sont les règles pour le retrait d’un cours , pour aujourd’hui ?",reglement
"Où et à quelle heure est mon cours du vendredi à 10h00 , pour la semaine prochaine ?",emploi_du_temps
"Quel est l’horaire du cours de littérature moderne avec le professeur Nguyen , pour aujourd’hui ?",emploi_du_temps
Est-il possible de savoir combien de crédits faut-il pour se spécialiser en Psychologie ?,formation
Puis-je changer de majeure ou de spécialisation en cours d’année ?,formation
"J’aimerais savoir : Y a-t-il un règlement spécifique pour les stages , pour la semaine prochaine ?",reglement
Pourriez-vous me dire : Quels documents sont requis pour un changement de parcours  ??,procedure_administrative
"Le Wi-Fi ne fonctionne pas, que puis-je faire ?",service_campus
Comment mettre à jour mon adresse ?,procedure_administrative
Petite question : Quelles sont les matières principales en Philosophie ?,formation
Est-il possible de savoir j’aimerais savoir quand se déroule le cours de microéconomie ?,emploi_du_temps
J’aimerais savoir : Combien de crédits faut-il pour se spécialiser en Lettres modernes ?,formation
Est-il possible de savoir puis-je réserver une salle de travail ou un terrain de sport ?,service_campus
"Bonsoir, Quels documents sont requis pour un changement de parcours ?",procedure_administrative
"Où soumettre la demande de carte étudiante , pour aujourd’hui ?",procedure_administrative
"Bonjour, J’aimerais savoir quand se déroule le cours de analyse de données. ?",emploi_du_temps
"Bonsoir, Quel est l’horaire du cours de économie avec le professeur Leroy ?",emploi_du_temps
Est-il possible de savoir quels documents sont requis pour un changement de parcours ?,procedure_administrative
J’aimerais savoir : Quels sont les prérequis pour le Parcours Data Science ?,formation
Comment demander un report d’admission  !?,procedure_administrative
"Bonjour, Quand a lieu le prochain cours de statistiques appliquées ?",emploi_du_temps
Est-il possible de savoir où soumettre la demande de carte étudiante ?,procedure_administrative
Quelles sont les matières principales en Informatique ?,formation
Pourriez-vous me dire : Comment me connecter au VPN de l’université ?,service_campus
Comment demander un relevé officiel  ??,procedure_administrative
"S'il vous plaît, Existe-t-il un minimum de crédits ou de moyenne par semestre ?",reglement
Quelle est la date limite pour l’abandon d’une UE ?,procedure_administrative
"Bonsoir, où puis-je imprimer mes documents sur le campus , si possible ?",service_campus
Petite question : À quelle heure commencent les TD de biologie cellulaire ?,emploi_du_temps
"S'il vous plaît, J’aimerais savoir : Comment réussir le prochain module de statistiques ?",formation
"S'il vous plaît, est-il possible de savoir j’aimerais savoir quand se déroule le cours de statistiques appliquées ?",emploi_du_temps
Y a-t-il un règlement spécifique pour les stages ?,reglement
Pourriez-vous me dire : J’aimerais savoir quand se déroule le cours de chimie organique ?,emploi_du_temps
Où puis-je imprimer mes documents sur le campus ?,service_campus
Quels sont les horaires d’ouverture de la bibliothèque centrale ?,service_campus
Quelle est la date limite pour l’abandon d’une UE ?,procedure_administrative
Quelle est la date limite pour la demande d’aide financière  ??,procedure_administrative
Y a-t-il un règlement spécifique pour les stages ?,reglement
Y a-t-il un règlemnt spécifique pour les stages ?,reglement
Où et à quelle heure est mon cours du mardi à 16h30 ?,emploi_du_temps
Quelles sont les UE obligatoires pour le Licence Histoire ?,formation
"J’ai perdu mes clés, où se situe le bureau des objets trouvés ?",service_campus
"Bonsoir, où se trouve la centre de santé ?",service_campus
J’aimerais savoir : Existe-t-il un minimum de crédits ou de moyenne par semestre ?,reglement
Pourriez-vous me dire : Quel est l’horaire du cours de programmation Python avec le professeur Leroy ?,emploi_du_temps
Quels documents sont requis pour un changement de parcours ?,procedure_administrative
"Est-il possible de savoir comment réussir le prochain module de statistiques , c’est urgent ?",formation
Est-il possible de savoir quelles sont les matières principales en Philosophie ?,formation
"Excusez-moi, comment réussir le prochain module de statistiques ?",formation
Comment mettre à jour mon adresse ?,procedure_administrative
Oùùù soumettre la demande de carte étudiante  !?,procedure_administrative
Pourriez-vous me dire : Quels documents sont requis pour un changement de parcours ?,procedure_administrative
Pourriez-vous me dire : À quelle heure commencent les TD de biologie cellulaire ?,emploi_du_temps
"J’aimerais savoir : J’aimerais savoir quand se déroule le cours de robotique , c’est urgent  !?",emploi_du_temps
Combien de crédits faut-il pour se spécialiser en Psychologie ?,formation
"Quelles sont les matières principales en Philosophie , pour la semaine prochaine ?",formation
Quelles sont les UE obligatoires pour le MBA Finance ?,formation
"Pourriez-vous me dire : À quelle heure commencent les TD de droit public , c’est urgent ?",emploi_du_temps
J’aimerais savoir : Combien d’absences sont autorisées avant une sanction ?,reglement
"Petite question : Est-il possible de savoir que se passe-t-il en cas de triche à un examen , c’est urgent ?",reglement
Pourriez-vous me dire : J’aimerais savoir quand se déroule le cours de algèbre avancée ?,emploi_du_temps
"J’aimerais savoir : Puis-je réserver une salle de travail ou un terrain de sport , si possible ?",service_campus
"Où puis-je imprimer mes documents sur le campus , pour la semaine prochaine ?",service_campus
Où consulter le code de conduite des étudiants ?! ?,reglement
Pourriez-vous me dire : Combien de crédits faut-il pour se spécialiser en Lettres modernes  ??,formation
Quand a lieu le prochain cours de microéconomie ?,emploi_du_temps
J’aimerais savoir : Quelles sont les matières principales en Informatique ?,formation
Quand a lieu le prochain cours de robotique ?,emploi_du_temps
Pourriez-vous me dire : Combien d’absences sont autorisées avant une sanction ?,reglement
"Bonsoir, j’aimerais savoir : Où et à quelle heure est mon cours du mercredi à 8h30 , si possible ?",emploi_du_temps
Quelles sont les règles pour le retrait d’un cours ?,reglement
Où et à quelle heure est mon cours du jeudi à 10h00 ?,emploi_du_temps
Existe-t-il un minimum de crédits ou de moyenne par semestre ?,reglement
"Excusez-moi, Que se passe-t-il en cas de triche à un examen ?",reglement
"Bonjour, est-il possible de savoir où consulter le code de conduite des étudiants ?",reglement
Quelles sont les UE obligatoires pour le Parcours Data Science ?,formation
"Bonsoir, est-il possible de savoir où soumettre la demande de carte étudiante ?",procedure_administrative
Quels sont les horaires d’ouverture de la bureau des carrières ?,service_campus
J’aimerais savoir : Que se passe-t-il en cas de triche à un examen ?,reglement
Est-il possible de savoir comment candidater pour la remise de diplôme ?,procedure_administrative
"Le Wi-Fi ne fonctionne pas, que puis-je faire , si possible ?",service_campus
Existe-t-il un minimum de crédits ou de moyenne par semestre ?,reglement
Petite question : j’aimerais savoir : Comment demander un report d’admission ?,procedure_administrative
Petite question : que se passe-t-il en cas de triche à un examen ?,reglement
Petite question : comment payer mes frais de scolarité ?,procedure_administrative
Est-il possible de savoir où puis-je imprimer mes documents sur le campus ?,service_campus
"Bonjour, Où déposer mon dossier pour mettre à jour mon adresse ?",procedure_administrative
"S'il vous plaît, comment réussir le prochain module de statistiques ?",formation
"Petite question : J’ai perdu mes clés, où se situe le bureau des objets trouvés ?",service_campus
J’aimerais savoir : Comment demander un report d’admission ?,procedure_administrative
Est-il possible de savoir pourriez-vous m’indiquer le créneau de robotique ?,emploi_du_temps
Quelles sont les règles pour le retrait d’un cours ?,reglement
"Comment me connecter au VPN de l’université , c’est urgent ?",service_campus
Est-il possible de savoir où et à quelle heure est mon cours du jeudi à 10h00 ?,emploi_du_temps
J’aimerais savoir : Que se passe-t-il en cas de triche à un examen ?,reglement
J’aimerais savoir : Quels sont les horaires d’ouverture de la service logement ?,service_campus
"Excusez-moi, quels documents sont requis pour un changement de parcours ?",procedure_administrative
Quelle est la date limite pour l’abandon d’une UE ?,procedure_administrative
J’aimerais savoir : Quels sont les horaires d’ouverture de la bibliothèque centrale ?,service_campus
Combien d’absences sont autorisées avant une sanction ?,reglement
"Pardon, Où soumettre la demande de carte étudiante , pour aujourd’hui ?",procedure_administrative
Quels sont les prérequis pour le Licence Histoire ?,formation
"Pourriez-vous me dire : Le VPN ne fonctionne pas, que puis-je faire ?",service_campus
Pourriez-vous me dire : Où soumettre la demande de carte étudiante ?,procedure_administrative
Comment me connecter au portail étudiant de l’université ?,service_campus
"S'il vous plaît, puis-je réserver une salle de travail ou un terrain de sport , pour la semaine prochaine ?",service_campus
Où puis-je imprimer mes documents sur le campus ?,service_campus
Y a-t-il un règlement spécifique pour les stages ?,reglement
"Comment me connecter au portail étudiant de l’université , pour la semaine prochaine ?",service_campus
Où consulter le code de conduite des étudiants ?,reglement
Petite question : quel est l’horaire du cours de biologie cellulaire avec le professeur Anderson ?,emploi_du_temps
J’aimerais savoir : Quelles sont les règles pour le retrait d’un cours ?,reglement
Où déposer mon dossier pour mettre à jour mon adresse ?,procedure_administrative
Petite question : Où consulter le code de conduite des étudiants  ??,reglement
Y a-t-il un règlement spécifique pour les stages ?,reglement
"Quelle est la date limite pour l’abandon d’une UE , merci d’avance ?",procedure_administrative
Petite question : J’aimerais savoir : Quels sont les prérequis pour le Parcours Data Science ?,formation
Quels sont les prérequis pour le Licence Histoire ?,formation
J’aimerais savoir quand se déroule le cours de statistiques appliquées. ?,emploi_du_temps
Combien d’absences sont autorisées avant une sanction ?,reglement
"Bonsoir, Quelles sont les règles pour le retrait d’un cours ?",reglement
À quelle heure commencent les TD de biologie cellulaire ?,emploi_du_temps
"Excusez-moi, est-il possible de savoir comment candidater pour la remise de diplôme ?",procedure_administrative
Comment me connecter au portail étudiant de l’université ?,service_campus
Pourriez-vous me dire : Quelle est la date limite pour l’inscription aux cours ?,procedure_administrative
Existe-t-il un minimum de crédits ou de moyenne par semestre ?,reglement
Où soumettre la demande de carte étudiante ?,procedure_administrative
"J’ai perdu mes clés, où se situe le bureau des objets trouvés , merci d’avance ?",service_campus
Pourriez-vous m’indiquer le créneau de biologie cellulaire ?,emploi_du_temps
"Où se trouve la bureau des carrières , merci d’avance ?",service_campus
J’aimerais savoir : Quand a lieu le prochain cours de psychologie cognitive ?,emploi_du_temps
Où consulter le code de conduite des étudiants ?,reglement
Existe-t-il un minimum de crédits ou de moyenne par semestre ?,reglement
"Est-il possible de savoir le portail étudiant ne fonctionne pas, que puis-je faire , pour aujourd’hui ?",service_campus
J’aimerais savoir : Quels sont les prérequis pour le Licence Histoire ?,formation
"J’ai perdu mes clés, où se situe le bureau des objets trouvés ?",service_campus
"Bonjour, Est-il possible de savoir quelle est la date limite pour l’abandon d’une UE , merci d’avance ?",procedure_administrative
"Quels documents sont requis pour un changement de parcours , pour aujourd’hui ?",procedure_administrative
Pourriez-vous m’indiquer le créneau de microéconomie ?,emploi_du_temps
J’aimerais savoir quand se déroule le cours de économie. ?,emploi_du_temps
Combien de crédits faut-il pour se spécialiser en Informatique ?,formation
"Pardon, le portail étudiant ne fonctionne pas, que puis-je faire ?",service_campus
Comment réussir le prochain module de statistiques ?,formation
Quelles sont les UE obligatoires pour le Master Robotique ?,formation
J’aimerais savoir : Existe-t-il un minimum de crédits ou de moyenne par semestre ?,reglement
Est-il possible de savoir quand a lieu le prochain cours de chimie organique  !?,emploi_du_temps
"Bonsoir, J’ai perdu mes clés, où se situe le bureau des objets trouvés ?",service_campus
Quand a lieu le prochain cours de algèbre avancée  ??,emploi_du_temps
"Est-il possible de savoir j’ai perdu mes clés, où se situe le bureau des objets trouvés ?",service_campus
"S'il vous plaît, quelle est la politique concernant le plagiat ?",reglement
Quelles sont les matières principales en Philosophie  ??,formation
"Quel est l’horaire du cours de chimie organique avec le professeur Nguyen , pour la semaine prochaine ?",emploi_du_temps
"Bonsoir, Le Wi-Fi ne fonctionne pas, que puis-je faire ?",service_campus
Quelles sont les matières principales en Philosophie ?,formation
J’aimerais savoir : Quels sont les prérequis pour le MBA Finance ?,formation
"J’aimerais savoir : Comment me connecter au portail étudiant de l’université , pour aujourd’hui  ??",service_campus
Est-il possible de savoir quelle est la politique concernant le rattrapage d’examen ?,reglement
"Y a-t-il un règlement spécifique pour les stages , merci d’avance ?",reglement
"Excusez-moi, Comment demander un relevé officiel ?",procedure_administrative
"Quelle est la politique concernant le plagiat , pour la semaine prochaine ?",reglement
"Excusez-moi, J’aimerais savoir quand se déroule le cours de littérature moderne. — si possible ?",emploi_du_temps
Quels sont les prérequis pour le Master Robotique ?,formation
Quelles sont les règles pour le retrait d’un cours ?,reglement
Existe-t-il un minimum de crédits ou de moyenne par semestre ?,reglement
"Comment demander un report d’admission , pour aujourd’hui ?",procedure_administrative
"S'il vous plaît, À quelle heure commencent les TD de chimie organique ?",emploi_du_temps
Quelles sont les matières principales en Psychologie ?,formation
"S'il vous plaît, le Wi-Fi ne fonctionne pas, que puis-je faire ?",service_campus
"J’ai perdu mes clés, où se situe le bureau des objets trouvés ?",service_campus
J’aimerais savoir : Comment demander un report d’admission ?,procedure_administrative
Où soumettre la demande de carte étudiante … ?,procedure_administrative
Pouvez-vous me donner l’emploi du temps du semestre de été pour algèbre avancée ?,emploi_du_temps
Existe-t-il un minimum de crédits ou de moyenne par semestre ?,reglement
"Excusez-moi, pourriez-vous me dire : Quand a lieu le prochain cours de microéconomie , merci d’avance ?",emploi_du_temps
J’aimerais savoir : Quand a lieu le prochain cours de programmation Python ?,emploi_du_temps
Est-il possible de savoir quels sont les horaires d’ouverture de la bibliothèque centrale ?,service_campus
"S'il vous plaît, puis-je réserver une salle de travail ou un terrain de sport ?",service_campus
Quelle est la date limite pour l’inscription aux cours ?,procedure_administrative
"Combien de crédits faut-il pour se spécialiser en Psychologie , pour la semaine prochaine ?",formation
"Pardon, pourriez-vous me dire : Quelles sont les matières principales en Informatique , pour aujourd’hui ?",formation
"Pardon, où se trouve la maison des étudiants ?",service_campus
Pourriez-vous me dire : Existe-t-il un minimum de crédits ou de moyenne par semestre ?,reglement
"Est-il possible de savoir puis-je réserver une salle de travail ou un terrain de sport , pour aujourd’hui ?",service_campus
"Pardon, J’aimerais savoir : Quand a lieu le prochain cours de droit public ?",emploi_du_temps
Petite question : pourriez-vous me dire : Quelle est la politique concernant le absence aux cours ?,reglement
"S'il vous plaît, j’aimerais savoir : Quelles sont les matières principales en Philosophie ?",formation
"Pourriez-vous me dire : Y a-t-il un règlement spécifique pour les stages , c’est urgent ?",reglement
"Pardon, combien de crédits faut-il pour se spécialiser en Philosophie ?",formation
"Pardon, Pourriez-vous me dire : Comment me connecter au portail étudiant de l’université , pour aujourd’hui ?",service_campus
Comment demander un releév officiel ?,procedure_administrative
Puis-je changer de majeure ou de spécialisation en cours d’année ?,formation
"S'il vous plaît, J’aimerais savoir : Comment me connecter au portail étudiant de l’université ?",service_campus
"Excusez-moi, Quels sont les prérequis pour le Licence Histoire ?",formation
Pourriez-vous m’indiquer le créneau de littérature moderne ?,emploi_du_temps
"J’aimerais savoir : Comment payer mes frais de scolarité , pour aujourd’hui ?",procedure_administrative
J’aimerais savoir : Combien de crédits faut-il pour se spécialiser en Biologie ?,formation
Pourriez-vous me dire : Quels sont les horaires d’ouverture de la gymnase ?,service_campus
Pourriez-vous me dire : À quelle heure commencent les TD de psychologie cognitive ?,emploi_du_temps
Exise-t-il un minimum de crédits ou de moyenne par semestre ?,reglement
Puis-je changer de majeure ou de spécialisation en cours d’année ! ?,formation
Où se trouve la bibliothèque centrale ?,service_campus
"Le ENT ne fonctionne pas, que puis-je faire , pour la semaine prochaine ?",service_campus
"Le Wi-Fi ne fonctionne pas, que puis-je faire ?",service_campus
"Pardon, est-il possible de savoir quels sont les horaires d’ouverture de la gymnase ?",service_campus
Petite question : quelles sont les matières principales en Biologie ?,formation
Quelles sont les UE obligatoires pour le Master Psychologie ?,formation
Quelles sont les règles pour le retrait d’un cours ?,reglement
J’aimerais savoir : À quelle heure commencent les TD de biologie cellulaire ?,emploi_du_temps
Quelle est la date limite pour l’inscription aux cours ?,procedure_administrative
"Où et à quelle heure est mon cours du mardi à 8h30 , pour aujourd’hui ?",emploi_du_temps
"Le portail étudiant ne fonctionne pas, que puis-je faire , pour la semaine prochaine ?",service_campus
Pourriez-vous me dire : Y a-t-il un règlement spécifique pour les stages ?,reglement
"S'il vous plaît, quelles sont les règles pour le retrait d’un cours , pour aujourd’hui ?",reglement
Pourriez-vous me dire : Combien de crédits faut-il pour se spécialiser en Philosophie ?,formation
"Bonjour, Pourriez-vous me dire : Où soumettre la demande de carte étudiante ?",procedure_administrative
Quelles sont les regles pour le retrait d’un cours ?,reglement
Quels sont les prérequis pour le Licence Histoire ?,formation
"Excusez-moi, Quels sont les horaires d’ouverture de la bibliothèque centrale ?",service_campus
J’aimerais savoir : Combien de crédits faut-il pour se spécialiser en Informatique ?,formation
Est-il possible de savoir où et à quelle heure est mon cours du mardi à 16h30  ??,emploi_du_temps
Est-il possible de savoir y a-t-il un règlement spécifique pour les stages  ??,reglement
Où se trouve la maison des étudiants ?,service_campus
"Pourriez-vous me dire : Pourriez-vous m’indiquer le créneau de littérature moderne , si possible ?",emploi_du_temps
"Bonjour, pourriez-vous me dire : Où déposer mon dossier pour renouveler ma carte étudiante ?",procedure_administrative
"Comment réussir le prochain module de statistiques , pour la semaine prochaine ?",formation
J’aimerais savoir : Quels sont les horaires d’ouverture de la service logement ?,service_campus
Comment réussir le prochain module de statistiques ?,formation
Est-il possible de savoir quelles sont les matières principales en Biologie ?,formation
J’aimerais savoir : Quelles sont les matières principales en Lettres modernes ?,formation
Où consulter le code de conduite des étudiants ?,reglement
"S'il vous plaît, j’aimerais savoir : À quelle heure commencent les TD de biologie cellulaire ?",emploi_du_temps
J’aimerais savoir : Quelle est la politique concernant le plagiat ?,reglement
Quel est l’horaire du cours de biologie cellulaire avec le professeur Bennani ?,emploi_du_temps
Quelles sont les règles pour le retrait d’un cours ?,reglement
Où et à quelle heure est mon cours du jeudi à 16h30 ?,emploi_du_temps
Pourriez-vous me dire : Pourriez-vous m’indiquer le créneau de chimie organique ?,emploi_du_temps
J’aimerais savoir : Combien de crédits faut-il pour se spécialiser en Biologie ?,formation
Où consulter le code de conduite des étudiants ?,reglement
Où déposer mon dossier pour payer mes frais de scolarité ?,procedure_administrative
J’aimerais savoir : Combien d’absences sont autorisées avant une sanction ?,reglement
À quelle heureee commencent les TD de littérature moderne ?,emploi_du_temps
"S'il vous plaît, où et à quelle heure est mon cours du mercredi à 16h30 ?",emploi_du_temps
"Quels sont les horaires d’ouverture de la bureau des carrières , pour aujourd’hui ?",service_campus
"Comment payer mes frais de scolarité , pour la semaine prochaine ?",procedure_administrative
Petite question : Comment candidater pour la remise de diplome ?,procedure_administrative
Où puis-je imprimer mes documents sur le campus ?,service_campus
Pourriez-vous me dire : Quels sont les horaires d’ouverture de la bureau des carrières ?,service_campus
Où déposer mon dossier pour candidater pour la remise de diplôme … ?,procedure_administrative
Où déposer mon dossier pour mettre à jour mon adresse ?,procedure_administrative
J’aimerais savoir : Quelles sont les règles pour le retrait d’un cours ?,reglement
Est-il possible de savoir quel est l’horaire du cours de économie avec le professeur Martin ?,emploi_du_temps
Petite question : Pourriez-vous me dire : Où et à quelle heure est mon cours du jeudi à 14h00 ?,emploi_du_temps
Où consulter le code de conduite des étudiants ?,reglement
"Est-il possible de savoir à quelle heure commencent les td de statistiques appliquées , si possible ?",emploi_du_temps
Quand a lieu le prochain cours de chimie organique ?,emploi_du_temps
Petite question : Combien de crédits faut-il pour se spécialiser en Philosophie ?,formation
Pourriez-vous m’indiquer le créneau de programmation Python ?,emploi_du_temps
Est-il possible de savoir quel est l’horaire du cours de droit public avec le professeur Leroy ?,emploi_du_temps
Y a-t-il un règlement spécifique pour les stages ?,reglement
"Le VPN ne fonctionne pas, que puis-je faire , pour la semaine prochaine ?",service_campus
"Bonsoir, À quelle heure commencent les TD de chimie organique ?",emploi_du_temps
Est-il possible de savoir où se trouve la centre de santé ?,service_campus
"Quand a lieu le prochain cours de chimie organique , c’est urgent ?",emploi_du_temps
Où puis-je imprimer mes documents sur le campus ?,service_campus
"Bonjour, J’ai perdu mes clés, où se situe le bureau des objets trouvés … ?",service_campus
"Bonjour, quelles sont les matières principales en Lettres modernes ?",formation
Pourriez-vous m’indiquer le créneau de algèbre avancée ?,emploi_du_temps
Puis-je changer de majeure ou de spécialisation en cours d’année ?,formation
Est-il possible de savoir quelles sont les matières principales en Lettres modernes ?,formation
"Bonsoir, j’aimerais savoir : Quand a lieu le prochain   cours de statistiques appliquées ?",emploi_du_temps
"Petite question : Combien d’absences sont autorisées avant une sanction , si possible ?",reglement
Pourriez-vous m’indiquer le créneau de algèbre avancée ?,emploi_du_temps
J’aimerais savoir quand se déroule le cours de algèbre avancée. ?,emploi_du_temps
Quelle est la date limite pour la demande d’aide financière ?,procedure_administrative
Combien de crédits faut-il pour se spécialiser en Philosophie ?,formation
Comment obtenir une convention de stage ?! ?,procedure_administrative
Quelles sont les règles pour le retrait d’un cours ?,reglement
Est-il possible de savoir quelles sont les UE obligatoires pour le Parcours Data Science ?,formation
Que se passe-t-il en cas de triche à un examen ?,reglement
Est-il possible de savoir y a-t-il un règlement spécifique pour les stages ?,reglement
Où consulter le code de conduite des étudiants ?,reglement
Comment me connecter au ENT de l’université ?,service_campus
Quels documents sont requis pour un changement de parcours ?,procedure_administrative
Quels sont les horaires d’ouverture de la centre de santé ?,service_campus
"J’ai perdu mes clés, où se situe le bureau des objets trouvés ?",service_campus
Est-il possible de savoir quelles sont les UE obligatoires pour le MBA Finance ?,formation
"Comment réussir le prochain module de statistiques , pour aujourd’hui ?",formation
Est-il possible de savoir où soumettre la demande de carte étudiante ?,procedure_administrative
Que se passe-t-il en cas de triche à un examen  ??,reglement
"Petite question : j’ai perdu mes clés, où se situe le bureau ds objets trouvés ?",service_campus
Quel est l’horaire du cours de analyse de données avec le professeur Bennani ?,emploi_du_temps
"Bonsoir, J’aimerais savoir : Quelles sont les matières principales en Psychologie  !?",formation
"Comment me connecter au portail étudiant de l’université , merci d’avance ?",service_campus
"Bonjour, comment demander un report d’admission ?",procedure_administrative
"Excusez-moi, à quelle heure commencent les TD de analyse de données ?",emploi_du_temps
Petite question : où déposer mon dossier pour renouveler ma carte étudiante ?,procedure_administrative
J’aimerais savoir quand se déroule le cours de psychologie cognitive. ?,emploi_du_temps
"Bonjour, Quels sont les prérequis pour le Parcours Data Science ?",formation
J’aimerais savoir quand se déroule le cours de psychologie cognitive. ?,emploi_du_temps
"Comment réussir le prochain module de statistiques , pour aujourd’hui ?",formation
Quelle est la politique concernant le plagiat ?,reglement
Comment demander un report d’admission ?,procedure_administrative
"Quand a lieu le prochain cours de programmation Python , pour aujourd’hui ?",emploi_du_temps
"Bonsoir, puis-je réserver une salle de travail ou un terrain de sport ?",service_campus
"Le Wi-Fi ne fonctionne pas, que puis-je faire ?",service_campus
"Excusez-moi, j’aimerais savoir quand se déroule le cours de microéconomie. ?",emploi_du_temps
Où consulter le code de conduite des étudiants ?,reglement
’Jaimerais savoir quand se déroule le cours de économie. ?,emploi_du_temps
"Combien de crédits faut-il pour se spécialiser en Lettres modernes , pour aujourd’hui ?",formation
J’aimerais savoir : Quand a lieu le prochain cours de droit public ?,emploi_du_temps
"S'iiil vous plaît, quelle est la date limite pour l’inscription aux cours , c’est urgent ?",procedure_administrative
"Bonjour, où soumettre la demande de carte étudiante ?",procedure_administrative
"Combien d’absences sont autorisees avant une sanction , pour aujourd’hui ?",reglement
"Pardon, combien d’absences sont autorisées avant une sanction ?",reglement
Pourriez-vous me dire : Quelle est la date limite pour l’abandon d’une UE ?,procedure_administrative
"Excusez-moi, Existe-t-il un minimum de crédits ou de moyenne par semestre , pour la semaine prochaine ?",reglement
"J’ai perdu mes clés, où se situe le bureau des objets trouvés , pour la semaine prochaine  !?",service_campus
Puis-je réserver une salle de travail ou un terrain de sport ?,service_campus
"Quels documents sont requis pour un changement de parcours , merci d’avance ?",procedure_administrative
"Excusez-moi, Où puis-je imprimer mes documents sur le campus ?",service_campus
"Où soumettre la demande de carte étudiante , pour la semaine prochaine ?",procedure_administrative
"Pouvez-vous me donner l’emploi du temps du semestre de printemps pour économie , pour aujourd’hui ?",emploi_du_temps
"Excusez-moi, est-il possible de savoir comment candidater pour la remise de diplôme ?",procedure_administrative
Est-il possible de savoir j’aimerais savoir quand se déroule le cours de programmation Python ?,emploi_du_temps
Combien de crédits faut-il pour se spécialiser en Lettres modernes ?,formation
À quelle heure commencent les TD de économie ?,emploi_du_temps
"Combien de crédits faut-il pour se spécialiser en Lettres modernes , pour aujourd’hui ?",formation
Comment me connecter au VPN de l’université ?,service_campus
"Pardon, Quelles sont les matières principales en Lettres modernes ?",formation
Où et à quelle heure est mon cours du jeudi à 8h30 ?,emploi_du_temps
Où consulter le code de conduite des étudiants ?,reglement
J’aimerais savoir : Où puis-je imprimer mes documents sur le campus ?,service_campus
"Excusez-moi, où consulter le code de conduite des étudiants ?",reglement
Pourriez-vous me dire : Puis-je changer de majeure ou de spécialisation en cours d’année … ?,formation
Quels documents sont requis pour un changement de parcours ?,procedure_administrative
Est-il possible de savoir quels sont les prérequis pour le Parcours Data Science ?,formation
"Excusez-moi, comment me connecter au Wi-Fi de l’université ?",service_campus
"Excusez-moi, Comment demander un report d’admission ?",procedure_administrative
"Pourriez-vous me dire : J’ai perdu mes clés, où se situe le bureau des objets trouvés ?",service_campus
"Excusez-moi, Où se trouve la bibliothèque centrale , merci d’avance ?",service_campus
Petite question : Est-il possible de savoir quelles sont les règles pour le retrait d’un cours ?,reglement
J’aimerais savoir : Combien d’absences sont autorisées avant une sanction ?,reglement
Pouvez-vous me donner l’emploi du temps du semestre de été pour littérature moderne ?,emploi_du_temps
Est-il possible de savoir que se passe-t-il en cas de triche à un examen ?,reglement
Existe-t-il un minimum de crédits ou de moyenne par semestre ?,reglement
"Bonjour, Quel est l’horaire du cours de statistiques appliquées avec le professeur Nguyen ?",emploi_du_temps
Quels sont les prérequis pour le Master Robotique ?,formation
Quand a lieu le prochain cours de chimie organique ?,emploi_du_temps
Où soumettre la demande de carte étudiante ?,procedure_administrative
"J’ai perdu mes clés, où se situe le bureau des objets trouvés  !?",service_campus
Puis-je changer de majeure ou de spécialisation en cours d’année ?,formation
"J’ai perdu mes clés, où se situe le bureau des objets trouvés ?",service_campus
"S'il vous plaît, Quelle est la politique concernan le retards ?",reglement
Où et à quelle heure est mon cours du mercredi à 8h30 ?,emploi_du_temps
Comment réussir le prochain module de statistiques ?,formation
"Est-il possible de svoir à quelle heure commencent les TD de biologie cellulaire , si possible ?",emploi_du_temps
Comment payer mes frais de scolarité ?,procedure_administrative
"J’aimerais savoir : Le Wi-Fi ne fonctionne pas, que puis-je faire ?",service_campus
Pourriez-vous me dire : Quelles sont les matières principales en Informatique ?,formation
"Pourriez-vous me dire : Quelles sont les matières principales en Philosophie , pour la semaine prochaine ?",formation
"Pardon, j’aimerais savoir : À quelle heure commencent les TD de robotique ?",emploi_du_temps
Existe-t-il un minimum de crédits ou de moyenne par semestre ?,reglement
Existe-t-il un minimum de crédits ou de moyenne par semestre ?,reglement
"Le portail étudiant ne fonctionne pas, que puis-je faire , pour la semaine prochaine ?",service_campus
"J’ai perdu mes clés, où se situe le bureau des objets trouvés ?",service_campus
Où puis-je imprimer mes documents sur le campus ?,service_campus
"Est-il possible de savoir le VPN ne fonctionne pas, que puis-je faire ?",service_campus
Quand a lieu le prochain cours de algèbre avancée ?,emploi_du_temps
J’aimerais savoir : Où et à quelle heure est mon cours du jeudi à 14h00 ?,emploi_du_temps
J’aimerais savoir quand se déroule le cours de économie. ?,emploi_du_temps
Puis-je réserver une salle de travail ou un terrain de sport ?,service_campus
Quelle est la date limite pour l’inscription aux cours ?,procedure_administrative
"Bonsoir, quelles sont les UE obligatoires pour le Master Robotique ?",formation
Quelles sont les UE obligatoires pour le Master Robotique … ?,formation
J’aimerais savoir : Où soumettre la demande de carte étudiante  ??,procedure_administrative
Où se trouve la bibliothèque centrale ?,service_campus
"S'il vous plaît, Pourriez-vous m’indiquer le créneau de algèbre avancée ?",emploi_du_temps
Combien de crédits faut-il pour se spécialiser en Philosophie ?,formation
Est-il possible de savoir combien d’absences sont autorisées avant une sanction  ??,reglement
"Excusez-moi, pourriez-vous me dire : Existe-t-il un minimum de crédits ou de moyenne par semestre ?",reglement
"Bonsoir, pourriez-vous me dire : J’ai perdu mes clés, où se situe le bureau des objets trouvés ?",service_campus
"Quelles sont les UE obligatoires pour le Master Psychologie , c’est urgent ?",formation
"Puis-je réserver une salle de travail ou un terrain de sport , c’est urgent … ?",service_campus
"J’aimerais savoir : Pourriez-vous m’indiquer le créneau de droit public , pour aujourd’hui ?",emploi_du_temps
Pourriez-vous me dire : Quelles sont les regles pour le retrait d’un cours ?,reglement
"À quelle heure commencent les TD de biologie cellulaire , merci d’avance ?",emploi_du_temps
Petite question : est-il possible de savoir quelle est la date limite pour la demande d’aide financière ?,procedure_administrative
Où puis-je imprimer mes documents sur le campus ?! ?,service_campus
"Combien de crédits faut-il pour se spécialiser en Informatique , merci d’avance  ??",formation
"Le VPN ne fonctionne pas, que puis-je faire ?",service_campus
Pouvez-vous me donner l’emploi du temps du semestre de automne pour économie ?,emploi_du_temps
J’aimerais savoir : Existe-t-il un minimum de crédits ou de moyenne par semestre ?,reglement
J’aimerais savoir : Où déposer mon dossier pour obtenir une convention de stage ?,procedure_administrative
Petite question : Comment réussir le prochain module de statistiques ?,formation
"Quele st l’horaire du cours de analyse de données avec le professeur Leroy , pour aujourd’hui  !?",emploi_du_temps
"Bonsoir, Pourriez-vous me dire : Où puis-je imprimer mes documents sur le campus ?",service_campus
Pourriez-vous m’indiquer le créneau de droit public ?,emploi_du_temps
Est-il possible de savoir quelle est la date limite pour l’inscription aux cours ?,procedure_administrative
J’aimerais savoir : Où soumettre la demande de carte étudiante ?,procedure_administrative
Quels sont les prérequis pour le Licence Histoire … ?,formation
Où déposer mon dossier pour obtenir une convention de stage ?,procedure_administrative
J’aimerais savoir : Y a-t-il un règlement spécifique pour les stages  !?,reglement
"Petite question : j’aimerais savoir : Le VPN ne fonctionne pas, que puis-je faire ?",service_campus
"Comment réussir le prochain module de statistiques , merci d’avance ?",formation
Comment demander un report d’admission ?,procedure_administrative
"Excusez-moi, Est-il possible de savoir quel est l’horaire du cours de programmation Python avec le professeurrr Anderson ?",emploi_du_temps
"S'il vous plaît, puis-je réserver une salle de travail ou un terrain de sport  ??",service_campus
"J’aimerais savoir : J’ai perdu mes clés, où se situe le bureau des objets trouvés ?",service_campus
"Excusez-moi, J’aimerais savoir : Où se trouve la bureau des carrières ?",service_campus
Quel est l’horaire du cours de programmation Python avec le professeur Leroy ?,emploi_du_temps
Combien d’absences sont autorisées avant une sanction ?,reglement
"Pardon, est-il possible de savoir comment demander un report d’admission ?",procedure_administrative
"Pourriez-vous me dire : Puis-je réserver une salle de travail ou un terrain de sport , si possible ?",service_campus
"Comment mettre à jour mon adresse , si possible ?",procedure_administrative
"Bonsoir, est-il possible de savoir quand a lieu le prochain cours de analyse de données , pour aujourd’hui ?",emploi_du_temps
J’aimerais savoir : Où déposer mon dossier pour demander un relevé officiel ?,procedure_administrative
"J’ai perdu mes clés, où se situe le bureau des objets trouvés ?",service_campus
"J’aimerais savoir : Quels sont les prérequis pour le Master Robotique , merci d’avance ?",formation
"Le ENT ne fonctionne pas, que puis-je faire  !?",service_campus
"Pourriez-vous m’indiquer le créneau de robotique , pour aujourd’hui ?",emploi_du_temps
"Excusez-moi, quelle est la date limite pour l’inscription aux cours ?",procedure_administrative
J’aimerais savoir quand se déroule le cours de économie. — pour la semaine prochaine ?,emploi_du_temps
Où puis-je imprimer mes documents sur le campus ?,service_campus
"Pardon, quelles sont les ue obligatoires pour le licence histoire ?",formation
"Bonjour, J’aimerais savoir : Combien d’absences sont autorisées avant une sanction , pour aujourd’hui  !?",reglement
"J’aimerais savoir : Quelles sont les UE obligatoires pour le Licence Histoire , pour aujourd’hui ?",formation
"S'il vous plaît, pourriez-vous me dire : y a-t-il un règlement spécifique pour les stages … ?",reglement
"J’aimerais savoir : Comment mettre à jour mon adresse , si possible ?",procedure_administrative
"Bonjour, j’aimerais savoir : Pourriez-vous m’indiquer le créneau de algèbre avancée , c’est urgent ?",emploi_du_temps
"Excusez-moi, Comment demander un report d’admission  ??",procedure_administrative
Pourriez-vous me dire : Quels sont les prérequis pour le Master Robotique ?,formation
Y a-t-il un règlement spécifique pour les stages ?,reglement
Puis-je réserver une salle de travail ou un terrain de sport ?,service_campus
"Quels sont les horaires d’ouverture de la bureau des carrières , si possible ?",service_campus
"Où soumettre la demande de carte étudiante , c’est urgent ?",procedure_administrative
À quelle heure commencent les TD de microéconomie ?,emploi_du_temps
"Puis-je réserver une salle de travail ou un terrain de sport , pour la semaine prochaine ?",service_campus
"Bonjour, Puis-je changer de majeure ou de spécialisation en cours d’année ?",formation
Où et à quelle heure est mon cours du lundi à 16h30  !?,emploi_du_temps
Pourriez-vous m’indiquer le créneau de droit public ?,emploi_du_temps
"Excusez-moi, où puis-je imprimer mes documents sur le campus ?",service_campus
"Quelles sont les matières principales en Lettres modernes , merci d’avance ?",formation
Quand a lieu le prochain cours de programmation Python ?,emploi_du_temps
J’aimerais savoir quand se déroule le cours de biologie cellulaire. ?,emploi_du_temps
Petite question : Pourriez-vous me dire : Pourriez-vous m’indiquer le créneau de programmation Python  !?,emploi_du_temps
"Pouvez-vous me donner l’emploi du temps du semestre de automne pour biologie cellulaire , si possible ?",emploi_du_temps
Combien de crédits faut-il pour se spécialiser en Informatique ?,formation
Petite question : Pourriez-vous me dire : Où soumettre la demande de carte étudiante ?,procedure_administrative
"Excusez-moi, puis-je réserver une salle de travail ou un terrain de sport ?",service_campus
Est-il possible de savoir combien de crédits faut-il pour se spécialiser en Informatique ?,formation
Est-il possible de savoir quelles sont les règles pour le retrait d’uuun cours … ?,reglement
"Puis-je réserver une salle de travail ou un terrain de sport , merci d’avance ?",service_campus
Pourriez-vous me dire : Combien de crédits faut-il pour se spécialiser en Philosophie ?,formation
Combien d’absences sont autorisées avant une sanction ?,reglement
Pourriez-vous m’indiquer le créneau de chimie organique ?,emploi_du_temps
J’aimerais savoir : Pourriez-vous m’indiquer le créneau de littérature moderne ?,emploi_du_temps
Est-il possible de savoir quels sont les prérequis pour le Master Psychologie ?,formation
Petite question : puis-je changer de majeure ou de spécialisation en cours d’année ?,formation
"J’ai perdu mes clés, où se situe le bureau des objets trouvés , pour la semaine prochaine ?",service_campus
Comment demander un report d’admission ?,procedure_administrative
"Bonjour, est-il possible de savoir puis-je réserver une salle de travail ou un terrain de sport , pour la semaine prochaine  !?",service_campus
Pouvez-vous me donner l’emploi du temps du semestre de automne pour programmation Python ?,emploi_du_temps
Est-il possible de savoir où puis-je imprimer mes documents sur le campus ?,service_campus
"J’ai perdu mes clés, où se situe le bureau des objets trouvés ?",service_campus
Petite question : Quelles sont les règles pour le retrait d’un cours ?,reglement
Combien de crédits faut-il pour se spécialiser en Philosophie ?,formation
"J’ai perdu mes clés, où se situe le bureau des objets trouvés , pour la semaine prochaine ?",service_campus
"S'il vous plaît, quel est l’horaire du cours de analyse de données avec le professeur Leroy ?",emploi_du_temps
Quels documents sont requis pour un changement de parcours ?,procedure_administrative
"Comment obtenir une convention de stage , si possible ?",procedure_administrative
"Bonjour, est-il possible de savoir comment me connecter au Wi-Fi de l’université ?",service_campus
Que se passe-t-il en cas de triche à un examen ?,reglement
"Pourriez-vous me dire : Quelles sont les matières principales en Philosophie , pour la semaine prochaine ?",formation
"Bonjour, Quels sont les prérequis pour le Licence Histoire ?",formation
"Bonjour, J’aimerais savoir : Où et à quelle heure est mon cours du vendredi à 10h00 ?",emploi_du_temps
"Quels documents sont requis pour un changement de parcours , pour aujourd’hui ?",procedure_administrative
"S'il vous plaît, est-il possible de savoir quel est l’horaire du cours de programmation Python avec le professeur Martin ?",emploi_du_temps
Est-il possible de savoir comment me connecter au VPN de l’université ?,service_campus
"S'il vous plaît, Quelles sont les règles pour le retrait d’un cours ?",reglement
Où soumettre la demande de carte étudiante ?,procedure_administrative
Pourriez-vous me dire : Existe-t-il un minimum de credits ou de moyenne par semestre ?,reglement
J’aimerais savoir : Où consulter le code de conduite des étudiants ?,reglement
Que se passe-t-il en cas de triche à un examen ?,reglement
"Quelles sont les UE obligatoires pour le MBA Finance , merci d’avance  ??",formation
Comment demander un report d’admission ?,procedure_administrative
"J’ai perdu mes clés, où se situe le bureau des objets trouvés ?",service_campus
"Est-il possible de savoir combien d’absences sont autorisées avant une sanction , merci d’avance ?",reglement
"Le portail étudiant ne fonctionne pas, que puis-je faire ?",service_campus
Quels sont les horaires d’ouverture de la bibliothèque centrale ?,service_campus
"Le VPN ne fonctionne pas, que puis-je faire ?",service_campus
Où soumettre la demande de carte étudiante … ?,procedure_administrative
Comment demander un report d’admission ?,procedure_administrative
Quel est l’horaire du cours de statistiques appliquées avec le professeur Anderson ?! ?,emploi_du_temps
"Excusez-moi, Pourriez-vous me dire : Quelle est la politique concernant le rattrapage d’examen ?",reglement
Quelle est la date limite pour l’inscription aux cours ?,procedure_administrative
Pourriez-vous me dire : Quels sont les prérequis pour le Master Psychologie ?,formation
Quand a lieu le prochain cours de algèbre avancée ?,emploi_du_temps
Petite question : pouvez-vous me donner l’emploi du temps du semestre de automne pour algèbre avancée ?,emploi_du_temps
"Excusez-moi, quels documents sont requis pour un changement de parcours ?",procedure_administrative
"Petite question : Quelles sont les UE obligatoires pour le Licence Histoire , merci d’avance … ?",formation
"Comment me connecter au Wi-Fi de l’université , c’est urgent ?",service_campus
"Pardon, Pourriez-vous me dire : À quelle heure commencent les TD de algèbre avancée ?",emploi_du_temps
Pourriez-vous me dire : Quels sont les prérequis pour le Licence Histoire ?,formation
"S'il vous plaît, Que se passe-t-il en cas de triche à un examen ?",reglement
Où consulter le code de conduite des étudiants ?,reglement
"Bonjour, quels documents sont requis pour un changement de parcours ?",procedure_administrative
À quelle heure commencent les TD de chimie organique ?,emploi_du_temps
Petite question : combien d’absences sont autorisées avant une sanction ?,reglement
Quand a lieu le prochain cours de psychologie cognitive ?,emploi_du_temps
J’aimerais savoir quand se déroule le cours de économie. — pour la semaine prochaine ?,emploi_du_temps
"S'il vous plaît, Pourriez-vous me dire : Puis-je changer de majeure ou de spécialisation en cours d’année ?",formation
"Excusez-moi, Quels sont les prérequis pour le Parcours Data Science , meric d’avance ?",formation
"Bonjour, Puis-je réserver une salle de travail ou un terrain de sport ?",service_campus
Où consulter le code de conduite des étudiants ?,reglement
"Que se passe-t-il en cas de triche à un examen , c’est urgent ?",reglement
Pourriez-vous m’indiquer le créneau de programmation Python ?,emploi_du_temps
Quels sont les horaires d’ovuerture de la gymnase ?,service_campus
"J’aimerais savoir : Quels sont les prérequis pour le Master Robotique , pour aujourd’hui ?",formation
J’aimerais savoir : Combien de crédits faut-il pour se spécialiser en Philosophie ?,formation
"J’ai perdu mes clés, où se situe le bureau des objets trouvés ?",service_campus
"S'il vous plaît, Où soumettre la demande de carte étudiante ?",procedure_administrative
J’aimerais savoir : Quelle est la politique concernant le retards ?,reglement
Existe-t-il un minimum de crédits ou de moyenne par semestre ?,reglement
"Bonjour, J’aimerais savoir quand se déroule le cours de biologie cellulaire. ?",emploi_du_temps
"Bonsoir, à quelle heure commencent les TD de littérature moderne … ?",emploi_du_temps
"Bonjour, y a-t-il un règlement spécifique pour les stages ?",reglement
Où consulter le coed de conduite des étudiants ?,reglement
Que se passe-t-il en cas de triche à un examen ?,reglement
Pourriez-vous me dire : Puis-je changer de majeure ou de spécialisation en cours d’année ?,formation
"Bonsoir, j’aimerais savoir : Puis-je réserver une salle de travail ou un terrain de sport , pour la semaine prochaine ?",service_campus
Pourriez-vous me dire : Ou consulter le code de conduite des etudiants ?,reglement
"J’aimerais savoir : J’ai perdu mes clés, où se situe le bureau des objets trouvés ?",service_campus
Comment mettre à jour mon adresse ?,procedure_administrative
Quand a lieu le prochain cours de chimie organique ?,emploi_du_temps
Comment renouveler ma carte ééétudiante ?,procedure_administrative
Quels documents sont requis pour un changement de parcours ?,procedure_administrative
Est-il possible de savoir quels sont les prérequis pour le Master Robotique ?,formation
"Pourriez-vous me dire : Comment demander un report d’admission , si possible ?",procedure_administrative
"Bonjour, Est-il possible de savoir quand a lieu le prochain cours de microéconomie , merci d’avance ?",emploi_du_temps
"Le ENT ne fonctionne pas, que puis-je faire ?",service_campus
Quels documents sont requis pour un changement de parcours ?,procedure_administrative
"J’aimerais savoir : Où se trouve la bibliothèque centrale , pour la semaine prochaine ?",service_campus
Quelle est la ate limite pour la demande d’aide financière ?,procedure_administrative
Combien de crédits faut-il pour se spécialiser en Lettres modernes ?,formation
Est-il possible de savoir quelles sont les UE obligatoires pour le Parcours Data Science ?,formation
Où puis-je imprimer mes documents sur le campus ?,service_campus
"Quels sont les horaires d’ouverture de la gymnase , pour la semaine prochaine ?",service_campus
Combien d’absences sont autorisées avant une sanction ?,reglement
"S'il vous plaît, est-il possible de savoir où puis-je imprimer mes documents sur le campus ?",service_campus
Quelle est la date limite pour la demande d’aide financière ?,procedure_administrative
Où consulter le code de conduite des étudiants ?,reglement
Existe-t-il un minimum de crédits ou de moyenne par semestre ?,reglement
Combien de crédits faut-il pour se spécialiser en Psychologie ?,formation
"Bonjour, j’aimerais savoir : Pourriez-vous m’indiquer le créneau de chimie organique ?",emploi_du_temps
"Le ENT ne fonctionne pas, que puis-je faire ?",service_campus
"Comment demander un relevé officiel , c’est urgent ?",procedure_administrative
"S'il vous plaît, Quels sont les prérequis pour le Master Robotique ?",formation
Quelles sont les matières principales en Philosophie ?,formation
"S'il vous plaît, J’aimerais savoir : Quels sont les horaires d’ouverture de la maison des étudiants ?",service_campus
"J’aimerais savoir : Quelles sont les matières principales en Psychologie , merci d’avance ?",formation
J’aimerais savoir : Combien d’absences sont autorisées avant une sanction ?,reglement
Où consulter le code de conduite des étudiants ?,reglement
"J’ai perdu mes clés, où se situe le bureau des objets trouvés ?",service_campus
J’aimerais savoir quand se déroule le cours de microéconomie. — c’est urgent ?,emploi_du_temps
Y a-t-il un règlement spécifique pour les stages ?,reglement
"Pardon, que se passe-t-il en cas de triche à un examen ?",reglement
Petite question : où puis-je imprimer mes documents sur le campus ?,service_campus
Quelles sont les UE obligatoires pour le Licence Histoire ?,formation
Est-il possible de savoir quelles sont les UE obligatoires pour le Parcours Data Science ?,formation
Est-il possible de savoir quels sont les prérequis pour le Licence Histoire ?,formation
"J’aimerais savoir : Le VPN ne fonctionne pas, que puis-je faire ?",service_campus
"Bonjour, Pourriez-vous me dire : Comment mettre a jour mon adresse ?",procedure_administrative
"S'il vous plaît, quel est l’horaire du cours de économie avec le professeur Anderson ?",emploi_du_temps
"Que se passe-t-il en cas de triche à un examen , si possible ?",reglement
"Bonsoir, puis-je changer de majeure ou de spécialisation en cours d’année ?",formation
Est-il possible de savoir quels sont les prérequis pour le MBA Finance ?,formation
Où consulter le code de conduite des étudiants ?,reglement
"Excusez-moi, Est-il possible de savoir où consulter le code de conduite des étudiants ?",reglement
Quels sont les prérequis pour le Parcours Data Science ?,formation
Quelles sont les matières principales en Lettres modernes ?,formation
"Comben de crédits faut-il pour se spécialiser en Informatique , pour la semaine prochaine ?",formation
"Pourriez-vous me dire : où et à quelle heure est mon cours du vendredi à 10h00 , pour la semaine prochaine ?",emploi_du_temps
Où se trouve la gymnase ?,service_campus
À quelle heure commencent les TD de microéconomie ?,emploi_du_temps
"S'il vous plaît, puis-je réserver une salle de travail ou un terrain de sport , c’est urgent ?",service_campus
À quelle heure commencent les TD de économie ?,emploi_du_temps
Queeels sont les horaires d’ouverture de la bureau des carrières ?,service_campus
Pourriez-vous me dire : Où déposer mon dossier pour candidater pour la remise de diplôme ?,procedure_administrative
Est-il possible de savoir quels documents sont requis pour un changement de parcours ?,procedure_administrative
"Pardon, où et à quelle heure est mon cours du jeudi à 16h30 ?",emploi_du_temps
"Excusez-moi, Quels sont les horaires d’ouverture de la bibliothèque centrale ?",service_campus
"Quelle est la politique concernant le plagiat , pour aujourd’hui ?",reglement
Pouvez-vous me donner l’emploi du temps du semestre de automne pour robotique ?,emploi_du_temps
Y a-t-il un règlement spécifique pour les stages ?,reglement
"S'il vous plaît, Quelles sont les règles pour le retrait d’un cours ?",reglement
Quelles sont les règles pour le retrait d’un cours ?,reglement
Quels sont les prérequis pour le Licence Histoire ?,formation
"Bonsoir, j’aimerais savoir : Combien de crédits faut-il pour se spécialiser en Biologie ?",formation
Petite question : Est-il possible de savoir pourriez-vous m’indiquer le créneau de droit public ?,emploi_du_temps
Puis-je changer de majeure ou de spécialisation en cours d’année ?,formation
"Quels sont les horaires d’ouverture de la bureau des carrières , merci d’avance ?",service_campus
Est-il possible de savoir quelles sont les règles pour le retrait d’un cours ?,reglement
Combien de crédits faut-il pour se spécialiser en Philosophie ?,formation
Où puis-je imprimer mes documents sur le campus  ??,service_campus
"Bonjour, Quelle est la date limite pour l’abandon d’une UE ?",procedure_administrative
Combien d’absences sont autorisées avant une sanction ?,reglement
Où se trouve la centre de santé ?,service_campus
"Bonjour, pourriez-vous me dire : quels sont les prérequis pour le mba finance ?",formation
"Y a-t-il un règlement spécifique pour les stages , si possible ?",reglement
Quelles sont les matières principales en Informatique … ?,formation
Pourriez-vous me dire : Combien de crédits faut-il pour se spécialiser en Biologie ?,formation
Existe-t-il un minimum de crédits ou de moyenne par semestre ?,reglement
J’aimerais savoir : Comment me connecter au Wi-Fi de l’université  !?,service_campus
Pourriez-vous m’indiquer le créneau de microéconomie ?,emploi_du_temps
"Pourriez-vous me dire : Que se passe-t-il en cas de triche à un examen , merci d’avance ?",reglement
"Pardon, est-il possible de savoir quels documents sont requis pour un changement de parcours ?",procedure_administrative
"Bonjour, Pourriez-vous me dire : Où puis-je imprimer mes documents sur le campus ?",service_campus
Est-il possible de savoir quel est l’horaire du cours de programmation Python avec le professeur Moreau ?,emploi_du_temps
"J’aimerais savoir : Le ENT ne fonctionne pas, que puis-je faire , pour aujourd’hui ?! ?",service_campus
J’aimerais savoir : Quels sont les prérequis pour le Master Psychologie … ?,formation
Est-il possible de savoir y a-t-il un règlement spécifique pour les stages ?,reglement
"Bonjour, Pourriez-vous m’indiquer le créneau de microéconomie ?",emploi_du_temps
"Excusez-moi, Comment demander un relevé officiel ?",procedure_administrative
Pourriez-vous me dire : J’aimerais savoir quand se déroule le cours de économie ?,emploi_du_temps
Pourriez-vous me dire : Quelles sont les règles pooour le retrait d’un cours … ?,reglement
J’aimerais savoir : Puis-je changer de majeure ou de spécialisation en cours d’année ?,formation
"J’aimerais savoir : J’ai perdu mes clés, où se situe le bureau des objets trouvés ?",service_campus
Quelles sont les règles pour le retrait d’un cours  !?,reglement
"Puis-je réserver une salle de travail ou un terrain de sport , si possible ?",service_campus
Combien de crédits faut-il pour se spécialiser en Informatique ?,formation
Quels sont les horaires d’ouverture de la gymnase ?,service_campus
"Quel est l’horaire du cours de économie avec le professeur Leroy , si possible ?",emploi_du_temps
Où consulter le code de conduite des étudiants ?,reglement
Pourriez-vous me dire : Où et à quelle heure est mon cours du jeudi à 14h00 ?,emploi_du_temps
"S'il vous plaît, comment réussir le prochain module de statistiques ?",formation
Pouvez-vous me donner l’emploi du temps du semestre de été pour microéconomie ?,emploi_du_temps
Quels sont les prérequis pour le Master Robotique ?,formation
"Où et à quelle heure est mon cours du jeudi à 10h00 , pour aujourd’hui ?",emploi_du_temps
Pouvez-vous me donner l’emploi du temps du semestre de automne pour biologie cellulaire ?,emploi_du_temps
Quand a lieu le prochain cours de économie ?,emploi_du_temps
"Bonjour, Où consulter le code de conduite des étudiants ?",reglement
Où et à quelle heure est mon cours du lundi à 14h00 ?,emploi_du_temps
Est-il possible de savoir pourriez-vous m’indiquer le créneau de chimie organique ?,emploi_du_temps
"Pourriez-vous me dire : J’ai perdu mes clés, où se situe le bureau des objets trouvés , merci d’avance ?",service_campus
"J’ai perdu mes clés, où se situe le bureau des objet trouvés ?",service_campus
Quelle est la politique concernant le plagiat  !?,reglement
"S'il vous plaît, où déposer mon dossier pour mettre à jour mon adresse ?",procedure_administrative
Quelles sont les règles pour le retrait d’un cours ?,reglement
J’aimerais savoir quand se déroule le cours de biologie cellulaire. ?,emploi_du_temps
J’aimerais savoir : Combien d’absences sont autorisées avant une sanction ?,reglement
Est-il possible de savoir quels sont les prérequis pour le Master Psychologie ?,formation
Existe-t-il un minimum de crédits ou de moyenne par semestre ?,reglement
Est-il possible de savoir où puisj-e imprimer mes documents sur le campus ?,service_campus
"Bonsoir, Quelles sont les règles pour le retrait d’un cours ?",reglement
Comment demander un report d’admission ?,procedure_administrative
"Pardon, J’ai perdu mes clés, où se situe le bureau des objets trouvés ?",service_campus
Est-il possible de savoir existe-t-il un minimum de crédits ou de moyenne par semestre ?,reglement
Quel est l’horaire du cours de analyse de données avec le professeur leroy ?,emploi_du_temps
Quelles sont les matières principales en Lettres modernes  !?,formation
Y a-t-il un règlement spécifique pour les stages ?,reglement
Où puis-je imprimer mes documents sur le campus ?,service_campus
Où soumettre la demande de carte étudiante ?,procedure_administrative
"Le portail étudiant ne fonctionne pas, que puis-je faire ?",service_campus
Que se passe-t-il en cas de triche à un examen ?,reglement
Quelles sont les règles pour le retrait d’un cours ?,reglement
Quelles sont les règles pour le retrait d’un cours ?,reglement
Quels sont les prérequis pour le Licence Histoire ?,formation
"Est-il possible de savoir pouvez-vous me donner l’emploi du temps du semestre de été pour analyse de données , si possible ?",emploi_du_temps
"Pardon, est-il possible de savoir quelles sont les règles pour le retrait d’un cours ?",reglement
"S'il vous plaît, pourriez-vous me dire : Quels sont les horaires d’ouverture de la bibliothèque centrale ?",service_campus
"Excusez-moi, combien d’absences sont autorisées avant une sanction ?",reglement
Quelle est la politique concernant le plagiat ?,reglement
"Bonsoir, pourriez-vous me dire : Où déposer mon dossier pour payer mes frais de scolarité , c’est urgent ?! ?",procedure_administrative
"Le VPN ne fonctionne pas, que puis-je faire ?",service_campus
Comment me connecter au Wi-Fi de l’université ?,service_campus
Pourriez-vous me dire : À quelle heure commencent les TD de droit public ?,emploi_du_temps
Quelles sont les règles pour le retrait d’un cours ?,reglement
J’aimerais savoir : Pouvez-vous me donner l’emploi du temps du semestre de printemps pour analyse de données ?,emploi_du_temps
Quelles sont les matières principales en Biologie ?,formation
"Pourriez-vous m’indiquer le créneau de droit public , c’est urgent ?",emploi_du_temps
Pourriez-vous me dire : À quelleee heure commencent les TD de microéconomie ?,emploi_du_temps
Puis-je réserver une salle de travail ou un terrain de sport ?,service_campus
Que se passe-t-il en cas de triche à un examen ?,reglement
"Bonsoir, Quel est l’horaire du cours de programmation Python avec le professeur Bennani ?! ?",emploi_du_temps
"Le Wi-Fi ne fonctionne pas, que puis-je faire ?",service_campus
"Est-il possible de savoir quelle est la politique concernant le plagiat , merci d’avance ?! ?",reglement
"Le portail étudiant ne fonctionne pas, que puis-je faire ?",service_campus
Où consulter le code de conduite des étudiants ?,reglement
Où soumettre la demande de carte étudiante ?,procedure_administrative
Quelles sont les règles pour le retrait d’un cours ?,reglement
Est-il possible de savoir comment demander un report d’admission ?,procedure_administrative
"Pardon, est-il possible de savoir où se trouve la gymnase ?",service_campus
Où soumettre la demande de carte étudiante ?,procedure_administrative
Quelles sont les UE obligatoires pour le Master Robotique ?,formation
Où se trouve la bibliothèque centrale ?,service_campus
Où se trouve la bureau des carrières ?,service_campus
Est-il possible de savoir j’aimerais savoir quand se déroule le cours de microéconomie ?,emploi_du_temps
Pourriez-vous me dire : Combien de crédits faut-il pour se spécialiser en Biologie ?,formation
"Bonsoir, j’aimerais savoir : puis-je réserver une salle de travail ou un terrain de sport ?",service_campus
Est-il possible de savoir pouvez-vous me donner l’emploi du temps du semestre de été pour robotique ?! ?,emploi_du_temps
Que se passe-t-il en cas de triche à un examen ?,reglement
Comment obtenir une convention de stage ?,procedure_administrative
Quelle est la date limite pour l’abandon d’une UE ?,procedure_administrative
"Bonsoir, Quelles sont les matières principales en Psychologie … ?",formation
"Bonsoir, comment me connecter au ENT de l’université ?",service_campus
"Bonsoir, Quel est l’horaire du cours de psychologie cognitive avec le professeur Martin , pour la semaine prochaine ?",emploi_du_temps
Puis-je réserver une salle de travail ou un terrain de sport ?,service_campus
"Pardon, pourriez-vous me dire : quelle est la date limite pour l’abandon d’une ue , c’est urgent ?",procedure_administrative
Quelles sont les règles pour le retrait d’un cours ?,reglement
Quelles sont les matières principales en Biologie ?,formation
"Pouvez-vous me donner l’emploi du temps du semestre de printemps pour psychologie cognitive , c’est urgent ?",emploi_du_temps
Quels documents sont requis pour un changement de parcours ?,procedure_administrative
Existe-t-il un minimum de credits ou de moyenne par semestre ?,reglement
"Quelles sont les UE obligatoires pour le Master Psychologie , c’est urgent ?",formation
Pourriez-vous m’indiquer le créneau de statistiques appliquées ?,emploi_du_temps
Est-il possible de savoir quand a lieu le prochain cours de économie ?,emploi_du_temps
"Bonsoir, Pourriez-vous me dire : Y a-t-il un règlement spécifique pour les stages ?",reglement
Existe-t-il un minimum de crédits ou de moyenne par semestre ?,reglement
Quelles sont les matières principales en Informatique ?,formation
Comment réussir le prochain module de statistiques ?,formation
"Bonjour, Pourriez-vous me dire : Où se trouve la gymnase ?",service_campus
Existe-t-il un minimum de crédits ou de moyenne par semestre ?,reglement
Petite question : Comment demander un report d’admission ?,procedure_administrative
"Comment me connecter au portail étudiant de l’université , merci d’avance ?! ?",service_campus
J’aimerais savoir : Que se passe-t-il en cas de triche à un examen  !?,reglement
Comment réussir le prochain module de statistiques ?,formation
Où déposer mon dossier pour candidater pour la remise de diplôme ?,procedure_administrative
Pourriez-vous me dire : Pouvez-vous me donner l’emploi du temps du semestre de automne pour analyse de données ?,emploi_du_temps
Pourriez-vous me dire : Quelle est la politique concernant le probation académique ?,reglement
"S'il vous plaît, quelles sont les règles pour le retrait d’un cours  !?",reglement
Est-il possible de savoir j’aimerais savoir quand se déroule le cours de littérature moderne  ??,emploi_du_temps
Quand a lieu le prochain cours de algebre avancee ?,emploi_du_temps
"Quelles sont les UE obligatoires pour le Master Robotique , pour la semaine prochaine ?",formation
J’aimerais savoir : Où se trouve la maison des étudiants ?,service_campus
J’aimerais savoir : Comment renouveler ma carte étudiante ?,procedure_administrative
"Quand a lieu le prochain cours de robotique , merci d’avance ?",emploi_du_temps
"Bonjour, Où soumettre la demande de carte étudiante , pour aujourd’hui ?",procedure_administrative
"Bonsoir, J’ai perdu mes clés, où se situe le bureau des objets trouvés ?",service_campus
J’aimerais savoir : Quelles sont les règles pour le retrait d’un cours ?,reglement
Combien d’absences sont autorisées avant une sanction ?,reglement
"Où puis-je imprimer mes documents sur le campus , pour aujourd’hui ?",service_campus
Où se trouve la bibliothèque centrale ?,service_campus
J’aimerais savoir : Où consulter le code de conduite des étudiants ?,reglement
Quels documents sont requis pour un changement de parcours ?,procedure_administrative
Où soumettre la demande de carte étudiante ?,procedure_administrative
Y a-t-il un règlement spécifique pour les stages ?,reglement
Où puis-je imprimer mes documents sur le campus ?,service_campus
"Comment réussir le prochain module de statistiques , pour aujourd’hui ?",formation
Comment demander un report d’admission ?,procedure_administrative
Où soumettre laaa demande de carte étudiante ?,procedure_administrative
Comment demander un report d’admission ?,procedure_administrative
"Bonsoir, quels documents sont requis pour un changement de parcours ?",procedure_administrative
Quelles sont les UE obligatoires pour le Licence Histoire ?,formation
Y a-t-il unr èglement spécifique pour les stages ?,reglement
"S'il vous plaît, Puis-je réserver une salle de travail ou un terrain de sport ?",service_campus
Est-il possible de savoir pouvez-vous me donner l’emploi du temps du semestre de automne pour droit public ?,emploi_du_temps
"Bonsoir, où soumettre la demande de carte étudiante … ?",procedure_administrative
"Pardon, comment me connecter au ENT de l’université ?",service_campus
Où déposer mon dossier pour mettre à jour mon adresse ?,procedure_administrative
"Bonjour, pouvez-vous me donner l’emploi du temps du semestre de été pour psychologie cognitive ?",emploi_du_temps
Puis-je réserver une salle de travail ou un terrain de sport ?,service_campus
Quels sont les horaires d’ouverture de la bureau des carrières ?,service_campus
Comment réussir le prochain module de statistiques ?,formation
Où se trouve la service logement ?,service_campus
Est-il possible de savoir quand a lieu le prochain cours de littérature moderne ?,emploi_du_temps
Où se trouve la gymnase ?,service_campus
J’aimerais savoir quand se déroule le cours de droit public. ?,emploi_du_temps
"Excusez-moi, que se passe-t-il en cas de triche à un examen , pour la semaine prochaine ?",reglement
"Pourriez-vous me dire : Quel est l’horaire du cours de statistiques appliquées avec le professeur Dupont , pour aujourd’hui ?! ?",emploi_du_temps
J’aimerais savoir : Quels sont les horaires d’ouverture de la bibliothèque centrale ?,service_campus
"Que se passe-t-il en cas de triche à un examen , si possible ?",reglement
Pouvez-vous me donner l’emploi du temps du semestre de été pour microéconomie ?,emploi_du_temps
Comment réussir le prochain module de statistiques ?,formation
Pourriez-vous me dire : Quelle est la politique concernant le retards ?,reglement
Pourriez-vous me dire : Puis-je changer de majeure ou de spécialisation en cours d’année ?,formation
Quels documents sont requis pour un changement de parcours  ??,procedure_administrative
"Bonsoir, est-il possible de savoir quelle est la date limite pour l’inscription aux cours , pour la semaine prochaine  !?",procedure_administrative
Quelles sont les UE obligatoires pour le Master Robotique ?,formation
"Pardon, Comment réussir le prochain module de statistiques  !?",formation
J’aimerais savoir : À quelle heure commencent les TD de droit public ?,emploi_du_temps
J’aimerais savoir : Puis-je changer de majeure ou de spécialisation en cours d’année ?,formation
J’aimerais savoir : Quelle est la politique concernant le probation académique ?,reglement
Où consulter le code de conduite des étudiants ?,reglement
Pourriez-vous me dire : Quel est l’horaire du cours de algèbre avancée avec le professeur Bennani ?,emploi_du_temps
J’aimerais savoir quand se déroule le cours de microéconomie. ?,emploi_du_temps
"Petite question : quelle est la politique concernant le rattrapage d’examen , c’est urgent ?",reglement
Y a-t-il un règlement spécifique pour les stages ?,reglement
"Est-il possible de savoir existe-t-il un minimum de crédits ou de moyenne par semestre , pour la semaine prochaine ?",reglement
Comment me connecter au VPN de l’université ?,service_campus
"Excusez-moi, comment réussir le prochain module de statistiques ?",formation
"Bonjour, Est-il possible de savoir quelles sont les matières principales en Philosophie ?",formation
Quel est l’horaire du cours de droit public avec le professeur Nguyen ?,emploi_du_temps
"Où déposer mon dossier pour payer mes frais de scolarité , pour la semaine prochaine ?",procedure_administrative
"S'il vous plaît, Comment réussir le prochain module de statistiques ?",formation
Où se trouve la centre de santé ?,service_campus
Petite question : Combien de crédits faut-il pour se spécialiser en Lettres modernes ?,formation
"Quelles sont les UE obligatoires pour le Parcours Data Science , si possible ?",formation
Quels documents sont requis pour un changement de parcours ?,procedure_administrative
Combien de crédits faut-il pour se spécialiser en Philosophie ?,formation
J’aimerais savoir : Où se trouve la centre de santé ?,service_campus
Est-il possible de savoir comment demander un report d’admission ?,procedure_administrative
Que se passe-t-il en cas de triche à un examen ?,reglement
Comment candidater pour la remise de diplme ?,procedure_administrative
Quelle est la date limite pour la demande d’aide financière ?,procedure_administrative
J’aimerais savoir quand se déroule le cours de statistiques appliquées. ?,emploi_du_temps
Où se trouve la gymnase ?,service_campus
"Bonjour, pourriez-vous me dire : Où soumettre la demande de carte étudiante ?",procedure_administrative
"Petite question : Où consulter le code de conduite des étudiants , pour aujourd’hui ?",reglement
Que se passe-t-il en cas de triche à un examen ?,reglement
Quelles sont les matières principales en Psychologie ?,formation
Quelle est la politique concernant le rattrapage d’examen ?,reglement
Quelles sont les UE obligatoires pour le MBA Finance ?,formation
"J’aimerais savoir : Quels documents sont requis pour un changement de parcours , merci d’avance ?",procedure_administrative
J’aimerais savoir quand se déroule le cours de littérature moderne. — pour la semaine prochaine ?,emploi_du_temps
"Bonjour, puis-je changer de majeure ou de spécialisation en cours d’année ?",formation
Pourriez-vous me dire : Où consulter le code de conduite des étudiants ?,reglement
Pourriez-vous me dire : Puis-je changer de majeure ou de spécialisation en cours d’année ?,formation
J’aimerais savoir quand se déroule le cours de droit public. ?,emploi_du_temps
J’aimerais savoir : Où se trouve la service logement ?,service_campus
"Le portail étudiant ne fonctionne pas, que puis-je faire ?",service_campus
"J’ai perdu mes clés, où se situe le bureau des objets trouvés , si possible ?",service_campus
"Pouvez-vous me donner l’emploi du temps du semestre de printemps pour psychologie cognitive , pour la semaine prochaine ?",emploi_du_temps
"Est-il possible de savoir quelles sont les règles pour le retrait d’un cours , c’est urgent ?",reglement
"Excusez-moi, Puis-je changer de majeure ou de spécialisation en cours d’année ?! ?",formation
"Le Wi-Fi ne fonctionne pas, que puis-je faire ?",service_campus
"Bonsoir, pourriez-vous me dire : que se passe-t-il en cas de triche à un examen ?",reglement
"Pourriez-vous me dire : À quelle heure commencent les TD de microéconomie , si possible ?",emploi_du_temps
"Pourriez-vous m’indiquer le créneau de statistiques appliquées , merci d’avance ?",emploi_du_temps
À quelle heure commencent les TD de droit public ?,emploi_du_temps
"J’aimerais savoir : Le portail étudiant ne fonctionne pas, que puis-je faire , c’est urgent ?",service_campus
"S'il vous plaît, pourriez-vous me dire : quels sont les horaires d’ouverture de la service logement ?",service_campus
Est-il possssible de savoir où puis-je imprimer mes documents sur le campus ?,service_campus
Est-il possible de savoir quels sont les prérequis pour le Parcours Data Science ?,formation
"J’aimerais savoir : Quelle est la politique concernant le absence aux cours , merci d’avance ?",reglement
Pourriez-vous me dire : Quelle est la politique concernant le retards ?,reglement
"J’aimerais savoir : Quels sont les prérequis pour le Licecne Histoire , merci d’avance ?",formation
Pourriez-vous me dire : J’aimerais savoir quand se déroule le cours de programmation Python ?,emploi_du_temps
"S'il vous plaît, Où puis-jeee imprimer mes documents sur le campus ?",service_campus
Existe-t-il un minimum de crédits ou de moyenne par semestre ?,reglement
"J’aimerais savoir : Quels sont les prérequis pour le Licence Histoire , si possible ?",formation
Quelles sont les UE obligatoires pour le Licence Histoire ?,formation
Y a-t-il un règlement spécifique pour les stages ?,reglement
"S'il vous plaît, combien d’absences sont autorisées avant une sanction , pour aujourd’hui ?",reglement
Comment me connecter au Wi-Fi de l’université ?,service_campus
Quelles sont les règles pour le retrait d’un cours ?,reglement
Où se trouve la centre de santé ?,service_campus
"Bonsoir, combien de crédits faut-il pour se spécialiser en Lettres modernes ?",formation
Pourriez-vous me dire : Combien d’absences sont autorisées avant une sanction ?,reglement
Où soumettre la demande de carte étudiante ?,procedure_administrative
"Comment demander un report d’admission , pour aujourd’hui ?",procedure_administrative
J’aimerais savoir : Où déposer mon dossier pour demander un relevé officiel  !?,procedure_administrative
"À quelle heure commencent les TD de psychologie cognitive , pour aujourd’hui ?",emploi_du_temps
Quelles sont les matières principales en Psychologie ?,formation
"Excusez-moi, Ou soumettre la demande de carte etudiante , pour la semaine prochaine ?",procedure_administrative
"J’aimerais savoir : Quand a lieu le prochain cours de biologie cellulaire , pour aujourd’hui ?",emploi_du_temps
"S'il vous plaît, Quels sont les prérequis pour le Master Robotique ?",formation
"Quel est l’horaire du cours de programmation Python avec le professeur Martin , c’est urgent ?! ?",emploi_du_temps
Pourriez-vous me dire : Quels documents sont requis pour un changement de parcours ?,procedure_administrative
Comment mettre à jour mon adresse ?,procedure_administrative
"J’aimerais savoir : Où soumettre la demande de carte étudiante , c’est urgent ?",procedure_administrative
"J’aimerais savoir : Quel est l’horaire du cours de analyse de données avec le professeur Dupont , pour la semaine prochaine ?",emploi_du_temps
"Combien de crédits faut-il pour se spécialiser en Philosophie , merci d’avance ?",formation
Est-il possible de savoir y a-t-il un règlement spécifique pour les stages ?! ?,reglement
"Excusez-moi, j’aimerais savoir : Quelles sont les règles pour le retrait d’un cours ?",reglement
J’aimerais savoir : Quels sont les prérequis pour le Licence Histoire ?,formation
Que se passe-t-il en cas de triche à un examen ?,reglement
Petite question : où puis-je imprimer mes documents sur le campus ?! ?,service_campus
J’aimerais savoir : Quelle est la politique concernant le plagiat ?,reglement
"Est-il possible de savoir j’aimerais savoir quand se déroule le cours de biologie cellulaire , merci d’avance ?",emploi_du_temps
Où déposer mon dossier pour obtenir une convention de stage ?,procedure_administrative
Quelles sont les matières principales en biologie ?,formation
Est-il possible de savoir quels sont les horaires d’ouverture de la bibliothèque centrale ?,service_campus
Pourriez-vous me dire : Comment renouveler ma carte étudiante ?,procedure_administrative
Pourriez-vous me dire : Où consulter le code de conduite des étudiants ?,reglement
Puis-je changer de majeure ou de spécialisation en cours d’année ?,formation
Est-il possible de savoir combien d’absences sont autorisées avant une sanction ?,reglement
"Pourriez-vous m’indiquer le créneau de microéconomie , si possible  ??",emploi_du_temps
Quelles sont les règles pour le retrait d’un cours ?,reglement
Petite question : Quel est l’horaire du cours de chimie organique avec le professeur Moreau ?,emploi_du_temps
Quels sont les prérequis pour le Parcours Data Science ?,formation
Comment me connecter au portail étudiant de l’université ?,service_campus
J’aimerais savoir : Comment réussir le prochain module de statistiques ?,formation
À quelle heure commencent les TD de littérature moderne ?,emploi_du_temps
Quelles sont les UE obligatoires pour le Master Robotique ?,formation
À quelle heure commencent les TD de programmation Python ?,emploi_du_temps
Pourriez-vous m’indiquer le créneau de algèbre avancée ?,emploi_du_temps
Quelle est la politique concernant le absence aux cours ?,reglement
J’aimerais savoir : Y a-t-il un règlement spécifique pour les stages ?,reglement
Est-il possible de savoir quelles sont les UE obligatoires pour le Master Robotique ?,formation
Pourriez-vous me dire : Pouvez-vous me donner l’emploi du temps du semestre de automne pour statistiques appliquées ?,emploi_du_temps
Pourriez-vous me dire : Puis-je changer de majeure ou de spécialisation en cours d’année ?,formation
Puis-je réserver une salle de travail ou un terrain de sport ?,service_campus
"Bonsoir, Comment demander un relevé officiel ?",procedure_administrative
Quels documents sont requis pour un changement de parcours ?,procedure_administrative
Quels documents sont requis pour un changement de parcours ?,procedure_administrative
Quelles sont les règles pour le retrait d’un cours ?,reglement
"Combien d’absences sont autorisées avant une sanction , si possible ?",reglement
À quelle heure commencent les TD de biologie cellulaire ?,emploi_du_temps
"S'il vous plaît, Pourriez-vous me dire : Comment réussir le prochain module de statistiques , si possible ?",formation
"Où déposer mon dossier pour candidater pour la remise de diplôme , merci d’avance ?",procedure_administrative
J’aimerais savoir : Quelles sont les UE obligatoires pour le Licence Histoire ?,formation
Est-il possible de savoir pouvez-vous me donner l’emploi du temps du semestre de été pour programmation Python ?,emploi_du_temps
"Excusez-moi, Pourriez-vous m’indiquer le créneau de biologie cellulaire ?",emploi_du_temps
"Est-il possible de savoir où consulter le code de conduite des étudiants , pour la semaine prochaine ?",reglement
Quel est l’horaire du cours de algèbre avancée avec le professeur Anderson ?,emploi_du_temps
"Où se trouve la service logement , pour la semaine prochaine ?",service_campus
Quelles sont les UE obligatoires pour le MBA Finance ?,formation
"Que se passe-t-il en cas de triche à un examen , si possible ?",reglement
"S'il vous plaît, est-il possible de savoir où déposer mon dossier pour candidater pour la remise de diplôme , pour aujourd’hui ?",procedure_administrative
"Est-il possible de savoir à quelle heure commencent les TD de économie , si possible ?",emploi_du_temps
"Pardon, Pourriez-vous m’indiquer le créneau de microéconomie ?",emploi_du_temps
Quand a lieu le prochain cours de programmation Python … ?,emploi_du_temps
Où et à quelle heure est mon cours du jeudi à 10h00 ?,emploi_du_temps
"Excusez-moi, où consulter le code de conduite des étudiants ?",reglement
Comment réussir le prochain module de statistiques ?,formation
Où consulter le code de conduite des étudiants ?,reglement
Pouvez-vous me donner l’emploi du temps du semestre de printemps pour chimie organique ?,emploi_du_temps
J’aimerais savoir : Comment me connecter au portail étudiant de l’université ?,service_campus
Où soumettre la demande de carte étudiante ?,procedure_administrative
"Petite question : pourriez-vous me dire : Pouvez-vous me donner l’emploi du temps du semestre de automne pour statistiques appliquées , pour la semaine prochaine ?",emploi_du_temps
Quelle est la date limite pour l’inscription aux cours ?,procedure_administrative
"Pourriez-vous me dire : Existe-t-il un minimum de crédits ou de moyenne par semestre , pour aujourd’hui ?",reglement
Pourriez-vous me dire : À quelle heure commencent les TD de économie ?,emploi_du_temps
"Bonjour, quel est l’horaire du cours de algèbre avancée avec le professeur Leroy ?",emploi_du_temps
À quelle heure commencent les td de biologie cellulaire ?,emploi_du_temps
Comment demander un report d’admission ?,procedure_administrative
Est-il possible de savoir puis-je réserver une salle de travail ou un terrain de sport ?,service_campus
Est-il possible de savoir j’aimerais savoir quand se déroule le cours de biologie cellulaire ?,emploi_du_temps
Où soumettre la demande de carte étudiante ?,procedure_administrative
"Excusez-moi, Quelles sont les règles pour le retrait d’un cours ?",reglement
Est-il possible de savoir y a-t-il un règlement spécifique pour les stages ?,reglement
Comment me connecter au Wi-Fi de l’université ?,service_campus
Pourriez-vous me dire : À quelle heure commencent les TD de biologie cellulaire ?,emploi_du_temps
Quand a lieu le prochain cours de droit public ?,emploi_du_temps
"S'il vous plaît, le Wi-Fi ne fonctionne pas, que puis-je faire ?",service_campus
J’aimerais savoir : Combien d’absences sont autorisées avant une sanction ?,reglement
"Pardon, Comment demander un report d’admisison ?",procedure_administrative
Pouvez-vous me donner l’emploi du temps du semestre de automne pour statistiques appliquées ?,emploi_du_temps
Que se passe-t-il en cas de triche à un examen ?,reglement
"Excusez-moi, puis-je reserver une salle de travail ou un terrain de sport ?",service_campus
Où se trouve la centre de santé ?,service_campus
Est-il possible de savoir quelle est la date limite pour la demande d’aide financière ?,procedure_administrative
"Comment me connecter au portail étudiant de l’université , si possible  !?",service_campus
"J’ai perdu mes clés, où se situe le bureau des objets trouvés , pour la semaine prochaine ?",service_campus
Comment demander un report d’admission ?,procedure_administrative
Où déposer mon dossier pour mettre à jour mon adresse ?! ?,procedure_administrative
Pourriez-vous me dire : Comment demander un relevé officiel ?,procedure_administrative
Pouvez-vous me donner l’emploi du temps du semestre de printemps pour économie ?,emploi_du_temps
Où déposer mon dossier pour payer mes frais de scolarité ?,procedure_administrative
Combien d’absences sont autorisées avant une sanction ?! ?,reglement
Pourriez-vous me dire : Quand a lieu le prochain cours de chimie organique ?,emploi_du_temps
Quelle est la politique concernant le rattrapage d’examen ?,reglement
"Pourriez-vous m’indiquer le créneau de analyse de données , pour la semaine prochaine ?",emploi_du_temps
"Est-il possible de savoir j’ai perdu mes clés, où se situe le bureau des objets trouvés ?",service_campus
Comment obtenir une convention de stage ?,procedure_administrative
"Est-il possible de savoir quelle est la politique concernant le plagiat , pour aujourd’hui ?",reglement
Quand a lieu le prochain cours de droit public ?! ?,emploi_du_temps
"Le VPN ne fonctionne pas, que puis-je faire … ?",service_campus
"Excusez-moi, Comment demander un report d’admission ?",procedure_administrative
J’aimerais savoir : Où puis-je imprimer mes documents sur le campus ?,service_campus
J’aimerais savoir : Pourriez-vous m’indiquer le créneau de statistiques appliquées ?,emploi_du_temps
J’aimerais savoir : Où puis-je impimer mes documents sur le campus ?,service_campus
J’aimerais savoir : Quelles sont les matières principales en Psychologie ?,formation
Pourriez-vous me dire : où déposer mon dossier pour renouveler ma carte étudiante ?,procedure_administrative
Est-il possible de savoir quelles sont les règles pour le retrait d’un cours ?,reglement
Quel est l’horaire du cours de psychologie cognitive aveeec le professeur Nguyen ?,emploi_du_temps
"Le Wi-Fi ne fonctionne pas, que puis-je faire ?",service_campus
Quelles sont les matières principales en Philosophie ?,formation
Petite question : Où soumettre la demande de carte étudiante ?,procedure_administrative
"J’ai perdu mes clés, où se situe le bureau des objets trouvés ?",service_campus
Quelles sont les UE obligatoires pour le Master Psychologie ?,formation
"Pardon, Pourriez-vous me dire : J’aimerais savoir quand se déroule le cours de analyse de données ?",emploi_du_temps
Est-il possible de saovir y a-t-il un règlement spécifique pour les stages ?,reglement
Quels documents sont requis pour un changement de parcours ?,procedure_administrative
Pourriez-vous me dire : Pourriez-vous m’indiquer le créneau de biologie cellulaire ?,emploi_du_temps
"Bonjour, comment demander un report d’admission ?",procedure_administrative
Pourriez-vous m’indiquer le créneau de algèbre avancée  !?,emploi_du_temps
Comment me connecter au Wi-Fi de l’université ?,service_campus
"Pourriez-vous me dire : Quels documents sont requis pour un changement de parcours , si possible ?",procedure_administrative
"Bonsoir, à quelle heure commencent les TD de analyse de données ?",emploi_du_temps
"S'il vous plaît, où consulter le code de conduite des étudiants ?",reglement
J’aimerais savoir : Pourriez-vous m’indiquer le créneau de programmation Python ?,emploi_du_temps
"Quels sont les prérequis pour le Parcours Data Science , si possible ?",formation
Quel est l’horaire du cours de analyse de données avec le professeur Martin ?,emploi_du_temps
"Excusez-moi, quel est l’horaire du cours de psychologie cognitive avec le professeur Nguyen ?",emploi_du_temps
Puis-je réserver une salle de travail ou un terrain de sport ?! ?,service_campus
J’aimerais savoir : Où puis-je imprimer mes documents sur le campus ?,service_campus
À quelle heure commencent les TD de programmation Python ?,emploi_du_temps
"J’ai perdu mes clés, où se situe le bureau des objets trouvés ?",service_campus
Petite question : pourriez-vous me dire : Quels sont les prérequis pour le MBA Finance ?,formation
Petite question : quel est l’horaire du cours de programmation Python avec le professeur Leroy ?,emploi_du_temps
J’aimerais savoir : Où se trouve la gymnase ?,service_campus
"Excusez-moi, Est-il possible de savoir comment demander un report d’admission ?",procedure_administrative
J’aimerais savoir : Puis-je changer de majeure ou de spécialisation en cours d’année ?,formation
Pouvez-vous me donner l’emploi du temps du semestre de été pour droit public ?,emploi_du_temps
Pourriez-vous me dire : Quels sont les horaires d’ouverture de la bibliothèque centrale ?,service_campus
Où soumettre la demande de carte étudiante ?! ?,procedure_administrative
Petite question : Où consulter le code de conduite des étudiants ?,reglement
Que se passe-t-il en cas de triche à un examen ?,reglement
Est-il possible de savoir quelles sont les UE obligatoires pour le Licence Histoire ?,formation
Pourriez-vous me dire : Comment demander un report d’admission ?,procedure_administrative
"J’aimerais savoir : Le VPN ne fonctionne pas, que puis-je faire ?",service_campus
J’aimerais savoir : Quand a lieu le prochain cours de économie ?,emploi_du_temps
Quelle est la date limite pour l’abandon d’une UE ?,procedure_administrative
Quel est l’horaire du cours de statistiques appliquées avec le professeur Dubois ?,emploi_du_temps
"Quelles sont les UE obligatoires pour le Master Psychologie , pour aujourd’hui ?",formation
"Bonsoir, est-il possible de savoir comment demander un report d’admission ?",procedure_administrative
"Quels sont les prérequis pour le Licence Histoire , pour aujourd’hui … ?",formation
"Bonjour, Pourriez-vous me dire : J’aimerais savoir quand se déroule le cours de analyse de données ?",emploi_du_temps
"Pourriez-vous me dire : Pouvez-vous me donner l’emploi du temps du semestre de automne pour robotique , merci d’avance ?",emploi_du_temps
"Excusez-moi, pouvez-vous me donner l’emploi du temps du semestre de automne pour robotique ?",emploi_du_temps
Pourriez-vous me dire : J’aimerais savoir quand se déroule le cours de statistiques appliquées ?,emploi_du_temps
Où consulter le code de conduite des étudiants ?,reglement
"J’aimerais savoir : Comment me connecter au portail étudiant de l’université , c’est urgent ?",service_campus
J’aimerais savoir : Quels documents sont requis pour un changement de parcours ?,procedure_administrative
"Quel est l’horaire du cours de droit public avec le professeur Bennani , si possible ?",emploi_du_temps
Que se passe-t-il en cas de triche à un examen ?,reglement
Combien d’absences sont autorisées avant une sanction ?,reglement
"S'il vous plaît, Pourriez-vous m’indiquer le créneau de analyse de données ?",emploi_du_temps
Pourriez-vous me dire : Où consulter le code de conduite des étudiants ?,reglement
Est-il possible de savoir quels sont les horaires d’ouverture de la service logement ?,service_campus
Quelle est la date limite pour la demande d’aide financière ?,procedure_administrative
Est-il possible de savoir combien de crédits faut-il pour se spécialiser en Psychologie ?,formation
Quelles sont les UE obligatoires pour le Parcours Data Science ?,formation
Où se trouve la gymnase ?,service_campus
"Bonjour, pourriez-vous me dire : Comment renouveler ma carte étudiante ?",procedure_administrative
"Puis-je réserver une salle de travail ou un terrain de sport , pour la semaine prochaine ?",service_campus
Où et à quelle heure est mon cours du jeudi à 8h30 ?,emploi_du_temps
"Est-il possible de savoir où puis-je imprimer mes documents sur le campus , merci d’avance ?",service_campus
Petite question : quelles sont les UE obligatoires pour le Licence Histoire ?,formation
"Pourriez-vous me dire : Quels sont les prérequis pour le Licence Histoire , pour la semaine prochaine ?",formation
Puis-je changer de majeure ou de spécialisation en cours d’année ?,formation
"Bonsoir, est-il possible de savoir où soumettre la demande de carte étudiante ?",procedure_administrative
Quelle est la politique concernant le retards  !?,reglement
Où puis-je imprimer mes documents sur le campus  !?,service_campus
"S'il vous plaît, Quel est l’horaire du cours de littérature moderne avec le professeur Anderson ?",emploi_du_temps
Quelles sont les matières principales en Lettres modernes ?,formation
Quels sont les prérequis pour le Master Robotique ?,formation
Quels sont les horaires d’ouverture de la gymnase ?,service_campus
Où soumettre la demande de carte étudiante ?,procedure_administrative
"Pourriez-vous me dire : Où soumettre la demande de carte étudiante , pour la semaine prochaine ?",procedure_administrative
J’aimerais savoir : Que se passe-t-il en cas de triche à un examen ?,reglement
"Bonsoir, Quels sont les prérequis pour le Licence Histoire ?",formation
Où puis-je imprimer mes documents sur le campus ?,service_campus
"Excusez-moi, où puis-je imprimer mes documents sur le campus ?",service_campus
"Bonsoir, quelles sont les UE obligatoires pour le MBA Finance ?",formation
"Pardon, Combien d’absences sont autorisées avant une sanction ?",reglement
"Excusez-moi, Puis-je réserver une salle de travail ou un terrain de sport ?",service_campus
"Excusezzz-moi, Quels sont les prérequis pour le Master Psychologie ?",formation
"Pardon, pourriez-vous me dire : Puis-je réserver une salle de travail ou un terrain de sport ?",service_campus
"J’aimerais savoir : Que se passe-t-il en cas de triche à un examen , pour aujourd’hui ?",reglement
Quelle est la date limite pour la demande d’aide financière ?,procedure_administrative
Quelles sont les UE obligatoires pour le Master Robotique ?,formation
Pourriez-vous me dire : Combien d’absences sont autorisées avant une sanction ?,reglement
Où et à quelle heure est mon cours du vendredi à 8h30 ?,emploi_du_temps
"Comment demander un report d’admission , merci d’avance ?",procedure_administrative
Quelle est la date limite pour l’inscription aux cours ?! ?,procedure_administrative
"J’aimerais savoir : quelles sont les ue obligatoires pour le parcours data science , c’est urgent ?",formation
Combien de crédits faut-il pour se spécialiser en Informatique ?,formation
Pourriez-vous me dire : Quelle est la date limite pour l’inscription aux cours … ?,procedure_administrative
Est-il possible de savoir pourriez-vous m’indiquer le créneau de économie ?,emploi_du_temps
Est-il possible de savoir j’aimerais savoir quand se déroule le cours de robotique ?,emploi_du_temps
Est-il possible de savoir comment réussir le prochain module de statistiques ?,formation
Où consulter le code de conduite des étudiants ?,reglement
À quelle heure commencent les TD de littérature moderne ?,emploi_du_temps
Comment candidater pour la remise de diplôme ?,procedure_administrative
"Puis-je réserver une salle de travail ou un terrain de sport , pour la semaine prochaine ?",service_campus
Comment réussir le prochain module de statistiques ?,formation
"Excusez-moi, combien d’absences sont autorisées avant une sanction ?",reglement
Est-il possible de savoir combien d’absences sont autorisées avant une sanction ?,reglement
"Bonjour, Est-il possible de savoir comment mettre à jour mon adresse ?",procedure_administrative
"Bonjour, Quelle est la date limite pour l’inscription aux cours ?",procedure_administrative
"J’aimerais savoir : Comment demander un report d’admission , si possible ?",procedure_administrative
"Bonjour, comment demander un report d’admission ?",procedure_administrative
Est-il possible de savoir où et à quelle heure est mon cours du vendredi à 14h00 ?,emploi_du_temps
Quels documents sont requis pour un changement de parcours ?,procedure_administrative
Où se trouve la service logement ?,service_campus
"Pardon, j’aimerais savoir : Pouvez-vous me donner l’emploi du temps du semestre de été pour statistiques appliquées ?",emploi_du_temps
Combien de crédits faut-il pour se spécialiser en Lettres modernes ?,formation
Quand a lieu le prochain cours de analyse de données ?,emploi_du_temps
Quels sont les horaires d’ouverture de la gymnase ?,service_campus
Quelles sont les matières principales en Philosophie ?,formation
"Quelles sont les UE obligatoires pour le MBA Finance , c’est urgent ?",formation
J’aimerais savoir : Quelles sont les UE obligatoires pour le Parcours Data Science ?,formation
"J’aimerais savoir : Y a-t-il un règlement spécifique pour les stages , pour aujourd’hui ?",reglement
Que se passe-t-il en cas de triche à un examen ?,reglement
Quelle est la politique concernant le plagiat ?,reglement
"S'il vous plaît, pouvez-vous me donner l’emploi du temps du semestre de printemps pour programmation python ?",emploi_du_temps
Où puis-je imprimer mes documents sur le campus ?,service_campus
Petite question : Existe-t-il un minimum de crédits ou de moyenne par semestre ?,reglement
J’aimerais savoir : Quels sont les prérequis pour le Parcours Data Science ?,formation
Y a-t-il un règlement spécifique pour les stages ?,reglement
Pourriez-vous me dire : Combien de crédits faut-il pour se spécialiser en Lettres modernes ?,formation
Où et à quelle heure est mon cours du jeudi à 8h30 ?,emploi_du_temps
Quel est l’horaire du cours de chimie organique avec le professeur Dubois  !?,emploi_du_temps
Petite question : quelle est la politique concernant le retards ?,reglement
"Pardon, combien de crédits faut-il pour se spécialiser en Informatique ?",formation
Combien de crédits faut-il pour se spécialiser en Informatique ?,formation
"Pardon, j’aimerais savoir : Combien de crédits faut-il pour se spécialiser en Lettres modernes ?",formation
J’aimerais savoir : Comment me connecter au ENT de l’universite ?,service_campus
Pourriez-vous me dire : Quand a lieu le prochain cours de programmation Python ?,emploi_du_temps
Existe-t-il un minimum de crédits ou de moyenne par semestre ?,reglement
"Excusez-moi, J’aimerais savoir : J’aimerais savoir quand se déroule le cours de analyse de données ?",emploi_du_temps
Puis-je changer de majeure ou de spécialisation en cours d’année ?,formation
Comment réussir le prochain module de statistiques ?,formation
"Quels documents sont requis pour un changement de parcours , c’est urgent  ??",procedure_administrative
J’aimerais savoir : Que se passe-t-il en cas de triche à un examen ?,reglement
"Excusez-moi, Quelles sont les règles pour le retrait d’un cours ?! ?",reglement
J’aimerais savoir : Que se passe-t-il en cas de triche à un examen  !?,reglement
Pourriez-vous me dire : Combien de crédits faut-il pour se spécialiser en Philosophie ?,formation
"Bonsoir, Pourriez-vous me dire : Quelle est la date limite pour l’abandon d’une UE , pour aujourd’hui ?",procedure_administrative
Où consulter le code de conduite des étudiants ?,reglement
Où et à quelle heure est mon cours du vendredi à 10h00 ?,emploi_du_temps
"Quel est l’horaire du cours de analyse de données avec le professeur Dubois , pour la semaine prochaine ?",emploi_du_temps
Quels sont les horaires d’ouverture de la gymnase ?,service_campus
Esti-l possible de savoir combien d’absences sont autorisées avant une sanction ?,reglement
J’aimerais savoir : Comment me connecter au Wi-Fi de l’université ?,service_campus
Pourriez-vous me dire : Comment demander un relevé officiel ?,procedure_administrative
Pourriez-vous me dire : Y a-t-il un règlement spécifique pour les stages ?,reglement
Petite question : Quelles sont les matières principales en Lettres modernes ?,formation
Petite question : comment demander un report d’admission ?,procedure_administrative
"Pourriez-vous me dire : Existe-t-il un minimum de crédits ou de moyenne par semestre , pour la semaine prochaine ?",reglement
"Excusez-moi, pouvez-vous me donner l’emploi du temps du semestre de été pour droit public ?",emploi_du_temps
J’aimerais savoir : Où se trouve la maison des étudiants ?,service_campus
Est-il possible de savoir quelles sont les matières principales en Informatique ?,formation
"Bonsoir, Comment demander un relevé officiel ?",procedure_administrative
"S'il vous plaît, quelle est la politique concernant le absence aux cours ?",reglement
Comment payer mes frais de scolarité ?,procedure_administrative
Pouvez-vous me donner l’emploi du temps du semestre de été pour analyse de données ?,emploi_du_temps
"Pardon, Où puis-je imprimer mes documents sur le campus , si possible ?",service_campus
"Bonsoir, Est-il possible de savoir pouvez-vous me donner l’emploi du temps du semestre de printemps pour algèbre avancée ?",emploi_du_temps
Où et à quelle heure est mon cours du jeudi à 10h00 ?,emploi_du_temps
"Pardon, Combien de crédits faut-il pour se spécialiser en Biologie  ??",formation
Quels sont les horaires d’ouverture de la maison des étudiants ?,service_campus
"S'il vous plaît, Quelle est la date limite pour l’inscription aux cours , merci d’avance … ?",procedure_administrative
"Pourriez-vous me dire : Le portail étudiant ne fonctionne pas, que puis-je faire ?",service_campus
"Existe-t-il un minimum de crédits ou de moyenne par semestre , c’est urgent  ??",reglement
J’aimerais savoir : Quelle est la date limite pour l’inscription aux cours ?,procedure_administrative
"S'il vous plaît, quelles sont les matières principales en Lettres modernes … ?",formation
"Bonsoir, J’aimerais savoir : Où se trouve la gymnase ?",service_campus
Quelles sont les matières principales en Informatique ?,formation
"Excusez-moi, J’aimerais savoir : Combien d’absences sont autorisées avant une sanction ?",reglement
Puis-je changer de majeure ou de spécialisation en cours d’année ?,formation
J’aimerais savoir quand se déroule le cours de littérature moderne. — c’est urgent ?,emploi_du_temps
Ou consulter le code de conduite des etudiants ?,reglement
"Pardon, où et à quelle heure est mon cours du jeudi à 8h30 ?",emploi_du_temps
Quelles sont les règles pour le retrait d’un cours ?,reglement
Quels sont les horaires d’ouverture de la service logement ?,service_campus
J’aimerais savoir : Où consulter le code de conduite des étudiants ?,reglement
Comment réussir le prochain module de statistiques ?,formation
Quels documents sont requis pour un changement de parcours ?,procedure_administrative
"J’aimerais savoir : J’aimerais savoir quand se déroule le cours de droit public , c’est urgent ?",emploi_du_temps
J’aimerais savoir : Quelle est la politique concernant le rattrapage d’examen ?,reglement
Comment demander un report d’admission ?,procedure_administrative
Petite question : pourriez-vous me dire : existe-t-il un minimum de crédits ou de moyenne par semestre ?,reglement
"Pardon, Où soumettre la demande de carte étudiante ?",procedure_administrative
J’aimerais savoir : Où se trouve la bureau des carrières ?,service_campus
J’aimerais savoir : Comment me connecter au Wi-Fi de l’université ?,service_campus
Quelle est la politique concernant le retards ?,reglement
"Excusez-moi, pourriez-vous me dire : Pouvez-vous me donner l’emploi du temps du semestre de automne pour algèbre avancée ?",emploi_du_temps
Puis-je réserver une salle de travail ou un terrain de sport ?,service_campus
À quelle heure commencent les TD de statistiques appliquées ?,emploi_du_temps
Quels sont les horaires d’ouverture de la gymnase ?,service_campus
"J’aimerais savoir : Quelles sont les UE obligatoires pour le Licence Histoire , merci d’avance ?",formation
Quelles sont les UE obligatoires pur le Licence Histoire ?,formation
Pourriez-vous m’indiquer le créneau de biologie cellulaire ?,emploi_du_temps
Comment réussir le prochain module de statistiques ?,formation
Combien de crédits faut-il pour se spécialiser en Informatique ?,formation
"Est-il possible de savoir le Wi-Fi ne fonctionne pas, que puis-je faire , merci d’avance ?",service_campus
Pourriez-vous me dire : Où puis-je imprimer mes documents sur le campus ?,service_campus
Comment demander un relevé officiel ?,procedure_administrative
"Combien d’absences sont autorisées avant une sanction , merci d’avance ?",reglement
Est-il possible de savoir quand a lieu le prochain cours de économie ?! ?,emploi_du_temps
Pourriez-vous me dire : Comment réussir le prochain module de statistiques ?,formation
Combien de crédits faut-il pour se spécialiser en Philosophie ?,formation
J’aimerais savoir : Où soumettre la demande de carte étudiante ?,procedure_administrative
Est-il possible de savoir pourriez-vous m’indiquer le créneau de chimie organique ?,emploi_du_temps
"Quand a lieu le prochain cours de analyse de données , si possible ?",emploi_du_temps
Quelles sont les matières principales en Lettres modernes ?,formation
Comment réussir le prochain module de statistiques ?,formation
Est-il possible de savoir quelle est la politique concernant le retards ?,reglement
"Où soumettre la demande de carte étudiante , c’est urgent ?",procedure_administrative
"Quelles sont les UE obligatoires pour le Parcours Data Science , pour la semaine prochaine ?",formation
"Comment renouveler ma carte étudiante , pour la semaine prochaine ?",procedure_administrative
"J’aimerais savoir : Le Wi-Fi ne fonctionne pas, que puis-je faire ?! ?",service_campus
"Excusez-moi, Pourriez-vous me dire : J’aimerais savoir quand se déroule le cours de robotique ?",emploi_du_temps
"Pourriez-vous me dire : J’ai perdu mes clés, où se situe le bureau des objets trouvés ?",service_campus
Est-il possible de savoir combien de crédits faut-il pour se spécialiser en Lettres modernes ?,formation
Où déposer mon dossier pour payer mes frais de sclarité ?,procedure_administrative
Quels sont les prérequis pour le Parcours Data Science ?,formation
Où et à quelle heure est mon cours du vendredi à 14h00 ?,emploi_du_temps
Puis-je réserver une salle de travail ou un terrain de sport … ?,service_campus
Quelles sont les UE obligatoires pour le Licence Histoire ?,formation
Pourriez-vous me dire : Quand a lieu le prochain cours de droit public  ??,emploi_du_temps
Comment payer mes frais de scolarité  ??,procedure_administrative
J’aimerais savoir quand se déroule le cours de algèbre avancée. ?,emploi_du_temps
Pourriez-vous me dire : Quelle est la date limite pour l’inscription aux cours ?,procedure_administrative
"J’aimerais savoir : Comment demander un report d’admission , c’est urgent ?",procedure_administrative
Quels sont les prérequis pour le Master Robotique ?,formation
Quelle est la politique concernant le probation académique ?,reglement
Où déposer mon dossier pour renouveler ma carte étudiante ?,procedure_administrative
"Excusez-moi, y a-t-il un règlement spécifique pour les stages ?",reglement
J’aimerais savoir quand se déroule le cours de droit public. ?,emploi_du_temps
"Quelles sont les matières principales en Psychologie , c’est urgent ?",formation
Pourriez-vous me dire : Puis-je changer de majeure ou de spécialisation en cours d’année ?,formation
"S'il vous plaît, quells sont les UE obligatoires pour le Master Psychologie ?",formation
Quelles sont les matières principales en Philosophie ?,formation
Quel est l’horaire du cours de programmation Python avec le professeur Martin ?,emploi_du_temps
J’aimerais savoir : Quelles sont les matières principales en Informatique ?,formation
"Le ENT ne fonctionne pas, que puis-je faire , merci d’avance ?",service_campus
Comment me connecter au VPN de l’université ?,service_campus
"Bonsoir, quelle est la date limite pour l’abandon d’une UE ?",procedure_administrative
"Le portail étudiant ne fonctionne pas, que puis-je faire  ??",service_campus
"Pouvez-vous me donner l’emploi du temps du semestre de automne pour droit public , pour la semaine prochaine ?",emploi_du_temps
Quelle est la politique concernant le absence aux cours ?,reglement
"Le portail étudiant ne fonctionne pas, que puis-je faire ?",service_campus
"Bonsoir, Pourriez-vous me dire : Où soumettre la demande de carte étudiante ?",procedure_administrative
J’aimerais savoir quand se déroule le cours de psychologie cognitive. ?,emploi_du_temps
"Bonsoir, où se trouve la maison des étudiants , si possible ?",service_campus
"Excusez-moi, pouvez-vous me donner l’emploi du temps du semestre de automne pour algèbre avancée , merci d’avance ?",emploi_du_temps
"Puis-je changer de majeure ou de spécialisation en cours d’année , pour la semaine prochaine ?",formation
Est-il possible de savoir quelles sont les ue obligatoires pour le mba finance ?,formation
Comment réussir le prochain module de statistiques ?,formation
J’aimerais savoir : Quelle est la politique concernant le retards ?,reglement
"S'il vous plaît, j’ai perdu mes clés, où se situe le bureau des objets trouvés ?",service_campus
Où et à quelle heure est mon cours du jeudi à 10h00 ?,emploi_du_temps
Quels documents sont requis pour un changement de parcours ?,procedure_administrative
"Quelle est la date limite pour l’abandon d’une UE , pour aujourd’hui ?",procedure_administrative
"Pardon, où soumettre la demande de carte étudiante ?",procedure_administrative
Combien d’absences sont autorisées avant une sanction ?,reglement
"Pardon, est-il possible de savoir comment me connecter au Wi-Fi de l’université , si possible ?",service_campus
"Pourriez-vous me dire : Le VPN ne fonctionne pas, que puis-je faire ?",service_campus
Est-il possible de savoir y a-t-il un règlement spécifique pour les stages ?,reglement
Quelles sont les matières principales en Informatique ?,formation
Où et à quelle heure est mon cours du mardi à 16h30 ?,emploi_du_temps
"S'il vous plaît, pourriez-vous me dire : pourriez-vous m’indiquer le créneau de psychologie cognitive ?",emploi_du_temps
"Pourriez-vous me dire : Comment me connecter au ENT de l’université , pour aujourd’hui ?",service_campus
"Où et à quelle heure est mon cours du vendredi à 16h30 , pour la semaine prochaine ?",emploi_du_temps
"Pourriez-vous me dire : Quels documents sont requis pour un changement de parcours , pour aujourd’hui ?",procedure_administrative
Pourriez-vous me dire : Où soumettre la demande de carte étudiante ?,procedure_administrative
Quelles sont les règles pour le retrait d’un cours ?,reglement
Où se trouve la centre de santé ?,service_campus
"Pardon, j’ai perdu mes clés, où se situe le bureau des objets trouvés , si possible ?",service_campus
Puis-je changer de majeure ou de spécialisation en cours d’année ?,formation
"Quelle est la date limite pour l’abandon d’une UE , pour la semaine prochaine ?",procedure_administrative
"Excusez-moi, Pourriez-vous m’indiquer le créneau de microéconomie ?",emploi_du_temps
"Comment demander un report d’admission , merci d’avance ?",procedure_administrative
Comment me connecter au ENT de l’université ?,service_campus
"S'il vous plaît, pourriez-vous me dire : Quelle est la date limite pour l’abandon d’une UE , si possible ?",procedure_administrative
Quels sont les prérequis pour le Master Psychologie ?,formation
"S'il vous plaît, Comment réussir le prochain module de statistiques ?",formation
"Bonsoir, est-il possible de savoir combien de crédits faut-il pour se spécialiser en Informatique ?",formation
Pourriez-vous me dire : Quels sont les prérequis pour le MBA Finance … ?,formation
Combien de crédits faut-il pour se spécialiser en Informatique ?,formation
Existe-t-il un minimum de crédits ou de moyenne par semestre ?,reglement
Quelles sont les matières principales en Biologie ?,formation
Petite question : est-il possible de savoir pourriez-vous m’indiquer le créneau de droit public  ??,emploi_du_temps
J’aimerais savoir : Quelles sont les UE obligatoires pour le Master Robotique ?,formation
Quels sont les horaires d’ouverture de la centre de santé ?,service_campus
"Bonsoir, Est-il possible de savoir que se passe-t-il en cas de triche à un examen ?",reglement
"J’ai perdu mes clés, où se situe le bureau des objets trouvés ?",service_campus
Pourriez-vous me dire : Pouvez-vous me donner l’emploi du temps du semestre de automne pour biologie cellulaire ?,emploi_du_temps
"Est-il possible de savoir à quelle heure commencent les TD de droit public , pour la semaine prochaine ?",emploi_du_temps
"Pouvez-vous me donner l’emploi du temps du semestre de automne pour microéconomie , c’est urgent ?",emploi_du_temps
Est-il possible de savoir comment réussir le prochain module de statistiques ?,formation
"Bonjour, Quels sont les prérequis pour le Licence Histoire ?",formation
Pourriez-vous me dire : Comment mettre à jour mon adresse ?,procedure_administrative
Pourriez-vous me dire : Où se trouve labibliothèque centrale  !?,service_campus
"Pourriez-vous me dire : Comment demander un report d’admission , pour la semaine prochaine ?",procedure_administrative
Quand a lieu le prochain cours de chimie organique … ?,emploi_du_temps
Petite question : y a-t-il un règlement spécifique pour les stages ?,reglement
"Excusez-moi, puis-je changer de majeure ou de spécialisation en cours d’année , pour aujourd’hui ?",formation
"Bonsoir, comment réussir le prochain module de statistiques , pour aujourd’hui ?",formation
Y a-t-il un règlement spécifique pour les stages ?,reglement
Quelle est la politique concernant le probation académique ?,reglement
Est-il possible de savoir quelle est la date limite pour l’inscription aux cours ?,procedure_administrative
Pourriez-vous m’indiquer le créneau de psychologie cognitive ?,emploi_du_temps
Pourriez-vous me dire : Pouvez-vous me donner l’emploi du temps du semestre de printemps pour programmation Python ?,emploi_du_temps
"Bonjour, J’aimerais savoir quand se déroule le cours de robotique. ?",emploi_du_temps
"Bonjour, le portail étudiant ne fonctionne pas, que puis-je faire ?! ?",service_campus
"Excusez-moi, combien de crédits faut-il pour se spécialiser en Informatique ?",formation
Quelles sont les matières principales en Informatique ?,formation
Petite question : Combien d’absences sont autorisées avant une sanction … ?,reglement
Petite question : J’aimerais savoir : Où se trouve la maison des étudiants ?,service_campus
Pourriez-vous me dire : Combien de crédits faut-il pour se spécialiser en Informatique ?,formation
"Excusez-moi, est-il possible de savoir comment payer mes frais de scolarité ?",procedure_administrative
Combien d’absences sont autorisées avant une sanction ?,reglement
J’aimerais savoir : Où puis-je imprimer mes documents sur le campus ?,service_campus
Quelles sont les UE obligatoires pour le Parcours Data Science ?,formation
Puis-je réserver une salle de travail ou un terrain de sport ?,service_campus
Où puis-je imprimer mes documents sur le campus ?,service_campus
"Pardon, est-il possible de savoir où consulter le code de conduite des étudiants ?",reglement
Est-il possible de savoir quel est l’horaire du cours de biologie cellulaire avec le professeur Martin ?,emploi_du_temps
"Excusez-moi, comment réussir le prochain module de statistiques ?",formation
"Quels sont les prérequis pour le MBA Finance , si possible ?",formation
Combien de crédits faut-il pour se spécialiser en Psychologie ?,formation
"Bonsoir, Quelles sont les UE obligatoires pour le MBA Finance ?",formation
"Excusez-moi, Quels documents sont requis pour un changement de parcours ?",procedure_administrative
"J’ai perdu mes clés, où se situe le bureau des objets trouvés ?",service_campus
Où soumettre la demande de carte étudiante ?,procedure_administrative
Où puis-je imprimer mes documents sur le campus … ?,service_campus
"Bonsoir, où déposer mon dossier pour mettre à jour mon adresse ?",procedure_administrative
Est-il possible de savoir pourriez-vous m’indiquer le créneau de algèbre avancée ?,emploi_du_temps
Où déposer mon dossier pour mettre à jour mon adresse ?,procedure_administrative
"Quelle est la date limite pour la demande d’aide financiere , pour aujourd’hui  ??",procedure_administrative
Est-il possible de savoir combien d’absences sont autorisées avant une sanction ?,reglement
Pouvez-vous me donner l’emploi du temps du semestre de automne pour biologie cellulaire  ??,emploi_du_temps
Est-il possible de savoir puis-je réserver une salle de travail ou un terrain de sport ?,service_campus
"Pourriez-vous me dire : Y a-t-il un règlement spécifique pour les stages , si possible ?",reglement
Pourriez-vous me dire : Où se trouve la service logement ?,service_campus
À quelle heure commencent les TD de programmation Python ?,emploi_du_temps
Pouvez-vous me donner l’emploi du temps du semestre de été pour statistiques appliquées ?,emploi_du_temps
Petite question : J’aimerais savoir : Où et à quelle heure est mon cours du vendredi à 10h00 ?,emploi_du_temps
Est-il possible de savoir existe-t-il un minimum de crédits ou de moyenne par semestre ?,reglement
Où se trouve la bureau des carrières ?,service_campus
Combien de crédits faut-il pour se spécialiser en Psychologie ?,formation
Est-il possible de savoir quels documents sont requis pour un changement de parcours  !?,procedure_administrative
"Pardon, pourriez-vous m’indiquer le créneau de analyse de données ?",emploi_du_temps
"J’ai perdu mes clés, où se situe le bureau des objets trouvés ?",service_campus
Petite question : j’aimerais savoir : Quelle est la date limite pour l’inscription aux cours ?,procedure_administrative
"Bonjour, où déposer mon dossier pour candidater pour la remise de diplôme ?",procedure_administrative
"Bonsoir, où déposer mon dossier pour mettre à jour mon adresse  !?",procedure_administrative
Quelles sont les règles pour le retrait d’un cours ?,reglement
Puis-je changer de majeure ou de spécialisation en cours d’année ?,formation
"Bonsoir, quelles sont les règles pour le retrait d’un cours , pour la semaine prochaine ?",reglement
Pourriez-vous me dire : Puis-je réserver une salle de travail ou un terrain de sport  ??,service_campus
"Bonsoir, Quelle est la date limite pour l’inscription aux cours ?",procedure_administrative
Est-il possible de savoir que se passe-t-il en cas de triche à un examen ?,reglement
"Bonsoir, quelle est la date limite pour la demande d’aide financière ?",procedure_administrative
Quand a lieu le prochain cours de analyse de données ?,emploi_du_temps
"J’ai perdu mes clés, où se situe le bureau des objets trouvés ?",service_campus
Pourriez-vous me dire : Quand a lieu le prochain cours de robotique ?,emploi_du_temps
Où soumettre la demande de carte étudiante ?,procedure_administrative
"Est-il possible de savoir où se trouve la centre de santé , pour la semaine prochaine ?",service_campus
"Pardon, Puis-je changer de majeure ou de spécialisation en cours d’année ?",formation
Où soumettre la demande de carte étudiante ?,procedure_administrative
J’aimerais savoir : Pourriez-vous m’indiquer le créneau de chimie organique ?,emploi_du_temps
"Petite question : Est-il possible de savoir j’ai perdu mes clés, où se situe le bureau des objets trouvés ?",service_campus
Quelles sont les règles pour le retrait d’un cours ?,reglement
"Pardon, à quelle heure commencent les TD de analyse de données ?",emploi_du_temps
Quels sont les horaires d’ouverture de la bureau des carrières ?,service_campus
Où déposer mon dossier pour mettre à jour mon adresse ?! ?,procedure_administrative
"Combien d’absences sont autorisées avant une sanction , merci d’avance ?",reglement
J’aimerais savoir : Quels sont les horaires d’ouverture de la maison des étudiants ?,service_campus
Quelles sont les UE obligatoires pour le MBA Finance ?,formation
Où soumettre la demande de carte étudiante ?,procedure_administrative
Quelle est la politique concernant le plagiat ?,reglement
Quand a lieu le prochain cours de robotique ?,emploi_du_temps
"S'il vous plaît, J’aimerais savoir : Où déposer mon dossier pour obtenir une convention de stage ?",procedure_administrative
Petite question : Quand a lieu le prochain cours de microéconomie ?,emploi_du_temps
"Petite question : puis-je changer de majeure ou de spécialisation en cours d’année , si possible ?",formation
"J’ai perdu mes clés, où se situe le bureau des objets trouvés , c’est urgent ?",service_campus
"Bonjour, Est-il possible de savoir où déposer mon dossier pour payer mes frais de scolarité ?",procedure_administrative
"Pardon, où déposer mon dossier pour demander un relevé officiel ?",procedure_administrative
Quelles sont les règles pour le retrait d’un cours ?,reglement
À quelle heure commencent les TD de droit public ?,emploi_du_temps
Pourriez-vous me dire : Combien de crédits faut-il pour se spécialiser en Lettres modernes ?,formation
"Bonsoir, J’ai perdu mes clés, où se situe le bureau des objets trouvés  ??",service_campus
Pourriez-vous me dire : Quels sont les prérequis pour le Parcours Data Science ?,formation
Comment demander un report d’admission ?,procedure_administrative
"Quelle est la date limite pour l’inscription aux cours , merci d’avance ?",procedure_administrative
"Bonsoir, Pouvez-vous me donner l’emploi du temps du semestre de printemps pour psychologie cognitive ?",emploi_du_temps
J’aimerais savoir : Où déposer mon dossier pour renouveler ma carte étudiante ?,procedure_administrative
"S'il vous plaît, j’aimerais savoir : Comment obtenir une convention de stage ?",procedure_administrative
"Excusez-moi, quel est l’horaire du cours de littérature moderne avec le professeur Martin ?",emploi_du_temps
"Quelle est la politique concernant le retards , merci d’avance ?",reglement
"Bonsoir, où soumettre la demande de carte étudiante ?",procedure_administrative
J’aimerais savoir : Pouvez-vous me donner l’emploi du temps du semestre de printemps pour psychologie cognitive ?,emploi_du_temps
Est-il possible de savoir quelle est la date limite pour la demande d’aide financiere ?,procedure_administrative
Comment renouveler ma carte étudiante ?,procedure_administrative
J’aimerais savoir : Pourriez-vous m’indiquer le créneau de droit public ?,emploi_du_temps
J’aimerais savoir : Quand a lieu le prochain cours de algèbre avancée ?,emploi_du_temps
"Bonsoir, j’aimerais savoir quand se déroule le cours de chimie organique. ?",emploi_du_temps
Petite question : quelles sont les matières principales en Informatique ?,formation
J’aimerais savoir : Quels documents sont requis pour un changement de parcours ?,procedure_administrative
J’aimerais savoir : Comment demander un report d’admission ?,procedure_administrative
Comment réussir le prochain module de statistiques ?,formation
Où se trouve la service logement ?,service_campus
"Quelle est la politique concernant le probation académique , merci d’avance ?",reglement
"Pardon, Où se trouve la centre de santé , pour la semaine prochaine ?",service_campus
Puis-je réserver une salle de travail ou un terrain de sport?,service_campus
"J’aimerais savoir : Le portail étudiant ne fonctionne pas, que puis-je faire , si possible ?",service_campus
J’aimerais savoir : Où et à quelle heure est mon cours du lundi à 16h30 ?,emploi_du_temps
"Est-il possible de savoir quelle est la date limite pour l’abandon d’une UE , si possible ?",procedure_administrative
Quelle est la politique concernant le retards ?,reglement
"Pouvez-vous me donner l’emploi du temps du semestre de printemps pour programmation Python , c’est urgent ?",emploi_du_temps
Quels sont les prérequis pour le Master Psychologie ?,formation
J’aimerais savoir : Quelles sont les règles pour le retrait d’un cours ?,reglement
"Quels sont les prérequis pour le Licence Histoire , c’est urgent ?",formation
"Quelle est la date limite pour l’inscription aux cours , pour aujourd’hui ?",procedure_administrative
"Est-il possible de savoir puis-je changer de majeure ou de spécialisation en cours d’année , si possible ?",formation
"J’aimerais savoir : Quels documents sont requis pour un changement de parcours , pour aujourd’hui ?",procedure_administrative
Que se passe-t-il en cas de triche à un examen ?,reglement
Pouvez-vous me donner l’emploi du temps du semestre de été pour statistiques appliquées ?,emploi_du_temps
"Excusez-moi, Est-il possible de savoir quelle est la date limite pour l’abandon d’une UE ?",procedure_administrative
"Est-il possible de savoir quels sont les prérequis pour le MBA Finance , si possible ?",formation
J’aimerais savoir : Quand a lieu le prochain cours de psychologie cognitive ?,emploi_du_temps
Est-il possible de savoir où puis-je imprimer mes documents sur le campus ?,service_campus
"J’ai perdu mes clés, où se situe le bureau des objets trouvés ?",service_campus
Quels sont les prérequis pour le Master Psychologie ?,formation
"Excusez-moi, Quel est l’horaire du cours de robotique avec le professeur Martin ?",emploi_du_temps
"Excusez-moi, quelle est la date limite pour l’inscription aux cours , merci d’avance ?",procedure_administrative
Comment demander un report d’admission ?,procedure_administrative
Petite question : est-il possible de savoir où se trouve la centre de santé ?,service_campus
"Bonsoir, j’aimerais savoir : Où puis-je imprimer mes documents sur le campus , merci d’avance ?! ?",service_campus
"Excusez-moi, J’aimerais savoir : Quelle est la date limite pour la demande d’aide financière ?",procedure_administrative
"S'il vous plaît, Quand a lieu le prochain cours de analyse de données ?",emploi_du_temps
J’aimerais savoir quand se déroule le cours de microéconomie. ?,emploi_du_temps
Esttt-il possible de savoir combien d’absences sont autorisées avant une sanction ?,reglement
Est-il possible de savoir quand a lieu le prochain cours de droit public ?,emploi_du_temps
Est-il possible de savoir où déposer mon dossier pour candidater pour la remise de diplôme ?,procedure_administrative
"Bonjour, Où et à quelle heure est mon cours du mercredi à 14h00 , c’est urgent ?",emploi_du_temps
Quelles sont les matières principales en Biologie ?,formation
"Quel est l’horaire du cours de statistiques appliquées avec le professeur Dupont , merci d’avance ?",emploi_du_temps
Puis-je changer de majeure ou de spécialisation en cours d’année  ??,formation
"Comment me connecter au portail étudiant de l’université , pour aujourd’hui ?",service_campus
Pourriez-vous me dire : Y a-t-il un règlement spécifique pour les stages ?,reglement
Comment demander un report d’admission ?,procedure_administrative
"S'il vous plaît, Quelle est la date limite pour l’inscription aux cours ?",procedure_administrative
"Où soumettre la demande de carte étudiante , pour aujourd’hui  !?",procedure_administrative
Où consulter le code de conduite des étudiants ?,reglement
Y a-t-il un règlement spécifique pour les stages ?,reglement
Où et à quelle heure est mon cours du vendredi à 8h30 ?,emploi_du_temps
Pourriez-vous m’indiquer le créneau de économie ?,emploi_du_temps
"Est-il possible de savoir quels documents sont requis pour un changement de parcours , pour aujourd’hui ?",procedure_administrative
Quels documents sont requis pour un changement de parcours  !?,procedure_administrative
"Excusez-moi, quelles sont les matières principales en Psychologie ?",formation
Est-il possible de savoir quand a lieu le prochain cours de biologie cellulaire ?,emploi_du_temps
"Pardon, pourriez-vous me dire : Pourriez-vous m’indiquer le créneau de littérature moderne , merci d’avance ?",emploi_du_temps
Quels documents sont requis pour un changement de parcours ?,procedure_administrative
J’aimerais savoir : Comment demander un report d’admission ?,procedure_administrative
Quels sont les horaires d’ouverture de la bibliothèque centrale ?,service_campus
Existe-t-il un minimum de crédits o de moyenne par semestre ?,reglement
Où se trouve la maison des étudiants ?,service_campus
Où consulter le code de conduite des étudiants ?,reglement
Où se trouve la service logement ?,service_campus
Où consulter le code de conduite des étudiants ?,reglement
J’aimerais savoir : Pouvez-vous me donner l’emploi du temps du semestre de printemps pour chimie organique ?,emploi_du_temps
Est-il possible de savoir comment demander un report d’admission … ?,procedure_administrative
Quelle est la politique concernant le rattrapage d’examen ?,reglement
Est-il possible de savoir quelle est la date limite pour l’inscription aux cours ?,procedure_administrative
Petite question : Combien de crédits faut-il pour se spécialiser en Biologie ?,formation
Quelle est la politique concernant le absence aux cours ?,reglement
"S'il vous plaît, est-il possible de savoir à quelle heure commencent les TD de analyse de données ?! ?",emploi_du_temps
Combien d’absences sont autorisées avant une sanction ?,reglement
Où soumettre la demande de carte étudiante ?,procedure_administrative
J’aimerais savoir : Quels documents sont requis pour un changement de parcours ?,procedure_administrative
Quelles sont les UE obligatoires pour le Licence Histoire ?,formation
Quels sont les prérequis pour le Licence Histoire ?,formation
Est-il possible de savoir où se trouve la service logement ?,service_campus
"Excusez-moi, Quels documents sont requis pour un changement de parcours … ?",procedure_administrative
Pourriez-vous m’indiquer le créneau de psychologie cognitive ?,emploi_du_temps
"Bonsoir, quels sont les horaires d’ouverture de la bibliothèque centrale , pour aujourd’hui ?",service_campus
Où puis-je imprimer mes documents sur le campus ?,service_campus
"Le ENT ne fonctionne pas, que puis-je faire ?",service_campus
"Quelles sont les UE obligatoires pour le Master Psychologie , pour aujourd’hui ?",formation
J’aimerais savoir : Quels sont les prérequis pour le Master Psychologie ?,formation
Quel est l’horaire du cours de algèbre avancée avec le professeur Dupont ?,emploi_du_temps
Comment me connecter au portail etudiant de l’universite ?,service_campus
J’aimerais savoir : Où consulter le code de conduite des étudiants ?,reglement
"Excusez-moi, pouvez-vous me donner l’emploi du temps du semestre de été pour programmation Python , pour la semaine prochaine ?",emploi_du_temps
Est-il possible de savoir que se passe-t-il en cas de triche à un examen ?,reglement
Pouvez-vous me donner l’emploi du temps du semestre de automne pour littérature moderne ?,emploi_du_temps
Combien de crédits faut-il pour se spécialiser en Philosophie  !?,formation
"Bonjour, Pouvez-vous me donner l’emploi du temps du semestre de été pour programmation Python ?",emploi_du_temps
J’aimerais savoir : Pourriez-vous m’indiquer le créneau de robotique ?,emploi_du_temps
Où se trouve la maison des étudiants ?,service_campus
Est-il possible de savoir comment réussir le prochain module de statistiques ?,formation
"Pardon, quelles sont les règles pour le retrait d’un cours ?",reglement
Quels sont les horaires d’ouverture de la service logement ?,service_campus
Pouvez-vous me donner l’emploi du temps du semestre de printemps pour biologie cellulaire ?,emploi_du_temps
Combien de crédits faut-il pour se spécialiser en Informatique ?,formation
"Pourriez-vous me dire : Où puis-je imprimer mes documents sur le campus , si possible ?",service_campus
Pourriez-vous m’indiquer le créneau de microéconomie ?,emploi_du_temps
"Le portail étudiant ne fonctionne pas, que puis-je faire ?! ?",service_campus
Est-il possible de savoir puis-je changer de majeure ou de spécialisation en cours d’année ?,formation
"Pardon, pourriez-vous me dire : Quels sont les horaires d’ouverture de la centre de santé ?",service_campus
J’aimerais savoir : Où se trouve la centre de santé ?,service_campus
Combien de crédits faut-il pour se spécialiser en Lettres modernes ?,formation
Petite question : j’aimerais savoir : Quels sont les prérequis pour le MBA Finance ?,formation
Comment réussir le prochain module de statistiques ?,formation
"Pardon, J’aimerais savoir : Quelles sont les matières principales en Lettres modernes ?",formation
"S'il vous plaît, où se trouve la service logement , pour la semaine prochaine ?",service_campus
J’aimerais savoir : Que se passe-t-il en cas de triche à un examen ?,reglement
"Où et à quelle heure est mon cours du mardi à 8h30 , c’est urgent ?",emploi_du_temps
J’aimerais savoir : Combien de crédits faut-il pour se spécialiser en Informatique ?,formation
Où puis-je imprimer mes documents sur le campus ?,service_campus
Petite question : puis-je changer de majeure ou de spécialisation en cours d’année ?,formation
Où soumettre la demande de carte étudiante ?,procedure_administrative
Comment réussir le prochain module de statistiques ?,formation
Pourriez-vous me dire : Pouvez-vous me donner l’emploi du temps du semestre de automne pour algèbre avancée ?,emploi_du_temps
"Bonjour, quelles sont les matières principales en Biologie ?",formation
"Bonjour, quand a lieu le prochain cours de programmation Python , si possible ?",emploi_du_temps
Pourriez-vous me dire : Quelle est la date limite pour la demande d’aide financière ?,procedure_administrative
Petite question : Quelle est la politique concernant le rattrapage d’examen ?,reglement
Est-il possible de savoir pouvez-vous me donner l’emploi du temps du semestre de été pour chimie organique ?,emploi_du_temps
Est-il possible de savoir que se passe-t-il en cas de triche a un examen ?,reglement
J’aimerais savoir : Comment demander un report d’admission ?,procedure_administrative
Où soumettre la demande de carte étudiante ?,procedure_administrative
"Quelles sont les règles pour le retrait d’un cours , pour la semaine prochaine ?",reglement
Pourriez-vous me dire : À quelle heure commencent les TD de statistiques appliquées ?,emploi_du_temps
"Bonsoir, Que se passe-t-il en cas de triche à un examen ?",reglement
"Le ENT ne fonctionne pas, que puis-je faire ?",service_campus
Que se passe-t-il en cas de triche à un examen ?,reglement
"Bonsoir, Pourriez-vous me dire : Combien d’absences sont autorisées avant une sanction , pour la semaine prochaine ?",reglement
Combien de crédits faut-il pour se spécialiser en Lettres modernes ?,formation
"Excusez-moi, Quelles sont les UE obligatoires pour le Licence Histoire ?",formation
Pouvez-vous me donner l’emploi du temps du semestre de printemps pour littérature moderne ?,emploi_du_temps
Quels documents sont requis pour un changement de parcours ?,procedure_administrative
Où se trouve la bibliothèque centrale ?,service_campus
"Bonsoir, j’aimerais savoir : Quel est l’horaire du cours de analyse de données avec le professeur Moreau ?! ?",emploi_du_temps
"Excusez-moi, j’aimerais savoir quand se déroule le cours de microéconomie. ?",emploi_du_temps
Comment réussir le prochain module de statistiques ?,formation
"Où soumettre la demande de carte étudiante , pour aujourd’hui ?",procedure_administrative
J’aimerais savoir quand se déroule le cours de chimie organique. — c’est urgent ?,emploi_du_temps
Où consulter le code de conduite des étudiants ?,reglement
Est-il possible de savoir quelle est la date limite pour l’inscription aux cours  ??,procedure_administrative
Quels sont les horaires d’ouverture de la bibliothèque centrale ?,service_campus
"Bonsoir, que se passe-t-il en cas de triche à un examen ?",reglement
"Excusez-moi, Quelle est la politique concernant le plagiat  !?",reglement
"S'il vous plaît, Quelles sont les matières principales en Philosophie ?",formation
Comment candidater pour la remise de diplôme ?,procedure_administrative
Est-il possible de savoir que se passe-t-il en cas de triche à un examen ?,reglement
"J’ai perdu mes clés, où se situe le bureau des objets trouvés ?",service_campus
"S'il vous plaît, est-il possible de savoir quelle est la politique concernant le rattrapage d’examen , c’est urgent ?",reglement
Est-il possible de savoir quelles sont les règles pour le retrait d’un cours ?! ?,reglement
Quelles sont les règles pour le retrait d’un cours ?,reglement
J’aimerais savoir quand se déroule le cours de économie. ?,emploi_du_temps
"Excusez-moi, quels documents sont requis pour un changement de parcours ?",procedure_administrative
"J’ai perdu mes clés, où se situe le bureau des objets trouvés ?",service_campus
"Bonjour, Combien de crédits faut-il pour se spécialiseeer en Psychologie ?",formation
"S'il vous plaît, J’aimerais savoir : Quand a lieu le prochain cours de algèbre avancée ?",emploi_du_temps
"Pardon, est-il possible de savoir comment mettre à jour mon adresse  !?",procedure_administrative
J’aimerais savoir quand se déroule le cours de littérature moderne. ?,emploi_du_temps
Combien de crédits faut-il pour se spécialiser en Lettres modernes ?,formation
J’aimerais savoir : Quelle est la date limite pour l’inscription aux cours ?,procedure_administrative
Où déposer mon dossier pour candidater pour la remise de diplôme ?,procedure_administrative
"Pardon, pourriez-vous me dire : Puis-je réserver une salle de travail ou un terrain de sport ?",service_campus
"Pourriez-vous me dire : Comment me connecter au ENT de l’université , c’est urgent ?",service_campus
J’aimerais savoir quand se déroule lec ours de robotique. ?,emploi_du_temps
Est-il possible de savoir comment réussir le prochain module de statistiques ?,formation
Est-il possible de savoir comment réussir le prochain module de statistiques ?,formation
"Pardon, quelles sont les règles pour le retrait d’un cours ?",reglement
Comment demander un report d’admission ?,procedure_administrative
"Petite question : J’ai perdu mes clés, où se situe le bureau des objets trouvés ?",service_campus
Où soumettre la demande de carte étudiante ?,procedure_administrative
Est-il possible de savoir existe-t-il un minimum de crédits ou de moyenne par semestre ?,reglement
Est-il possible de savoir puis-je réserver une salle de travail ou un terrain de sport ?,service_campus
Comment demander un relevé officiel ?,procedure_administrative
"Petite question : le ENT ne fonctionne pas, que puis-je faire ?",service_campus
"Est-il possible de savoir le VPN ne fonctionne pas, que puis-je faire ?",service_campus
"Pardon, le Wi-Fi ne fonctionne pas, que puis-je faire , pour aujourd’hui ?",service_campus
Que se passe-t-il en cas de triche à un examen ?,reglement
Est-il possible de savoir où et à quelle heure est mon cours du lundi à 8h30 ?,emploi_du_temps
Où se trouve la centre de santé ?,service_campus
Comment me connecter au Wi-Fi de l’université … ?,service_campus
Pourriez-vous me dire : Pourriez-vous m’indiquer le créneau de statistiques appliquées ?,emploi_du_temps
Que se passe-t-il en cas de triche à un examen ?,reglement
Où se trouve la bureau des carrières ?,service_campus
"Bonjour, quelle est la date limite pour la demande d’aide financière ?",procedure_administrative
Comment me connecter au ENT de l’université ?,service_campus
Petite question : Puis-je changer de majeure ou de spécialisation en cours d’année ?,formation
Est-il possible de savoir pouvez-vous me donner l’emploi du temps du semestre de printemps pour microéconomie ?,emploi_du_temps
Est-il possible de savoir pourriez-vous m’indiquer le créneau de biologie cellulaire ?,emploi_du_temps
Pourriez-vous me dire : Quelle est la date limite pour l’abandon d’une UE ?,procedure_administrative
Est-il possible de savoir quelle est la date limite pour l’inscription aux cours ?,procedure_administrative
Pouvez-vous me donner l’emploi du temps du semestre de printemps pour microéconomie ?,emploi_du_temps
Quelles sont les UE obligatoires pour le Licence Histoire ?,formation
"J’aimerais savoir : J’ai perdu mes clés, où se situe le bureau des objets trouvés ?",service_campus
Pourriez-vous me dire : Où soumettre la demande de carte étudiante ?,procedure_administrative
"Pardon, où consulter le code de conduite des étudiants ?",reglement
Quand a lieu le prochain cours de psychologie cognitive ?,emploi_du_temps
"Combien de crédits faut-il pour se spécialiser en Lettres modernes , merci d’avance ?",formation
"Bonjour, comment renouveler ma carte étudiante ?! ?",procedure_administrative
Petite question : quelle est la date limite pour l’inscription aux cours ?,procedure_administrative
Quelles sont les règles pour le retrait d’un cours ?,reglement
Est-il possible de savoir quels sont les prérequis pour le Master Psychologie ?,formation
Quel est l’horaire du cours de analyse de données avec le professeur Dupont  ??,emploi_du_temps
"Bonsoir, Pourriez-vous me dire : Quelles sont les UE obligatoires pour le Parcours Data Science ?",formation
"Est-il possible de savoir quelles sont les règles pour le retrait d’un cours , si possible ?",reglement
Est-il possible de savoir quelles sont les matières principales en Biologie ?,formation
Pourriez-vous me dire : Pourriez-vous m’indiquer le créneau de programmation Python ?,emploi_du_temps
"Quels documents sont requis pour un changement de parcours , pour aujourd’hui ?",procedure_administrative
"Bonjour, J’aimerais savoir : Où puis-je imprimer mes documents sur le campus ?",service_campus
"Pardon, le portail étudiant ne fonctionne pas, que puis-je faire , c’est urgent ?",service_campus
"Quelles sont les matières principales en Informatique , pour aujourd’hui ?",formation
Pourriez-vous me dire : Quels sont les horaires d’ouverture de la bibliothèque centrale ?,service_campus
"Excusez-moi, quels documents sont requis pour un changement de parcours , c’est urgent ?",procedure_administrative
Pourriez-vous me dire : Où et à quelle heure est mon cours du vendredi à 8h30 ?,emploi_du_temps
"Pourriez-vous m’indiquer le créneau de biologie cellulaire , si possible ?",emploi_du_temps
"Bonsoir, Pourriez-vous me dire : Que se passe-t-il en cas de triche à un examen , c’est urgent ?",reglement
Est-il possible de savoir où et à quelle heure est mon cours du mercredi à 16h30 ?,emploi_du_temps
"Le portail étudiant ne fonctionne pas, que puis-je faire ?",service_campus
Pourriez-vousss me dire : Quels documents sont requis pour un changement de parcours ?,procedure_administrative
"Le portail étudiant ne foctionne pas, que puis-je faire ?",service_campus
"Excusez-moi, puis-je réserver une salle de travail ou un terrain de sport ?",service_campus
"Bonsoir, Quels sont les horaires d’ouverture de la bibliothèque centrale ?! ?",service_campus
"S'il vous plaît, Puis-je réserver une salle de travail ou un terrain de sport ?",service_campus
Puis-je réserver une salle de travail ou un terrain de sport ?,service_campus
Petite question : j’aimerais savoir : Comment réussir le prochain module de statistiques ?,formation
"Est-il possible de savoir le portail étudiant ne fonctionne pas, que puis-je faire ?",service_campus
"S'il vous plaît, j’aimerais savoir : Pourriez-vous m’indiquer le créneau de microéconomie  !?",emploi_du_temps
Existe-t-il un minimum de crédits ou de moyenne par semestre ?,reglement
"Pardon, Pourriez-vous me dire : Pouvez-vous me donner l’emploi du temps du semestre de été pour psychologie cognitive ?",emploi_du_temps
Pourriez-vous me dire : Quelles sont les règles pour le retrait d’un cours ?,reglement
Où consulter le code de conduite des étudiants ?,reglement
"Existe-t-il un minimum de crédits ou de moyenne par semestre , merci d’avance ?",reglement
Petite question : quelles sont les matières principales en Lettres modernes ?,formation
Quelles sont les matières principales en Philosophie ?,formation
Quelles sont les règles pour le retrait d’un cours ?,reglement
"Pourriez-vous me dire : J’ai perdu mes clés, où se situe le bureau des objets trouvés ?",service_campus
Quelle est la politique concernant le absence aux cours ?,reglement
Puis-je changer de majeure ou de spécialisation en cours d’année ?,formation
Pourriez-vous m’indiquer le créneau de microéconomie ?,emploi_du_temps
Est-il possible de savoir puis-je réserver une salle de travail ou un terrain de sport ?,service_campus
"Comment demander un report d’admission , merci d’avance ?",procedure_administrative
Pourriez-vous me dire : Existe-t-il un minimum de crédits ou de moyenne par semestre ?,reglement
Pourriez-vous me dire : À quelle heure commencent les TD de analyse de données ?,emploi_du_temps
J’aimerais savoir : Pourriez-vous m’indiquer le créneau de analyse de données ?,emploi_du_temps
"Bonjour, j’aimerais savoir : Pourriez-vous m’indiquer le créneau de économie  ??",emploi_du_temps
Pourriez-vous me dire : Où et à quelle heure est mon cours du mercredi à 10h00 ?,emploi_du_temps
"J’aimerais savoir : Quels sont les horaires d’ouverture de la service logement , merci d’avance ?",service_campus
Où et à quelle heure est mon cours du mercredi à 10h00 … ?,emploi_du_temps
Pourriez-vous me dire : Pourriez-vous m’indiquer le créneau de microéconomie … ?,emploi_du_temps
À quelle heure commencent les TD de psychologie cognitive ?,emploi_du_temps
Est-il possible de savoir quels sont les horaires d’ouverture de la bibliothèque centrale  ??,service_campus
Pourriez-vous me dire : Où et à quelle heure est mon cours du lundi à 16h30 ?,emploi_du_temps
Pourriez-vous me dire : Où puis-je imprimer mes documents sur le campus ?,service_campus
"Bonsoir, est-il possible de savoir quels documents sont requis pour un changement de parcours ?",procedure_administrative
"Bonsoir, J’aimerais savoir : Comment réussir le prochain module de statistiques ?",formation
"Bonsoir, Quelle est la politique concernant le rattrapage d’examen ?",reglement
"Le Wi-Fi ne fonctionne pas, que puis-je faire , c’est urgent ?",service_campus
Comment me connecter au Wi-Fi de l’université ?,service_campus
Comment mettre à jour mon adresse ?,procedure_administrative
Petite question : est-il possible de savoir où déposer mon dossier pour demander un relevé officiel ?,procedure_administrative
"Bonjour, combien d’absences sont autorisées avant une sanction , si possible ?",reglement
Comment réussir le prochain module de statistiques  ??,formation
Quelle est la politique concernant le absence aux cours  !?,reglement
Quelles sont les matières principales en Informatique ?,formation
"Bonsoir, Pourriez-vous me dire : Le VPN ne fonctionne pas, que puis-je faire  ??",service_campus
Est-il possible de savoir où soumettre la demande de carte étudiante ?,procedure_administrative
"Bonjour, quelles sont les UE obligatoires pour le Licence Histoire , pour aujourd’hui ?",formation
"J’aimerais savoir : Combien de crédits faut-il pour se spécialiser en Biologie , merci d’avance ?",formation
"Bonjour, j’aimerais savoir : Combien de crédits faut-il pour se spécialiser en Psychologie ?",formation
"Pardon, Pourriez-vous me dire : Comment demander un report d’admission ?",procedure_administrative
"S'il vous plaît, Quand a lieu le prochain cours de économie ?",emploi_du_temps
Petite question : Comment demander un report d’admission ?,procedure_administrative
"Bonjour, J’aimerais savoir : Que se passe-t-il en cas de triche à un examen , c’est urgent ?",reglement
"Bonjour, Où et à quelle heure est mon cours du jeudi à 10h00 ?",emploi_du_temps
Comment me connecter au portail étudiant de l’université  ??,service_campus
Où et à quelle heure est mon cours du mardi à 14h00 ?,emploi_du_temps
Pourriez-vous me dire : Que se passe-t-il en cas de triche à un examen ?,reglement
"Pardon, J’aimerais savoir quand se droule le cours de algèbre avancée. ?",emploi_du_temps
Comment candidater pour la remise de diplôme ?,procedure_administrative
Pouvez-vous me donner l’emploi du temps du semestre de été pour économie ?,emploi_du_temps
"Bonjour, Quelles sont les matières principales en Philosophie  !?",formation
Puis-je changer de majeure ou de spécialisation en cours d’année ?,formation
Est-il possible de savoir comment me connecter au Wi-Fi de l’université ?,service_campus
Quelle est la date limite pour l’inscription aux cours ?,procedure_administrative
"Est-il possible de savoir comment emander un report d’admission , merci d’avance ?",procedure_administrative
"S'il vous plaît, Quelles sont les matières principales en Informatique ?",formation
"Bonjour, Comment demander un report d’admission ?",procedure_administrative
J’aimerais savoir quand se déroule le cours de analyse de données. — merci d’avance ?,emploi_du_temps
Quels sont les horaires d’ouverture de la bureau des carrières ?,service_campus
Où déposer mond ossier pour demander un relevé officiel ?,procedure_administrative
"Est-il possible de savoir où se trouve la service logement , merci d’avance ?",service_campus
"Y a-t-il un règlement spécifique pour les stages , si possible ?",reglement
Quels sont les horaires d’ouverture de la maison des étudiants ?,service_campus
"Excusez-moi, où et à quelle heure est mon cours du jeudi à 16h30 … ?",emploi_du_temps
Puis-je changer de majeure ou de spécialisation en cours d’année ?,formation
"Est-il possible de savoir où déposer mon dossier pour candidater pour la remise de diplôme , pour la semaine prochaine ?",procedure_administrative
"Puis-je changer de majeure ou de spécialisation en cours d’année , c’est urgent  ??",formation
"Excusez-moi, Quelles sont les matières principales en Psychologie ?",formation
"Est-il possible de savoir pourriez-vous m’indiquer le créneau de biologie cellulaire , pour la semaine prochaine ?",emploi_du_temps
Combien de crédits faut-il pour se spécialiser en Biologie ?,formation
"Bonjour, puis-je changer de majeure ou de spécialisation en cours d’année ?",formation
Comment candidater pour la remise de diplôme ?,procedure_administrative
Quels documents sont requis pour un changement de parcours ?,procedure_administrative
Où consulter le code de conduite des étudiants ?,reglement
Où déposer mon dossier pour obtenir une convention de stage ?,procedure_administrative
"J’aimerais savoir : J’ai perdu mes clés, où se situe le bureau des objets trouvés … ?",service_campus
Pourriez-vous m’indiquer le créneau de algèbre avancée ?,emploi_du_temps
Combien de crédits faut-il pour se spécialiser en Psychologie ?,formation
Quels sont les horaires d’ouverture de la gymnase ?,service_campus
J’aimerais savoir : J’aimerais savoir quand se déroule le cours de algèbre avancée ?,emploi_du_temps
"Excusez-moi, Pouvez-vous me donner l’emploi du temps du semestre de printemps pour robotique , si possible ?",emploi_du_temps
Où puis-je imprimer mes documents sur le campus ?,service_campus
Pourriez-vous me dire : Quelles sont les UE obligatoires pour le Licence Histoire ?! ?,formation
"J’ai perdu mes clés, où se situe le bureau des objets trouvés ?",service_campus
Quels sont les prérequis pour le Parcours Data Science ?,formation
"Bonjour, existe-t-il un minimum de crédits ou de moyenne par semestre ?",reglement
Pourriez-vous me dire : Quelle est la date limite pour l’abandon d’une UE ?,procedure_administrative
"S'il vous plaît, pourriez-vous me dire : Puis-je réserver une salle de travail ou un terrain de sport ?",service_campus
"Bonsoir, Que se passe-t-il en cas de triche à un examen ?",reglement
Quels sont les prérequis pour le Master Psychologie ?,formation
Quel est l’horaire du cours de biologie cellulaire avec le professeur Dubois ?,emploi_du_temps
Où puis-je imprimer mes documents sur le campus ?,service_campus
Quelles sont les matières principales en Philosophie ?,formation
J’aimerais savoir : Comment réussir le prochain module de statistiques ?,formation
"S'il vous plaît, est-il possible de savoir où et à quelle heure est mon cours du lundi à 14h00 ?",emploi_du_temps
Est-il possible de savoir où soumettre la demande de carte étudiante ?,procedure_administrative
Est-il possible de savoir où consulter le code de conduite des étudiants ?,reglement
Puis-je réserver une salle de travail ou un terrain de sport ?,service_campus
Quels sont les prérequis pour le MBA Finance ?,formation
"Combien de crédits faut-il pour se spécialiser en Psychologie , si possible ?",formation
Où soumettre la demande de carte étudiante ?,procedure_administrative
"Où déposer mon dossier pour obtenir une convention de stage , pour aujourd’hui ?",procedure_administrative
J’aimerais savoir quand se déroule le cours de algèbre avancée. ?,emploi_du_temps
Où puis-je imprimer mes documents sur le campus ?,service_campus
Puis-je réserver une salle de travail ou un terrain de sport ?,service_campus
Où consulter le code de conduite des étudiants ?,reglement
Petite question : quels sont les horaires d’ouverture de la service logement ?,service_campus
Quelles sont les règles pour le retrait d’un cours ?,reglement
Pourriez-vous me dire : Quand a lieu le prochain cours de littérature moderne ?,emploi_du_temps
À quelle heure commencent les TD de robotique ?,emploi_du_temps
"S'il vous plaît, Est-il possible de savoir comment demander un report d’admission ?",procedure_administrative
Quels documents sont requis pour un changement de parcours ?,procedure_administrative
Combien de crédits faut-il pour se spécialiser en Biologie  !?,formation
Quels sont les horaires d’ouverture de la centre de santé ?,service_campus
"Le ENT ne fonctionne pas, que puis-jefaire ?",service_campus
Comment candidater pour la remise de diplôme ?,procedure_administrative
"Bonsoir, pourriez-vous me dire : Quels sont les prérequis pour le MBA Finance , si possible ?",formation
Puis-je changer de majeure ou de spécialisation en cours d’année ?,formation
"À quelle heure commencent les TD de microéconomie , merci d’avance ?",emploi_du_temps
"Pardon, comment réussir le prochain module de statistiques ?",formation
"Le ENT ne fonctionne pas, que puis-je faire , c’est urgent ?",service_campus
Pouvez-vous me donner l’emploi du temps du semestre de été pour biologie cellulaire ?! ?,emploi_du_temps
Pourriez-vous me dire : Quelles sont les règles pour le retrait d’un cours ?,reglement
"Bonjour, quel est l’horaire du cours de psychologie cognitive avec le professeur Leroy ?",emploi_du_temps
"Quels sont les horaires d’ouverture de la bibliothèque centrale , si possible ?",service_campus
Combien d’absences sont autorisées avant une sanction ?,reglement
Quelles sont les UE obligatoires pour le Parcours Data Science ?,formation
"Où déposer mon dossier pour demander un relevé officiel , pour la semaine prochaine ?",procedure_administrative
Où puis-je imprimer mes documents sur le campus ?,service_campus
"Le VPN ne fonctionne pas, que puis-je faire ?",service_campus
Quelle est la date limite pour la demande d’aide financière ?,procedure_administrative
Quels sont les horaires d’ouverture de la bibliothèque centrale ?,service_campus
Où puis-je imprimer mes documents sur le campus ?! ?,service_campus
J’aimerais savoir : Puis-je réserver une salle de travail ou un terrain de sport ?,service_campus
Quelle est la date limite pour l’abandon d’une UE ?,procedure_administrative
J’aimerais savoir : Comment réussir le prochain module de statistiques ?,formation
"Combien de crédits faut-il pour se spécialiser en Lettres modernes , si possible ?",formation
Est-il possible de savoir où soumettre la demande de carte étudiante ?,procedure_administrative
J’aimerais savoir quand se déroule le cours de chimie organique. — pour la semaine prochaine ?,emploi_du_temps
J’aimerais savoir : Quels documents sont requis pour unchangement de parcours ?,procedure_administrative
"Bonsoir, Quels sont les horaires d’ouverture de la service logement ?",service_campus
Où puis-je imprimer mes documents sur le campus ?,service_campus
"Excusez-moi, J’aimerais savoir : Où soumettre la demande de carte étudiante ?",procedure_administrative
Quelle est la politique concernant le absence aux cours ?,reglement
"Bonjour, j’aimerais savoir : Puis-je changer de majeure ou de spécialisation en cours d’année , pour aujourd’hui ?",formation
Combien d’absences sont autorisées avant une sanction ?,reglement
Petite question : pourriez-vous me dire : Quelles sont les UE obligatoires pour le Master Robotique ?,formation
Pourriez-vous me dire : Comment me connecter au portail étudiant de l’université ?,service_campus
Où consulter le code de conduite des étudiants ?,reglement
"Puis-je réserver une salle de travail ou un terrain de sport , c’est urgent ?",service_campus
Pourriez-vous me dire : Quelle est la politique concernant le plagiat  ??,reglement
"Bonsoir, comment réussir le prochain module de statistiques ?",formation
Quels sont les horaires d’ouverture de la bibliothèque centrale ?,service_campus
"Bonjour, Le ENT ne fonctionne pas, que puis-je faire ?",service_campus
À quelle heure commencent les TD de économie ?,emploi_du_temps
"Bonjour, Où consulter le code de conduite des étudiants ?",reglement
Quel est l’horaire du cours de programmation Python avec le professeur Martin ?,emploi_du_temps
Petite question : est-il possible de savoir combien d’absences sont autorisées avant une sanction ?,reglement
Pourriez-vous me dire : Où consulter le code de conduite des étudiants  ??,reglement
"S'il vous plaît, est-il possible de savoir comment me connecter au VPN de l’université , pour aujourd’hui ?",service_campus
Comment réussir le prochain module de statistiques ?,formation
Pourriez-vous me dire : Comment demander un relevé officiel ?,procedure_administrative
Y a-t-il un règlement spécifique pour les stages ?,reglement
Pourriez-vous me dire : J’aimerais savoir quand se déroule le cours de droit public ?,emploi_du_temps
"Pardon, quels documents sont requis pour un changement de parcours  !?",procedure_administrative
J’aimerais savoir quand se déroule le cours de littérature moderne. ?,emploi_du_temps
J’aimerais savoir : Que se passe-t-il en cas de triche à un examen ?,reglement
Pourriez-vous me dire : Quels sont les prérequis pour le Parcours Data Science ?,formation
"Pourriez-vous me dire : Comment demander un report d’admission , c’est urgent ?",procedure_administrative
"Bonjour, pourriez-vous me dire : Quels documents sont requis pour un changement de parcours ?",procedure_administrative
Y a-t-il un règlement spécifique pour les stages ?,reglement
Comment réussir le prochain module de statistiques ?,formation
Où soumettre la demande de carte étudiante ?,procedure_administrative
"J’aimerais savoir : Quelle est la politique concernant le rattrapage d’examen , c’est urgent ?",reglement
"Combien d’absences sont autorisées avant une sanction , pour la semaine prochaine ?",reglement
Petite question : Quand a lieu le prochain cours de biologie cellulaire ?,emploi_du_temps
"Pardon, le ENT ne fonctionne pas, que puis-je faire ?",service_campus
Pouvez-vous me donner l’emploi du temps du semestre de automne pour littérature moderne ?,emploi_du_temps
Pouvez-vous me donner l’emploi du temps du semestre de été pour algèbre avancée ?,emploi_du_temps
Quels documents sont requis pour un changement de parcours ?,procedure_administrative
Quand a lieu le prochain cours de chimie organique  ??,emploi_du_temps
"Existe-t-il un minimum de crédits ou de moyenne par semestre , merci d’avance ?",reglement
"Est-il possible de savoir où déposer mon dossier pour candidater pour la remise de diplôme , si possible ?",procedure_administrative
"Est-il possible de savoir où et à quelle heure est mon cours du vendredi à 14h00 , pour aujourd’hui ?",emploi_du_temps
Combien d’absences sont autorisées avant une sanction ?,reglement
"Excusez-moi, J’aimerais savoir : J’aimerais savoir quand se déroule le cours de microéconomie ?",emploi_du_temps
Où puis-je imprimer mes documents sur le campus ?,service_campus
Est-il possible de savoir quelle est la politique concernant le retards ?,reglement
Quels documents sont requis pour un changement de parcours ?,procedure_administrative
"Pardon, où déposer mon dossier pour renouveler ma carte étudiante ?",procedure_administrative
"J’aimerais savoir : Le VPN ne fonctionne pas, que puis-je faire ?",service_campus
Existe-t-il un minimum de crédits ou de moyenne par semestre ?,reglement
J’aimerais savoir : Quels sont les horaires d’ouverture de la gymnase  !?,service_campus
J’aimerais savoir : Y a-t-il un règlement spécifique pour les stages ?! ?,reglement
Combien d’absences sont autorisées avant une sanction ?,reglement
"Pardon, Où déposer mon dossier pour payer mes frais de scolarité ?",procedure_administrative
Puis-je changer de majeure ou de spécialisation en cours d’année ?,formation
Est-il possible de savoir où déposer mon dossier pour renouveler ma carte étudiante ?,procedure_administrative
"S'il vous plaît, comment me connecter au ENT de l’université ?",service_campus
"À quelle heure commencent les TD de analyse de données , si possible ?",emploi_du_temps
Où déposer mon dossier pour candidater pour la remise de diplôme ?,procedure_administrative
Puis-je changer de majeure ou de spécialisation en cours d’année ?,formation
"Excusez-moi, Pourriez-vous me dire : Comment réussir le prochain module de statistiques , c’est urgent ?",formation
Quelles sont les UE obligatoires pour le Master Robotique ?,formation
"Bonjour, Pourriez-vous me dire : J’ai perdu mes clés, où se situe le bureau des objets trouvés ?",service_campus
"Quelle est la politique concernant le probation académique , si possible ?",reglement
Quelles sont les règles pour le retrait d’un cours ?,reglement
Quelles sont les UE obligatoires pour le MBA Finance ?,formation
"Bonsoir, J’aimerais savoir : Comment réussir le prochain module de statistiques ?",formation
"Pourriez-vous me dire : Quelles sont les règles pour le retrait d’un cours , pour aujourd’hui ?",reglement
"Excusez-moi, pourriez-vous me dire : Quels sont les horaires d’ouverture de la gymnase ?",service_campus
Où soumettre la demande de carte étudiante ?,procedure_administrative
J’aimerais savoir : Quels documents sont requis pour un changement de parcours ?,procedure_administrative
"S'il vous plaît, J’aimerais savoir : Existe-t-il un minimum de crédits ou de moyenne par semestre ?",reglement
"Quelle est la politique concernant le retards , pour la semaine prochaine ?",reglement
Petite question : quelles sont les matières principales en Infomratique ?,formation
Pouvez-vous me donner l’emploi du temps du semestre de printemps pour biologie cellulaire ?,emploi_du_temps
Quelle est la politique concernant le rattrapage d’examen ?,reglement
Puis-je réserver une salle de travail ou un terrain de sport ?,service_campus
"Comment candidater pour la remise de diplôme , si possible  !?",procedure_administrative
"Bonsoir, Puis-je réserver une salle de travail ou un terrain de sport ?",service_campus
"Comment demander un report d’admission , merci d’avance ?",procedure_administrative
Pourriez-vous me dire : Puis-je changer de majeure ou de spécialisation en cours d’année ?,formation
"Bonjour, que se passe-t-il en cas de triche à un examen ?",reglement
Quelle est la date limite pour la demande d’aide financière ?,procedure_administrative
Pourriez-vous me dire : À quelle heure commencent les TD de programmation Python ?,emploi_du_temps
Quelle est la politique concernant le rattrapage d’examen ?,reglement
Est-il possible de savoir quels sont les horaires d’ouverture de la gymnase ?,service_campus
Quelles sont les UE obligatoires pour le Master Robotique ?,formation
Combien d’absences sont autorisées avant une sanction ?,reglement
Quels sont les prérequis pour le Master Robotique ?,formation
"Comment me connecter au VPN de l’université , pour la semaine prochaine ?",service_campus
Est-il possible de savoir où soumettre la demande de carte étudiante ?,procedure_administrative
Où consulter le code de conduite des étudiants ?,reglement
Comment me connecter au ENT de l’université ?,service_campus
Est-il possible de savoir où puis-je imprimer mes documents sur le campus ?,service_campus
Quelles sont les matières principales en Philosophie ?,formation
Quels sont les horaires d’ouverture de la bibliothèque centrale ?,service_campus
À quelle heure commencent les TD de littérature moderne ?,emploi_du_temps
J’aimerais savoir : Quels sont les prérequis pour le Licence Histoire ?,formation
Quels sont les horaires d’ouverture de la maison des étudiants ?,service_campus
J’aimerais savoir : Quelles sont les matières principales en Psychologie ?,formation
Pourriez-vous me dire : quelles sont les règles pour le retrait d’un cours ?,reglement
"Quelles sont les UE obligatoires pour le Master Robotique , pour la semaine prochaine ?",formation
Quels documents sont requis pour un changement de parcours ?,procedure_administrative
"Petite question : Existe-t-il un minimum de credits ou de moyenne par semestre , c’est urgent ?",reglement
"Bonjour, Quels documents sont requis pour un changement de parcours  !?",procedure_administrative
"Pardon, comment demander un relevé officiel ?",procedure_administrative
"Bonsoir, puis-je changer de majeure ou de spécialisation en cours d’année ?",formation
Pourriez-vous me dire : Quelles sont les matières principales en Biologie ?,formation
Quelles sont les matières principales en Lettres modernes ?,formation
"Quelles sont les UE obligatoires pour le Licence Histoire , c’est urgent ?",formation
"Bonsoir, Où et à quelle heure est mon cours du lundi à 14h00 ?",emploi_du_temps
Pouvez-vous me donner l’emploi du temps du semestre de printemps pour droit public ?,emploi_du_temps
Pourriez-vous m’indiquer le créneau de littérature moderne ?,emploi_du_temps
Où consulter le code de conduite des étudiants ?,reglement
Puis-je changer de majeure ou de spécialisation en cours d’année ?,formation
Petite question : où déposer mon dossier pour candidater pour la remise de diplôme ?,procedure_administrative
J’aimerais savoir quand se déroule le cours de algèbre avancée. ?,emploi_du_temps
"Est-il possible de savoir j’ai perdu mes clés, où se situe le bureau des objets trouvés , si possible ?",service_campus
Quelle est la politique concernant le retards ?,reglement
"Où déposer mon dossier pour renouveler ma carte étudiante , pour aujourd’hui ?",procedure_administrative
Petite question : pourriez-vous me dire : Où soumettre la demande de carte étudiante ?,procedure_administrative
"Bonjour, Est-il possible de savoir quelle est la date limite pour l’abandon d’une UE ?",procedure_administrative
"S'il vous plaît, Pourriez-vous me dire : Où soumettre la demande de carte étudiante  ??",procedure_administrative
"J’aimerais savoir : Combien de crédits faut-il pour se spécialiser en Lettres modernes , c’est urgent ?",formation
"S'il vous plait, J’aimerais savoir : Quelles sont les matieres principales en Lettres modernes ?",formation
Est-il possible de savoir puis-je réserver une salle de travail ou un terrain de sport ?,service_campus
Quels documents sont requis pour un changement de parcours ?,procedure_administrative
"Petite question : J’ai perdu mes clés, où se situe le bureau des objets trouvés ?",service_campus
Quelle est la politique concernant le rattrapage d’examen ?,reglement
Quel est l’horaire du cours de microéconomie avec le professeur Moreau ?,emploi_du_temps
Petite question : où soumettre la demande de carte étudiante ?,procedure_administrative
Que se passe-t-il en cas de triche à un examen ?,reglement
Quelles sont les matières principales en Philosophie ?,formation
Est-il possible de savoir comment demander un report d’admission ?,procedure_administrative
Puis-je changer de majeure ou de spécialisation en cours d’année ?! ?,formation
Combien de crédits faut-il pour se spécialiser en Philosophie ?,formation
"Existe-t-il un minimum de crédits ou de moyenne par semestre , merci d’avance ?",reglement
Comment me connecter au ENT de l’université ?,service_campus
"Pardon, pourriez-vous me dire : Comment réussir le prochain module de statistiques ?",formation
Quelles sont ls UE obligatoires pour le MBA Finance ?,formation
"Excusez-moi, Où soumettre la demande de carte étudiante ?",procedure_administrative
Où déposer mon dossier pour demander un relevé officiel ?,procedure_administrative
J’aimerais savoir : Comment réussir le prochain module de statistiques ?,formation
"Pourriez-vous me dire : Combien d’absences sont autorisées avant une sanction , si possible ?",reglement
"Où consulter le code de conduite des étudiants , pour la semaine prochaine ?",reglement
Ou deposer mon dossier pour obtenir une convention de stage ?,procedure_administrative
Pourriez-vous me dire : Quels sont les prérequis pour le Parcours Data Science ?,formation
Où déposer mon dossier pour obtenir une convention de stage ?,procedure_administrative
"Bonsoir, j’aimerais savoir : Existe-t-il un minimum de crédits ou de moyenne par semestre ?",reglement
"Pardon, où soumettre la demande de carte étudiante ?",procedure_administrative
"Pourriez-vous me dire : Quand a lieu le prochain cours de psychologie cognitive , merci d’avance ?",emploi_du_temps
"Bonjour, j’aimerais savoir quand se déroule le cours de droit public. ?",emploi_du_temps
Est-il possible de savoir existe-t-il un minimum de crédits ou de moyenne par semestre ?,reglement
Comment réussir le prochain module de statistiques ?,formation
Puis-je réserver une salle de travail ou un terrain de sport ?,service_campus
"Où puis-je imprimer mes documents sur le campus , merci d’avance ?",service_campus
"S'il vous plaît, Comment me connecter au ENT de l’université ?! ?",service_campus
Est-il possible de savoir puis-je changer de majeure ou de spécialisation en cours d’année ?,formation
Où et à quelle heure est mon cours du lundi à 14h00 ?,emploi_du_temps
Petite question : J’aimerais savoir : Quand a lieu le prochain cours de chimie organique ?,emploi_du_temps
Est-il possible de savoir existe-t-il un minimum de crédits ou de moyenne par semestre ?,reglement
"Excusez-moi, quels documents sont requis pour un changement de parcours ?",procedure_administrative
"Quand a lieu le prochain cours de économie , c’est urgent ?",emploi_du_temps
Quels sont les prérequis pour le Parcours Data Science ?,formation
"S'il vous plaît, y a-t-il un règlement spécifique pour les stages , si possible ?",reglement
À quelle heure commencent les TD de analyse de données ?,emploi_du_temps
"S'il vous plaît, où déposer mon dossier pour payer mes frais de scolarité ?",procedure_administrative
"S'il vous plaît, Comment payer mes frais de scolarité , merci d’avance ?",procedure_administrative
Petite question : est-il possible de savoir pouvez-vous me donner l’emploi du temps du semestre de été pour psychologie cognitive ?,emploi_du_temps
"Bonjour, est-il possible de savoir combien d’absences sont autorisées avant une sanction ?",reglement
"Le Wi-Fi ne fonctionne pas, que puis-je faire ?",service_campus
Où se trouve la centre de santé ?,service_campus
Petite question : Est-il possible de savoir combien d’absences sont autorisées avant une sanction ?,reglement
"Pardon, Quels sont les prérequis pour le Licence Histoire ?",formation
"Bonjour, combien de crédits faut-il pour se spécialiser en Psychologie  ??",formation
J’aimerais savoir : Combien d’absences sont autorisées avant une sanction ?,reglement
Pourriez-vous me dire : Quels sont les prérequis pour le Parcours Data Science ?,formation
Quels sont les prérequis pour le MBA Finance ?,formation
Est-il possible de savoir comment demander un report d’admission ?,procedure_administrative
"Petite question : Où se trouve la centre de santé , c’est urgent ?",service_campus
"Pardon, quelle est la politique concernant le rattrapage d’examen ?",reglement
Est-il possible de savoir quels sont les prérequis pour le Master Psychologie ?,formation
J’aimerais savoir : Y a-t-il un règlement spécifique pour les stages ?,reglement
Est-il possible de savoir comment demander un report d’admission ?,procedure_administrative
Quelle est la date limite pour l’inscription aux cours ?,procedure_administrative
Combien d’absences sont autorisées avant une sanction ?,reglement
Pourriez-vous me dire : Quelles sont les UE obligatoires pour le Master Psychologie ?,formation
Où soumettre la demande de carte étudiante ?,procedure_administrative
Pourriez-vous me dire : Quels sont les horaires d’ouverture de la gymnase  ??,service_campus
Comment demander un report d’admission ?,procedure_administrative
Petite question : Où déposer mon dossier pour payer mes frais de scolarité ?,procedure_administrative
J’aimerais savoir : Quand a lieu le prochain cours de littérature moderne ?,emploi_du_temps
Combien de créditsfaut-il pour se spécialiser en Philosophie ?,formation
"Quelles sont les UE obligatoires pour le Licence Histoire , c’est urgent ?",formation
À quelle heure commencent les TD de littérature moderne  ??,emploi_du_temps
Pourriez-vous me dire : Existe-t-il un minimum de crédits ou de moyenne par semestre ?,reglement
Pourriez-vous m’indiquer le créneau de psychologie cognitive ?,emploi_du_temps
"S'il vous plaît, où consulter le code de conduite des étudiants , c’est urgent ?",reglement
"Pourriez-vous me dire : Où puis-je imprimer mes documents sur le campus , si possible ?",service_campus
"Excusez-moi, Quelle est la politique concernant le retards ?",reglement
Existe-t-il un minimum de crédits ou de moyenne par semestre ?,reglement
Comment demander un report d’admission … ?,procedure_administrative
J’aimerais savoir : Pourriez-vous m’indiquer le créneau de programmation Python ?,emploi_du_temps
"Excusez-moi, Y a-t-il un règlement spécifique pour les stages ?! ?",reglement
Quels documents sont requis pour un changement de parcours ?,procedure_administrative
"Bonsoir, Y a-t-il un règlement spécifique pour les stages ?",reglement
"Excusez-moi, J’aimerais savoir : Quelle est la politique concernant le plagiat ?",reglement
"S'il vous plaît, est-il possible de savoir y a-t-il un règlement spécifique pour les stages ?",reglement
"J’aimerais savoir : Quels sont les horaires d’ouverture de la gymnase , merci d’avance ?",service_campus
"Excusez-moi, Y a-t-il un règlement spécifique pour les stages ?",reglement
"Le Wi-Fi ne fonctionne pas, que puis-je faire ?",service_campus
"Est-il possible de savoir quel est l’horaire du cours de analyse de données avec le professeur Anderson , si possible ?",emploi_du_temps
"Puis-je changer de majeure ou de spécialisation en cours d’année , pour la semaine prochaine ?",formation
Quels documeeents sont requis pour un changement de parcours ?,procedure_administrative
J’aimerais savoir : Quelles sont les règles pour le retrait d’un cours ?,reglement
J’aimerais savoir : Où consulter le code de conduite des étudiants ?,reglement
"Où soumettre la demande de carte étudiante , si possible ?",procedure_administrative
"S'il vous plaît, J’aimerais savoir quand se déroule le cours de programmation Python. ?",emploi_du_temps
"Pourriez-vous me dire : quelle est la date limite pour l’abandon d’une ue , si possible ?",procedure_administrative
"Bonjour, J’aimerais savoir : Où se trouve la gymnase ?",service_campus
Est-il possible de savoir puis-je changer de majeure ou de spécialisation en cours d’année ?,formation
J’aimerais savoir : Où soumettre la demande de carte étudiante ?,procedure_administrative
Où se trouve la bibliothèque centrale ?,service_campus
Quel est l’horaire du cours de microéconomie avec le prrrofesseur Martin ?,emploi_du_temps
J’aimerais savoir : Quelles sont les matières principales en Biologie ?,formation
"Bonjour, Puis-je changer de majeure ou de spécialisation en cours d’année ?",formation
J’aimerais savoir : Quelle est la politique concernant le absence aux cours ?,reglement
Pourriez-vous me dire : Où déposer mon dossier pour payer mes frais de scolarité ?,procedure_administrative
Quelle est la date limite pour l’inscription aux cours ?,procedure_administrative
"Bonsoir, j’aimerais savoir : Où consulter le code de conduite des étudiants ?",reglement
J’aimerais savoir quand se déroule le cours de microéconomie. ?,emploi_du_temps
"Pardon, Quelles sont les matières principales en Biologie  !?",formation
Où se trouve la gymnase ?,service_campus
Où déposer mon dossier pour candidater pour la remise de diplôme ?,procedure_administrative
Où puis-je imprimer mes documents sur le campus ?,service_campus
Quelles sont les règles pour le retrait d’un cours ?,reglement
Puis-je réserver une salle de travail ou un terrain de sport ?,service_campus
"S'il vous plaît, Combien de crédits faut-il pour se spécialiser en Biologie ?",formation
"Bonsoir, Comment réussir le prochain module de statistiques ?",formation
"Pardon, j’aimerais savoir : où puis-je imprimer mes documents sur le campus , merci d’avance ?",service_campus
Comment demander un report d’admission ?,procedure_administrative
Est-il possible de savoir comment réussir le prochain module de statistiques ?,formation
"Comment réussir le prochain module de statistiques , c’est urgent ?",formation
"Comment obtenir une convention de stage , pour la semaine prochaine ?",procedure_administrative
Quelle est la date limite pour l’inscription aux cours ?,procedure_administrative
Pourriez-vous me dire : Comment demander un relevé   officiel ?,procedure_administrative
Où soumettre la demande de carte étudiante ?,procedure_administrative
Pourriez-vous me dire : Quelles sont les matières principales en Philosophie ?,formation
Est-il possible de savoir comment demander un report d’admission ?,procedure_administrative
Combien de crédits faut-il pour se spécialiser en Lettres modernes ?,formation
J’aimerais savoir : J’aimerais savoir quand se déroule le cours de psychologie cognitive ?,emploi_du_temps
Puis-je changer de majeure ou de spécialisation en cours d’année ?,formation
"Petite question : le portail étudiant ne fonctionne pas, que puis-je faire ?",service_campus
Est-il possible de savoir pourriez-vous m’indiquer le créneau de droit public ?,emploi_du_temps
Petite question : est-il possible de savoir où se trouve la gymnase ?,service_campus
"S'il vous plaît, Quelles sont les UE obligatoires pour le Parcours Data Science ?",formation
Quel est l’horaire du cours de statistiques appliquées avec le professeur Dupont … ?,emploi_du_temps
"Bonsoir, Pouvez-vous me donner l’emploi du temps du semestre de printemps pour droit public … ?",emploi_du_temps
"Bonjour, puis-je réserver une salle de travail ou un terrain de sport , merci d’avance ?",service_campus
"J’ai perdu mes clés, où se situe le bureau des objets trouvés ?",service_campus
Quels sont les prérequis pour le Parcours Data Science ?,formation
Puis-je changer de majeure ou de spécialisation en cours d’année ?,formation
"Pourriez-vous me dire : Pourriez-vous m’indiquer le créneau de littérature moderne , pour la semaine prochaine ?",emploi_du_temps
Que se passe-t-il en cas de triche à un examen ?,reglement
"Bonjour, quels documents sont requis pour un changement de parcours ?",procedure_administrative
J’aimerais savoir : Où déposer mon dossier pour obtenir une convention de stage ?,procedure_administrative
Petite question : Est-il possible de savoir combien de crédits faut-il pour se spécialiser en Philosophie … ?,formation
"Excusez-moi, comment demander un report d’admission ?! ?",procedure_administrative
"Pourriez-vous me dire : J’ai perdu mes clés, où se situe le bureau des objets trouvés ?",service_campus
"S'il vous plaît, pourriez-vous me dire : Où se trouve la bibliothèque centrale ?",service_campus
J’aimerais savoir : Où et à quelle heure est mon cours du jeudi à 14h00 ?,emploi_du_temps
"Quand a lieu le prochain cours de robotique , c’est urgent ?",emploi_du_temps
Où se trouve la maison des étudiants ?,service_campus
Petite question : Quels sont les horaires d’ouverture de la maison des étudiants ?,service_campus
Pouvez-vous me donner l’emploi du temps du semestre de été pour programmation Python ?,emploi_du_temps
J’aimerais savoir : Combien d’absences sont autorisées avant une sanction ?,reglement
Est-il possible de savoir quelles sont les matières principales en Philosophie ?,formation
Comment demander un report d’admission ?,procedure_administrative
J’aimerais savoir quand se déroule le cours de littérature moderne. ?,emploi_du_temps
"Excusez-moi, que se passe-t-il en cas de triche à un examen , pour la semaine prochaine  ??",reglement
"Est-il possible de savoir puis-je changer de majeure ou de spécialisation en cours d’année , pour la semaine prochaine ?",formation
"S'il vous plaît, J’aimerais savoir : Combien d’absences sont autorisées avant une sanction , c’est urgent ?",reglement
Comment demander un report d’admission ?,procedure_administrative
"Excusez-moi, pourriez-vous me dire : Comment demander un report d’admission ?! ?",procedure_administrative
J’aimerais savoir : Puis-je changer de majeure ou de spécialisation en cours d’année ?,formation
"Bonjour, quelles sont les UE obligatoires pour le Licence Histoire ?",formation
"Bonsoir, Est-il possible de savoir quand a lieu le prochain cours de psychologie cognitive , si possible ?",emploi_du_temps
Où soumettre la demande de carte étudiante ?,procedure_administrative
Quelle est la politique concernant le absence aux cours ?,reglement
"Bonjour, Où se trouve la bureau des carrières ?",service_campus
J’aimerais savoir quand se deroule le cours de droit public. — merci d’avance ?,emploi_du_temps
Pourriez-vous me dire : Où puis-je imprimer mes documents sur le campus ?,service_campus
"Le portail étudiant ne fonctionne pas, que puis-je faire , pour aujourd’hui ?",service_campus
Quelles sont les UE obligatoires pour le Licence Histoire ?,formation
Pourriez-vous me dire : Quel est l’horaire du cours de statistiques appliquées avec le professeur Bennani ?,emploi_du_temps
J’aimerais savoir : Où et à quelle heure est mon cours du mardi à 14h00 ?,emploi_du_temps
"Excusez-moi, quelles sont les UE obligatoires pour le Master Robotique ?",formation
Petite question : j’aimerais savoir quand se déroule le cours de robotique. ?,emploi_du_temps
Combien d’absences sont autorisées avant une sanction ?,reglement
Quelle est la politique concernant le absence aux cours ?,reglement
"Bonsoir, Que se passe-t-il en cas de triche à un examen ?",reglement
Pourriez-vous me dire : Quelle est la politique concernant le retards ?,reglement
Est-il possible de savoir quelle est la politique concernant le probation académique ?,reglement
"Bonsoir, où se trouve la service logement ?",service_campus
Où se trouve la service logement ?,service_campus
"Est-il possible de savoir à quelle heure commencent les TD de droit public , si possible ?",emploi_du_temps
"S'il vous plaît, pourriez-vous me dire : Quelle est la politique concernant le rattrapage d’examen ?",reglement
Est-il possible de savoir existe-t-il un minimum de crédits ou de moyenne par semestre  !?,reglement
Quels documents sont requis pour un changement de parcours ?,procedure_administrative
Pourriez-vous me dire : Quand a lieu le prochain cours de statistiques appliquées ?,emploi_du_temps
Pourriez-vous m’indiquer le créneau de analyse de données ?,emploi_du_temps
Où et à quelle heure est mon cours du mercredi à 16h30 ?,emploi_du_temps
Puis-je réserver une salle de travail ou un terrain de sport ?,service_campus
"Que se passe-t-il en cas de triche à un examen , merci d’avance ?",reglement
Est-il possible de savoir quels documents sont requis pour un changement de parcours ?,procedure_administrative
J’aimerais savoir : Y a-t-il un règlement spécifique pour les stages ?,reglement
"Combien d’absences sont autorisées avant une sanction , pour la semaine prochaine ?",reglement
J’aimerais savoir quand se déroule le cours de psychologie cognitive. — pour la semaine prochaine ?,emploi_du_temps
"Pardon, combien de crédits faut-il pour se spécialiser en Lettres modernes ?",formation
Pourriez-vous me dire : Quelle est la politique concernant le absence aux cours ?,reglement
Pouvez-vous me donner l’emploi du temps du semestre de été pour chimie organique ?,emploi_du_temps
Est-il possible de savoir à quelle heure commencent les TD de microéconomie ?,emploi_du_temps
"S'il vous plaît, Comment me connecter au portail étudiant de l’université ?",service_campus
Est-il possible de savoir puis-je réserver une salle de travail ou un terrain de sport ?,service_campus
"Le ENT ne fonctionne pas, que puis-je faire ?",service_campus
Quelles sont les matières principales en Psychologie ?! ?,formation
Quels sont les prérequis pour le Parcours Data Science ?,formation
Pourriez-vous me dire : Quels documents sont requis pour un changement de parcours ?,procedure_administrative
À quelle heure commencent les TD de analyse de données ?,emploi_du_temps
"S'il vous plaît, Est-il possible de savoir combien de crédits faut-il pour se spécialiser en Psychologie ?",formation
Est-il possible de savoir où puis-je imprimer mes documents sur le campus ?,service_campus
Où consulter le code de conduite des étudiants ?,reglement
"Excusez-moi, Comment demander un report d’admission ?",procedure_administrative
Pourriez-vous me dire : Comment me connecter au VPN de l’université ?,service_campus
Quels documents sont requis pour un changement de parcours ?,procedure_administrative
Quelle est la date limite pour la demande d’aide financière ?,procedure_administrative
"Bonjour, pourriez-vous me dire : Quelle est la politique concernant le plagiat , si possible ?",reglement
Est-il possible de savoir que se passe-t-il en cas de triche à un examen ?,reglement
Petite question : comment me connecter au ent de l’université ?,service_campus
Combien d’absences sont autorisées avant une sanction  ??,reglement
Est-il possible de savoir combien de crédits faut-il pour se spécialiser en Philosophie ?,formation
J’aimerais savoir : Comment demander un report d’admission ?,procedure_administrative
Quelle est la politique concernant le absence aux cours ?,reglement
J’aimerais savoir : Où déposer mon dossier pour obtenir une convention de stage ?,procedure_administrative
Comment candidater pour la remise de diplôme ?,procedure_administrative
J’aimerais savvvoir : Quel est l’horaire du cours de littérature moderne avec le professeur Leroy ?,emploi_du_temps
Quelle est la date limite pour la demande d’aide financière ?,procedure_administrative
Comment demander un report d’admission ?,procedure_administrative
J’aimerais savoir : Comment réussir le prochain module de statistiques ?,formation
Pourriez-vous me dire : Quand a lieu le prochain cours de analyse de données ?,emploi_du_temps
"S'il vous plaît, pourriez-vous m’indiquer le créneau de biologie cellulaire ?",emploi_du_temps
"Quelle est la politique concernant le retards , pour aujourd’hui ?",reglement
Où se trouve la maison des étudiants ?,service_campus
J’aimerais savoir : J’aimerais savoir quand se déroule le cours de biologie cellulaire ?,emploi_du_temps
"Bonsoir, Que se passe-t-il en cas de triche à un examen ?",reglement
Où déposer mon dossier pour candidater pour la remise de diplôme ?,procedure_administrative
Pourriez-vous me dire : Que se passe-t-il en cas de triche à un examen ?,reglement
Petite question : est-il possible de savoir quel est l’horaire du cours de programmation Python avec le professeur Leroy ?,emploi_du_temps
J’aimerais savoir quand se déroule le cours de microéconomie. ?,emploi_du_temps
"S'il vous plaît, Comment réussir le prochain module de statistiques , merci d’avance ?",formation
"Est-il possible de savoir comment payer mes frais de scolarité , merci d’avance ?",procedure_administrative
"Bonsoir, Quels sont les horaires d’ouverture de la centre de santé ?",service_campus
Est-il possible de savoir que se passe-t-il en cas de triche à un examen ?,reglement
"Pardon, Quels documents sont requis pour un changement de parcours ?",procedure_administrative
Est-il possible de savoir quel est l’horaire du cours de chimie organique avec le professeur Leroy ?,emploi_du_temps
Pourriez-vous m’indiquer le créneau de littérature moderne ?,emploi_du_temps
"S'il vous plaît, où soumettre la demande de carte étudiante , si possible ?",procedure_administrative
"Est-il possible de savoir comment réussir le prochain module de statistiques , si possible ?",formation
Pourriez-vous me dire : Quelles sont les règles pour le retrait d’un cours ?! ?,reglement
"Bonsoir, quelle est la date limite pour la demande d’aide financière ?",procedure_administrative
J’aimerais savoir : Où et à quelle heure est mon cours du lundi à 10h00 ?,emploi_du_temps
Est-il possible de savoir où puis-je imprimer mes documents sur le campus ?,service_campus
Puis-je changer de majeure ou de spécialisation en cours d’année ?,formation
"J’ai perdu mes clés, où se situe le bureau des objets trouvés ?",service_campus
"Excusez-moi, comment réussir le prochain module de statistiques ?",formation
"Bonsoir, comment me connecter au portail étudiant de l’université ?",service_campus
"Excusez-moi, où et à quelle heure est mon cours du mercredi à 14h00 ?",emploi_du_temps
Quels sont les horaires d’ouverture de la bureau des carrières  ??,service_campus
"S'il vous plaît, comment demander unreport d’admission ?",procedure_administrative
Est-il possible de savoir où déposer mon dossier pour obtenir une convention de stage ?,procedure_administrative
"S'il vous plaît, Comment réussir le prochain module de statistiques , c’est urgent ?",formation
Quels documents sont requis pour un changement de parcours ?,procedure_administrative
"Quelles sont les UE obligatoires pour le Licence Histoire , si possible ?",formation
À quelle heure commencent les TD de robotique ?,emploi_du_temps
"Puis-je réserver une salle de travail ou un terrain de sport , merci d’avance ?",service_campus
"Excusez-moi, Existe-t-il un minimum de crédits ou de moyenne par semestre ?",reglement
Pouvez-vous me donner l’emploi du temps du semestre de été pour littérature moderne ?,emploi_du_temps
Puis-je changer de majeure ou de spécialisation en cours d’année ?,formation
Que se passe-t-il en cas de triche à un examen ?,reglement
"Bonjour, J’aimerais savoir : Quels documents sont requis pour un changement de parcours , c’est urgent ?",procedure_administrative
J’aimerais savoir : Quelles sont les règles pour le retrait d’un cours  !?,reglement
Quels sont les prérequis pour le Licence Histoire ?,formation
Pourriez-vous me dire : Combien de crédits faut-il pour se spécialiser en Philosophie … ?,formation
J’aimerais savoir : Existe-t-il un minimum de crédits ou de moyenne par semestre ?,reglement
"J’ai perdu mes cles, ou se situe le bureau des objets trouves ?",service_campus
Puis-je réserver une salle de travail ou un terrain de sport ?,service_campus
Est-il possible de savoir où et à quelle heurrre est mon cours du mercredi à 14h00 ?,emploi_du_temps
"S'il vous plaît, à quelle heure commencent les TD de analyse de données ?",emploi_du_temps
Quand a lieu le prochain cours de algèbre avancée ?! ?,emploi_du_temps
"Bonsoir, Est-il possible de savoir où soumettre la demande de carte étudiante ?",procedure_administrative
"J’ai perdu mes clés, où se situe le bureau des objets trouvés ?",service_campus
J’aimerais savoir : Quelles sont les règles pour le retrait d’un cours ?,reglement
J’aimerais savoir : Puis-je changer de majeure ou de spécialisation en cours d’année ?,formation
"Où se trouve la gymnase , si possible ?",service_campus
"Pardon, où puis-je imprimer mes documents sur le campus … ?",service_campus
J’aimerais savoir : Existe-t-il un minimum de crédits ou de moyenne par semestre ?,reglement
Pourriez-vous me dire : J’aimerais savoir quand se déroule le cours de psychologie cognitive ?,emploi_du_temps
Pourriez-vous me dire : Pourriez-vous m’indiquer le créneau de statistiques appliquées ?,emploi_du_temps
"Excusez-moi, que se passe-t-il en cas de triche à un examen ?",reglement
Puis-je réserver une salle de travail ou un terrain de sport ?,service_campus
"Puis-je réserver une salle de travail ou un terrain de sport , pour la semaine prochaine ?",service_campus
Pourriez-vous m’indiquer le créneau de analyse de données ?,emploi_du_temps
"Est-il possible de savoir où et à quelle heure est mon cours du vendredi à 14h00 , merci d’avance ?",emploi_du_temps
"Bonjour, Commmment me connecter au ENT de l’université ?",service_campus
J’aimerais savoir : Où se trouve la service logement ?,service_campus
Quel est l’horaire du cours de algèbre avancée avec le professeur Dupont ?,emploi_du_temps
J’aimerais savoir quand se déroule le cours de algèbre avancée. ?,emploi_du_temps
"S'il vous plaît, Pourriez-vous me dire : Quels sont les prérequis pour le Master Robotique ?",formation
Quelle est la date limite pour l’abandon d’une UE ?,procedure_administrative
Comment demander un report d’admission ?,procedure_administrative
"Pourriez-vous me dire : Quand a lieu le prochain cours de économie , pour la semaine prochaine ?",emploi_du_temps
"Est-il possible de savoir existe-t-il un minimum de crédits ou de moyenne par semestre , pour la semaine prochaine ?",reglement
"Est-il possible de savoir quelle est la date limite pour l’abandon d’une UE , c’est urgent ?! ?",procedure_administrative
Pourriez-vous me dire : Quel est l’horaire du cours de microéconomie avec le professeur Leroy ?,emploi_du_temps
Quels documents sont requis pour un changement de parcours ?,procedure_administrative
Où déposer mon dossier pour payer mes frais de scolarité ?,procedure_administrative
Quels documents sont requis pour un changement de parcours ?,procedure_administrative
Pourriez-vous me dire : Que se passe-t-il en cas de triche à un examen ?,reglement
"Pardon, Comment payer mes frais de scolarité ?",procedure_administrative
Comment obtenir une convention de stage ?,procedure_administrative
Quelle est la date limite pour l’inscription aux cours  ??,procedure_administrative
"J’ai perdu mes clés, où se situe le bureau des objets trouvés … ?",service_campus
"Quelle est la date limite pour l’abandon d’une UE , c’est urgent ?",procedure_administrative
"Bonsoir, comment demander un report d’admission ?",procedure_administrative
Quelles sont les UE obligatoires pour le Master Psychologie ?,formation
"S'il vous plaît, Combien de crédits faut-il pour se spécialiser en Lettres modernes ?",formation
Quelle est la politique concernant le retards ?,reglement
Y a-t-il un règlement spécifique pour les stages ?,reglement
Où déposer mon dossier pour candidater pour la remise de diplôme ?,procedure_administrative
Est-il possible de savoir puis-je réserver une salle de travail ou un terrain de sport ?,service_campus
J’aimerais savoir : comment candidater pour la remise de diplôme ?,procedure_administrative
Pourriez-vous me dire : Existe-t-il un minimum de crédits ou de moyenne par semestre ?,reglement
"Bonjour, j’aimerais savoir : Combien de crédits faut-il pour se spécialiser en Biologie ?",formation
J’aimerais savoir : Où déposer mon dossier pour demander un relevé officiel ?,procedure_administrative
"Bonsoir, quel est l’horaire du cours de analyse de données avec le professeur Leroy ?",emploi_du_temps
Est-il possible de savoir quelle est la date limite pour l’inscription aux cours ?,procedure_administrative
Quels sont les prérequis pour le Parcours Data Science ?,formation
Comment réussir le prochain module de statistiques ?,formation
Est-il possible de savoir pouvez-vous me donner l’emploi du temps du semestre de été pour littérature moderne ?,emploi_du_temps
"Pourriez-vous m’indiquer le créneau de biologie cellulaire , merci d’avance ?",emploi_du_temps
Pourriez-vous me dire : Comment mettre à jour mon adresse ?,procedure_administrative
Où puis-je imprimer mes documents sur le campus ?,service_campus
"Où se trouve la centre de santé , pour la semaine prochaine ?",service_campus
J’aimerais savoir : combien de crédits faut-il pour se spécialiser en philosophie ?,formation
Est-il possible de savoir comment payer mes frais de scolarité ?,procedure_administrative
Y a-t-il un règlement spécifique pour les stages ?,reglement
J’aimerais savoir : Puis-je réserver une salle de travail ou un terrain de sport  !?,service_campus
Pourriez-vous me dire : Où consulter le code de conduite des étudiants ?,reglement
Pourriez-vous me dire : Quels sont les horaires d’ouverture de la service logement ?,service_campus
"Quelles sont les UE obligatoires pour le Licence Histoire , c’est urgent ?",formation
"Bonjour, où soumettre la demande de carte étudiante ?",procedure_administrative
Petite question : Où soumettre la demande de carte étudiante ?,procedure_administrative
"Pouvez-vous me donner l’emploi du temps du semestre de été pour analyse de données , pour la semaine prochaine ?",emploi_du_temps
"Puis-je changer de majeure ou de spécialisation en cours d’année , si possible ?",formation
Petite question : pouvez-vous me donner l’emploi du temps du semestre de automne pour programmation python ?,emploi_du_temps
Petite question : pourriez-vous m’indiquer le créneau de robotique ?,emploi_du_temps
Petite question : Est-il possible de savoir combien d’absences sont autorisées avant une sanction  !?,reglement
"Pardon, À quelle heure commencent les TD de programmation Python , merci d’avance ?",emploi_du_temps
Quel est l’horaire du cours de microéconomie avec le professeur Moreau ?,emploi_du_temps
J’aimerais savoir quand se déroule le cours de chimie organique. ?,emploi_du_temps
Que se passe-t-il en cas de triche à un examen ?,reglement
"S'il vous plaît, j’aimerais savoir quand se déroule le cours de robotique. — pour la semaine prochaine ?",emploi_du_temps
Quelles sont les matières principales en Philosophie ?,formation
Où déposer mon dossier pour demander un relevé officiel ?,procedure_administrative
Pourriez-vous me dire : Y a-t-il un règlement spécifique pour les stages ?,reglement
"Est-il possible de savoir combien de crédits faut-il pour se spécialiser en Psychologie , si possible ?",formation
"Pardon, j’aimerais savoir : Le Wi-Fi ne fonctionne pas, que puis-je faire ?",service_campus
"Excusez-moi, pourriez-vous me dire : Y a-t-il un règlement spécifique pour les stages ?",reglement
"Bonsoir, comment réussir le prochain module de statistiques ?",formation
J’aimerais savoir : Puis-je changer de majeure ou de spécialisation en cours d’année  !?,formation
Pourriez-vous me dire : Quels documents sont reeequis pour un changement de parcours ?,procedure_administrative
Quels sont les horaires d’ouverture de la bureau des carrières ?,service_campus
Petite question : puis-je réserver une salle de travail ou un terrain de sport ?,service_campus
"Bonsoir, j’aimerais savoir quand se déroule le cours de littérature moderne. ?",emploi_du_temps
Pourriez-vous me dire : Y a-t-il un règlement spécifique pour les stages ?,reglement
J’aimerais savoir : Puis-je réserver une salle de travail ou un terrain de sport ?,service_campus
"Pourriez-vous me dire : Où et à quelle heure est mon cours du mardi à 16h30 , pour la semaine prochaine ?",emploi_du_temps
"Pardon, pourriez-vous me dire : Comment payer mes frais de scolarité ?",procedure_administrative
Comment renouveler ma carte étudiante ?,procedure_administrative
Comment réussir le prochain module de statistiques ?,formation
J’aimerais savoir quand se déroule le cours de algèbre avancée. ?,emploi_du_temps
Est-il possible de savoir quelles sont les UE obligatoires pour le Master Psychologie ?,formation
Est-il possible de savoir pourriez-vous m’indiquer le créneau de droit public ?,emploi_du_temps
Combien de crédits faut-il pour se spécialiser en Informatique ?,formation
"Quels sont les horaires d’ouverture de la gymnase , si possible ?",service_campus
"Excusez-moi, existe-t-il un minimum de crédits ou de moyenne par semestre ?",reglement
"Où déposer mon dossier pour payer mes frais de scolarité , c’est urgent ?",procedure_administrative
Où puis-je imprimer mes documents sur le campus ?,service_campus
"Comment demander un report d’admission , merci d’avance ?",procedure_administrative
Quand a lieu le prochain cours de biologie cellulaire ?,emploi_du_temps
"Est-il possible de savoir où consulter le code de conduite des étudiants , merci d’avance ?",reglement
Que se passe-t-il en cas de triche à un examen ?,reglement
"Bonjour, quelles sont les matières principales en Lettres modernes ?",formation
Quelle est la politique concernant le absence aux cours ?,reglement
"Bonsoir, J’aimerais savoir : Comment demander un relevé officiel ?",procedure_administrative
Quelles sont les matières principales en Lettres modernes ?,formation
"Où et à quelle heure est mon cours du jeudi à 16h30 , pour la semaine prochaine ?",emploi_du_temps
Comment demander un report d’admission ?,procedure_administrative
Est-il possible de savoir quelles sont les règles pour le retrait d’un cours  !?,reglement
"Excusez-moi, où et à quelle heure est mon cours du vendredi à 16h30 ?",emploi_du_temps
Quelles sont les UE obligatoires pour le MBA Finance ?,formation
"Pardon, Où puis-je imprimer mes documents sur le campus , c’est urgent ?",service_campus
Quelles sont les matières principales en Philosophie ?,formation
"J’aimerais savoir : Quel est l’horaire du cours de littérature moderne avec le professeur Nguyen , merci d’avance ?",emploi_du_temps
"Bonjour, comment réussir le prochain module de statistiques ?",formation
Pourriez-vous me dire : Existe-t-i un minimum de crédits ou de moyenne par semestre ?,reglement
J’aimerais savoir quand se déroule le cours de droit public. — pour la semaine prochaine ?,emploi_du_temps
"J’aimerais savoir : Pourriez-vous m’indiquer le créneau de algèbre avancée , pour aujourd’hui ?",emploi_du_temps
"Pardon, J’aimerais savoir quand se déroule le cours de littérature moderne. ?",emploi_du_temps
Quels sont les horaires d’ouverture de la maison des étudiants ?,service_campus
Comment demander un report d’admission … ?,procedure_administrative
Puis-je réserver une salle de travail ou un terrain de sport ?,service_campus
Est-il possible de savoir quelles sont les règles pour le retrait d’un cours ?,reglement
"J’aimerais savoir : Pourriez-vous m’indiquer le créneau de programmation Python , pour aujourd’hui ?",emploi_du_temps
Quel est l’horaire du cours de robotique avec le professeur Nguyen ?,emploi_du_temps
Quels sont les horaires d’ouverture de la bureau des carrières ?,service_campus
Existe-t-il un minimum de crédits ou de moyenne par semestre ?,reglement
"Pardon, où consulter le code de conduite des étudiants ?",reglement
Est-il possible de savoir puis-je changer de majeure ou de spécialisation en cours d’année ?,formation
"Pardon, Comment réussir le prochain module de statistiques ?",formation
Pourriez-vous me dire : Quels sont les horaires d’ouverture de la bureau des carrières ?,service_campus
Est-il possible de savoir puis-je réserver une salle de travail ou un terrain de sport ?,service_campus
"Bonsoir, Comment demander un report d’admission , pour la semaine prochaine ?",procedure_administrative
J’aimerais savoir : Y a-t-il un règlement spécifique pour les stages ?,reglement
J’aimerais savoir quand se déroule le cours de statistiques appliquées. ?,emploi_du_temps
"Bonsoir, Quelles sont les UE obligatoires pour le Licence Histoire , pour la semaine prochaine … ?",formation
"Bonjour, Pourriez-vous me dire : Puis-je réserver une salle de travail ou un terrain de sport  ??",service_campus
"Pourriez-vous me dire : J’ai perdu mes clés, où se situe le bureau des objets trouvés ?",service_campus
"Bonsoir, Où soumettre la demande de carte étudiante ?",procedure_administrative
"Bonjour, combien d’absences sont autorisées avant une sanction ?",reglement
Quelles sont les matières principales en Lettres modernes ?,formation
"Est-il possible de savoir j’ai perdu mes clés, où se situe le bureau des objets trouvés , pour la semaine prochaine ?",service_campus
Pourriez-vous me dire : Puis-je réserver une salle de travail ou un terrain de sport ?,service_campus
Où puis-je imprimer mes documents sur le campus  !?,service_campus
"Bonjour, Comment réussir le prochain module de statistiques ?! ?",formation
Petite question : j’aimerais savoir : Quelle est la politique concernant le rattrapage d’examen ?,reglement
Que se passe-t-il en cas de triche à un examen  ??,reglement
"S'il vous plaît, quels sont les prérequis pour le Parcours Data Science ?",formation
"Pourriez-vous me dire : Comment demander un report d’admission , si possible ?",procedure_administrative
"Est-il possible de savoir le portail étudiant ne fonctionne pas, que puis-je faire ?",service_campus
Quelle est la date limite pour la demande d’aide financière ?,procedure_administrative
Quel est l’horaire du cours de économie avec le professeur Martin ?,emploi_du_temps
Comment réussir le prochain module de statistiques ?,formation
Est-il possible de savoir quelles sont les matières principales en Informatique  ??,formation
"J’ai perdu mes clés, où se situe le bureau des objets trouvés ?",service_campus
"Où soumettre la demande de carte étudiante , merci d’avance ?",procedure_administrative
"Bonjour, Pourriez-vous me dire : Quelle est la date limite pour l’inscription aux cours ?",procedure_administrative
Que se passe-t-il en cas de triche à un examen ?,reglement
Pourriez-vous m’indiquer le créneau de littérature moderne … ?,emploi_du_temps
Quelle est la politique concernant le probation académique ?,reglement
"Bonsoir, Pourriez-vous me dire : Où déposer mon dossier pour candidater pour la remise de diplôme ?",procedure_administrative
"Le ENT ne fonctionne pas, que puis-je faire , pour la semaine prochaine ?",service_campus
Comment demander un report d’admission ?,procedure_administrative
"J’ai perdu mes clés, où se situe le bureau des objets trouvés , pour la semaine prochaine ?",service_campus
"Petite question : le portail étudiant ne fonctionne pas, que puis-je faire ?",service_campus
Quelle est la date limite pour la demande d’aide financière ?,procedure_administrative
"Pourriez-vous me dire : Où consulter le code de conduite des étudiants , c’est urgent ?",reglement
Pourriez-vous me dire : J’aimerais savoir quand se déroule le cours de littérature moderne ?,emploi_du_temps
"Bonsoir, j’aimerais savoir : Où déposer mon dossier pour renouveler ma carte étudiante ?",procedure_administrative
"Quand a lieu le prochain cours de robotique , pour aujourd’hui ?",emploi_du_temps
Est-il possible de savoir où soumettre la demande de carte étudiante ?,procedure_administrative
Combien de crédits faut-il pour se spécialiser en Biologie ?! ?,formation
"Bonsoir, Y a-t-il un règlement spécifique pour les stages , pour aujourd’hui ?",reglement
J’aimerais savoir : Que se passe-t-il en cas de triche à un examen ?,reglement
Où puis-je imprimer mes documents sur le campus ?,service_campus
Petite question : pourriez-vous me dire : Où déposer mon dossier pour payer mes frais de scolarité ?,procedure_administrative
"Pourriez-vous me dire : J’aimerais savoir quand se déroule le cours de analyse de données , pour la semaine prochaine ?",emploi_du_temps
J’aimerais savoir : Quels documents sont requis pour un changement de parcours ?,procedure_administrative
Pourriez-vous me dire : Comment demander un report d’admission ?,procedure_administrative
Comment me connecter au Wi-Fi de l’université … ?,service_campus
Quelle est la politique concernant le absence aux cours ?,reglement
Quel est l’horaire du cours de économie avec le professeur Dupont ?,emploi_du_temps
Comment demander un report d’admission ?,procedure_administrative
Pouvez-vous me donner l’emploi du temps du semestre de été pour algèbre avancée ?,emploi_du_temps
Comment demander un report d’admission ?,procedure_administrative
Existe-t-il un minimum de crédits ou de moyenne par semestre ?,reglement
"Pourriez-vous me dire : Comment demander un report d’admission , pour aujourd’hui ?",procedure_administrative
Pourriez-vous me dire : Puis-je réserver une salle de travail ou un terrain de sport ?,service_campus
"Bonjour, à quelle heure commencent les TD de littérature moderne ?",emploi_du_temps
"S'il vous plaît, Quels documents sont requis pour un changement de parcours ?",procedure_administrative
Quelles sont les règles pour le retrait d’un cours ?,reglement
"Quelle est la date limite pour l’inscription aux cours , si possible ?",procedure_administrative
"Comment réussir le prochain module de statistiques , merci d’avance ?",formation
Comment payer mes frais de scolarité ?,procedure_administrative
Quelles sont les UE obligatoires pour le Licence Histoire ?,formation
Comment me connecter au ENT de l’université ?,service_campus
Quels documents sont requis pour un changement de parcours ?,procedure_administrative
"Bonsoir, Pourriez-vous me dire : À quelle heure commencent les TD de statistiques appliquées , si possible  !?",emploi_du_temps
"Où consulter le code de conduite des étudiants , merci d’avance ?",reglement
J’aimerais savoir : Quelle est la politique concernant le plagiat ?,reglement
Petite question : Pourriez-vous me dire : Où soumettre la demande de carte étudiante ?,procedure_administrative
J’aimerais savoir : Quelle est la politique concernant le absence aux cours ?,reglement
"Comment payer mes frais de scolarité , merci d’avance ?",procedure_administrative
J’aimerais savoir : Où puis-je imprimer mes documents sur le campus  !?,service_campus
Quand a lieu le prochain cours de microéconomie ?,emploi_du_temps
Où soumettre la demande de carte étudiante ?,procedure_administrative
À quelle heure commencent les TD de microéconomie ?,emploi_du_temps
"Excusez-moi, comment demander un report d’admission ?",procedure_administrative
Est-il possible de savoir quels documents sont requis pour un changement de parcours ?,procedure_administrative
Où se trouve la centre de santé ?,service_campus
"Excusez-moi, est-il possible de savoir quels sont les horaires d’ouverture de la centre de santé , pour la semaine prochaine ?",service_campus
"Est-il possible de savoir le ENT ne fonctionne pas, que puis-je faire ?",service_campus
Pourriez-vous me dire : Quelle est la politique concernant le rattrapage d’examen ?,reglement
Où se trouve la service logement ?,service_campus
Petite question : Y a-t-il un règlement spécifique pour les stages ?,reglement
J’aimerais savoir : Y a-t-il un règlement spécifique pour les stages ?,reglement
"Bonsoir, j’aimerais savoir : Quels documents sont requis pour un changement de parcours ?",procedure_administrative
"J’aimerais savoir : Quelle est la politique concernant le rattrapage d’examen , si possible ?",reglement
"Bonsoir, quels sont les prérequis pour le Parcours Data Science ?",formation
Pouvez-vous me donner l’emploi du temps du semestre de automne pour biologie cellulaire ?,emploi_du_temps
J’aimerais savoir : Pouvez-vous me donner l’emploi du temps du semestre de printemps pour algèbre avancée ?,emploi_du_temps
"Pardon, Quelles sont les matières principales en Biologie ?",formation
À queeelle heure commencent les TD de robotique ?,emploi_du_temps
"Le portail étudiant ne fonctionne pas, que puis-je faire ?",service_campus
Où consulter le code de conduite des étudiants ?,reglement
Que se passe-t-il en cas de triche à un examen ?,reglement
"Bonjour, j’aimerais savoir : Comment me connecter au Wi-Fi de l’université , c’est urgent ?",service_campus
Quel est l’horaire du cours de chimie organique avec le professeur Nguyen ?,emploi_du_temps
Comment réussir le prochain module de statistiques ?,formation
"S'il vous plaît, Combien d’absecnes sont autorisées avant une sanction ?",reglement
Petite question : Est-il possible de savoir où et à quelle heure est mon cours du lundi à 10h00 ?,emploi_du_temps
"Pardon, comment demander un relevé officiel ?",procedure_administrative
Pourriez-vous me dire : Quel est l’horaire du cours de robotique avec le professeur Dupont ?,emploi_du_temps
Que se passe-t-il en cas de triche à un examen ?,reglement
"Petite question : pourriez-vous me dire : Où déposer mon dossier pour demander un relevé officiel , pour la semaine prochaine  ??",procedure_administrative
Quelles sont les règles pour le retrait d’un cours ?,reglement
Pourriez-vous me dire : Combien d’absences sont autorisées avant une sanction ?,reglement
"Petite question : Est-il possible de savoir existe-t-il un minimum de crédits ou de moyenne par semestre , pour la semaine prochaine ?",reglement
Comment demander un report d’admission ?,procedure_administrative
Pouvez-vous me donner l’emploi du temps du semestre de été pour robotique ?,emploi_du_temps
"Pardon, où soumettre la demande de carte étudiante ?",procedure_administrative
"S'il vous plaît, pouvez-vous me donner l’emploi du temps du semestre de printemps pour algèbre avancée ?",emploi_du_temps
Où puis-je imprimer mes documents sur le campus ?,service_campus
"Combien d’absences sont autorisées avant une sanction , pour la semaine prochaine ?",reglement
"Pardon, y a-t-il un règlement spécifique pour les stages ?",reglement
J’aimerais savoir quand se déroule le cours de programmation Python. ?,emploi_du_temps
"Pardon, comment demander un report d’admission ?",procedure_administrative
Pourriez-vous me dire : À quelle heure commencent les TD de analyse de données ?,emploi_du_temps
Où soumettre la demande de carte étudiante ?,procedure_administrative
Quelles sont les matières principales en Biologie ?,formation
"Comment renouveler ma carte étudiante , pour la semaine prochaine ?",procedure_administrative
"Excusez-moi, où soumettre la demande de carte étudiante ?",procedure_administrative
Est-il possible de savoir quand a lieu le prochain cours de biologie cellulaire ?,emploi_du_temps
"J’ai perdu mes clés, où se situe le bureau des objets trouvés , pour la semaine prochaine  !?",service_campus
Existe-t-il un minimum de crédits ou de moyenne par semestre ?,reglement
"Excusez-moi, où et à quelle heure est mon cours du mercredi à 16h30 ?",emploi_du_temps
Comment réussir le prochain module de statistiques ?,formation
J’aimerais savoir : Quel est l’horaire du cours de analyse de données avec le professeur Nguyen ?,emploi_du_temps
Est-il possible de savoir où déposer mon dossier pour demander un relevé officiel ?,procedure_administrative
Quand a lieu le prochain cours de statistiques appliquées ?,emploi_du_temps
Quelle est la date limite pour l’inscription aux cours ?,procedure_administrative
Pourriez-vous me dire : Puis-je réserver une salle de travail ou un terrain de sport ?,service_campus
Petite question : Pourriez-vous m’indiquer le créneau de chimie organique ?,emploi_du_temps
Quels sont les prérequis pour le Licence Histoire ?,formation
Puis-je changer de majeure ou de spécialisation en cours d’année ?,formation
Comment demander un report d’admission ?,procedure_administrative
Puis-je réserver une salle de travail ou un terrain de sport ?,service_campus
Quels sont les prérequis pour le MBA Finance ?,formation
Quelles sont les UE obligatoires pour le Master Psychologie ?,formation
Quelles sont les matières principales en Psychologie ?,formation
Comment demander uuun report d’admission  ??,procedure_administrative
"J’aimerais savoir : Pourriez-vous m’indiquer le créneau de statistiques appliquées , pour aujourd’hui ?",emploi_du_temps
Pouvez-vous me donner l’emploi du temps du semestre de automne pour psychologie cognitive ?,emploi_du_temps
"J’ai perdu mes clés, où se situe le bureau des objets trouvés , pour aujourd’hui ?",service_campus
Petite question : J’aimerais savoir : Où soumettre la demande de carte étudiante ?,procedure_administrative
Y a-t-il un règlement spécifique pour les stages ?,reglement
Puis-je réserver une salle de travail ou un terrain de sport ?,service_campus
Pourriez-vous me dire : Où soumettre la demande de carte étudiante … ?,procedure_administrative
"Pourriez-vous m’indiquer le créneau de économie , pour aujourd’hui ?",emploi_du_temps
J’aimerais savoir : Quel est l’horaire du cours de programmation Python avec le professeur Dubois ?,emploi_du_temps
Où déposer mon dossier pour payer mes frais de scolarité ?,procedure_administrative
Comment renouveler ma carte étudiante ?,procedure_administrative
"Excusez-moi, j’aimerais savoir quand se déroule le cours de biologie cellulaire. ?",emploi_du_temps
"Pourriez-vous me dire : Où consulter le code de conduite des étudiants , pour aujourd’hui ?",reglement
Quelles sont les matières principales en Informatique ?,formation
J’aimerais savoir : Comment réussir le prochain module de statistiques ?,formation
J’aimerais savoir quand se déroule le cours de économie. ?,emploi_du_temps
"Le ENT ne fonctionne pas, que puis-je faire ?",service_campus
"Pardon, comment obtenir une convention de stage , merci d’avance ?",procedure_administrative
Petite question : puis-je réserver une salle de travail ou un terrain de sport ?,service_campus
Est-il possible de savoir existe-t-il un minimum de crédits ou de moyenne par semestre ?,reglement
Pourriez-vous me dire : Quelles sont les UE obligatoires pour le MBA Finance ?,formation
Comment me connecter au Wi-Fi de l’université ?,service_campus
Pourriez-vous me dire : Que se passe-t-il en cas de triche à un examen ?,reglement
"S'il vous plaît, à quelle heure commencent les TD de économie ?",emploi_du_temps
Pourriez-vous me dire : Où soumettre la demande de carte étudiante ?,procedure_administrative
"Excusez-moi, j’aimerais savoir quand se déroule le cours de économie. ?",emploi_du_temps
Où déposer mon dossier pour demander un relevé officiel ?,procedure_administrative
Est-il possible de savoir où puis-je imprimer mes documents sur le capmus ?,service_campus
Est-il possible de savoir quels documents sont requis pour un changement de parcours ?,procedure_administrative
"Est-il possible de savoir où déposer mon dossier pour obtenir une convention de stage , pour la semaine prochaine ?",procedure_administrative
Pourriez-vous me dire : Quels documents sont requis pour un changement de parcours ?,procedure_administrative
Puis-je changer de majeure ou de spécialisation en cours d’année ?,formation
J’aimerais savoir : Quelle est la politique concernant le plagiat ?,reglement
Quand a lieu le prochain cours de psychologie cognitive ?,emploi_du_temps
"Pardon, Pourriez-vous me dire : Où puis-je imprimer mes documents sur le campus ?",service_campus
Où déposer mon dossier pour demander un relevé officiel ?,procedure_administrative
"Bonsoir, pourriez-vous me dire : Où déposer mon dossier pour renouveler ma carte étudiante ?",procedure_administrative
"Excusez-moi, est-il possible de savoir quelle est la date limite pour l’inscription aux cours , si possible ?! ?",procedure_administrative
"Bonsoir, Quelle est la date limite pour la demande d’aide financière ?",procedure_administrative
Quand a lieu le prochain cours de algèbre avancée  !?,emploi_du_temps
"Pardon, Quelle est la politique concernant le rattrapage d’examen ?",reglement
"Bonsoir, Quelle est la date limite pour la demande d’aide financière  !?",procedure_administrative
Quels sont les horaires d’ouverture de la centre de santé ?,service_campus
Quelles sont les matières principales en Lettres modernes ?,formation
"J’aimerais savoir : Quels sont les prérequis pour le Parcours Data Science , merci d’avance ?",formation
"J’ai perdu mes clés, où se situe le bureau des objets trouvés ?",service_campus
"Puis-je changer de majeure ou de spécialisation en cours d’année , pour aujourd’hui ?",formation
Pourriez-vous me dire : Existe-t-il un minimum de crédits ou de moyenne par semestre ?,reglement
"Bonjour, Quand a lieu le prochain cours de algèbre avancée ?",emploi_du_temps
Quelle est la date limite pour l’abandon d’une UE ?,procedure_administrative
Puisje réserver une salle de travail ou un terrain de sport ?,service_campus
J’aimerais savoir quand se déroule le cours de programmation Python. — pour aujourd’hui ?,emploi_du_temps
Puis-je réserver une salle de travail ou un terrain de sport ?,service_campus
J’aimerais savoir : Comment réussir le prochain module de statistiques ?,formation
Pourriez-vous me dire : Puis-je réserver une salle de travail ou un terrain de sport ?,service_campus
J’aimerais savoir : où se trouve la centre de santé ?,service_campus
Quelle est la politique concernant le plagiat ?,reglement
"Pardon, Quels documents sont requis pour un changement de parcours ?",procedure_administrative
Est-il possible de savoir quand a lieu le prochain cours de microéconomie ?,emploi_du_temps
Quels sont les prérequis pour le Parcours Dattta Science ?,formation
Comment demnder un report d’admission ?,procedure_administrative
"Pardon, puis-je changer de majeure ou de spécialisation en cours d’année ?",formation
Petite question : à quelle heure commencent les TD de algèbre avancée ?,emploi_du_temps
Est-il possible de savoir où consulter le code de conduite des étudiants ?,reglement
Puis-je réserver une salle de travail ou un terrain de sport ?,service_campus
Quels documents sont requis pour un changement de parcours ?,procedure_administrative
Quelles sont les matières principales en Informatique ?,formation
"S'il vous plaît, Le ENT ne fonctionne pas, que puis-je faire ?",service_campus
"Comment me connecter au portail étudiant de l’université , si possible ?",service_campus
"Pardon, Pourriez-vous me dire : Où et à quelle heure est mon cours du lundi à 8h30 ?",emploi_du_temps
"J’ai perdu mes clés, où se situe le bureau des objets trouvés ?",service_campus
Où et à quelle heure est mon cours du mardi à 8h30 ?,emploi_du_temps
"Combien d’absences sont autorisées avant une sanction , merci d’avance ?",reglement
Où et à quelle heure est mon cours du mercredi à 8h30  !?,emploi_du_temps
J’aimerais savoir quand se déroule le cours de analyse de données. ?,emploi_du_temps
Où soumettre la demande de carte étudiante ?,procedure_administrative
À quelle heure commencent les TD de microéconomie ?,emploi_du_temps
"Quelles sont les UE obligatoires pour le Master Robotique , pour aujourd’hui ?",formation
"Petite question : Est-il possible de savoir quelles sont les règles pour le retrait d’un cours , pour aujourd’hui ?",reglement
Est-il possible de savoir quels sont les horaires d’ouverture de la service logement ?,service_campus
Où déposer mon dossier pour payer mes frais de scolarité ?,procedure_administrative
À quelle heure commencent les TD de biologie cellulaire ?,emploi_du_temps
"Bonsoir, Combien d’absences sont autorisées avant une sanction ?",reglement
Pourriez-vous m’indiquer le créneau de psychologie cognitive ?,emploi_du_temps
"J’aimerais savoir : Où soumettre la demande de carte étudiante , pour aujourd’hui ?",procedure_administrative
"J’ai perdu mes clés, où se situe le bureau des objets trouvés ?",service_campus
"Pardon, à quelle heure commencent les TD de biologie cellulaire ?",emploi_du_temps
Petite question : Quelles sont les règles pour le retrait d’un cours ?,reglement
Quels sont les horaires d’ouverture de la bureau des carrières ?,service_campus
Quels documents sont requis pour un changement de parcours … ?,procedure_administrative
Combien d’absences sont autorisées avant une sanction ?,reglement
Pourriez-vous me dire : Quand a lieu le prochain cours de statistiques appliquées ?,emploi_du_temps
Quelle est la date limite pour la demande d’aide financière ?,procedure_administrative
Comment demander un report d’admission ?,procedure_administrative
J’aimerais savoir : Pourriez-vous m’indiquer le créneau de droit public ?,emploi_du_temps
"Pardon, J’aimerais savoir : Quelles sont les UE obligatoires pour le MBA Finance ?",formation
"Pardon, que se passe-t-il en cas de triche à un examen ?",reglement
"Est-il possible de savoir quels sont les horaires d’ouverture de la bibliothèque centrale , c’est urgent ?",service_campus
"Pardon, où et à quelle heure est mon cours du vendredi à 14h00 ?",emploi_du_temps
"J’aimerais savoir : À quelle heure commencent les TD de analyse de données , pour la semaine prochaine ?",emploi_du_temps
Que se passe-t-il en cas de triche à un examen ?,reglement
J’aimerais savoir : Que se passe-t-il en cas de triche à un examen ?,reglement
Puis-je changer de majeure ou de spécialisation en cours d’année ?,formation
J’aimerais savoir : Comment me connecter au portail étudiant de l’université ?,service_campus
Pourriez-vous me dire : Puis-je changer de majeure ou de spécialisation en cours d’année ?,formation
Quel est l’horaire du cours de algèbre avancée avec le professeur Bennani ?,emploi_du_temps
"J’aimerais savoir : Pourriez-vous m’indiquer le créneau de algèbre avancée , pour aujourd’hui ?",emploi_du_temps
Où déposer mon dossier pour payer mes frais de scolarité ?,procedure_administrative
Petite question : J’aimerais savoir : Quel est l’horaire du cours de droit public avec le professeur Dupont ?,emploi_du_temps
Que se passe-t-il en cas de triche à un examen ?,reglement
Est-il possible de savoir quels documents sont requis pour un changement de parcours ?,procedure_administrative
Combien de crédits faut-il pour se spécialiser en lettres modernes ?,formation
"Bonjour, comment me connecter au ENT de l’université ?",service_campus
Quel est l’horaire du cours de droit public avec le professeur Anderson ?! ?,emploi_du_temps
"Où déposer mon dossier pour mettre à jour mon adresse , merci d’avance ?",procedure_administrative
"Excusez-moi, Où consulter le code de conduite des étudiants  !?",reglement
"Bonsoir, J’aimerais savoir : Quels documents sont requis pour un changement de parcours ?",procedure_administrative
Est-il possible de savoir où déposer mon dossier pour demander un relevé officiel ?! ?,procedure_administrative
"Pouvez-vous me donner l’emploi du temps du semestre de automne pour programmation Python , pour la semaine prochaine  ??",emploi_du_temps
"Quels documents sont requis pour un changement de parcours , pour aujourd’hui ?",procedure_administrative
Est-il possible de savoir où consulter le code de conduite des étudiants ?,reglement
Pouvez-vous me donner l’emploi du temps du semestre de été pour littérature moderne … ?,emploi_du_temps
"Pourriez-vous m’indiquer le créneau de statistiques appliquées , c’est urgent ?",emploi_du_temps
"Quelles sont les règles pour le retrait d’un cours , merci d’avance ?",reglement
"S'il vous plaît, J’aimerais savoir : Où et à quelle heure est mon cours du mardi à 8h30 , merci d’avance ?",emploi_du_temps
"S'il vous plaît, Est-il possible de savoir quelles sont les matières principales en Lettres modernes ?",formation
J’aimerais savoir quand se déroule le cours de économie. ?,emploi_du_temps
"Est-il possible de savoir quels sont les prerequis pour le MBA Finance , merci d’avance ?",formation
Où se trouve la service logement ?,service_campus
À quelle heure commencent les TD de droit public ?,emploi_du_temps
Où se trouve la maison des étudiants ?,service_campus
Comment renouveler ma carte étudiante ?,procedure_administrative
Combien d’absences sont autorisées avant une sanction ?,reglement
J’aimerais savoir quand se déroule le cours de littérature moderne. ?,emploi_du_temps
Où déposer mon dossier pour mettre à jour mon adresse ?,procedure_administrative
Où déposer mon dossier pour demander un relevé officiel … ?,procedure_administrative
"Bonjour, Quel est l’horaire du cours de économie avec le professeur Nguyen … ?",emploi_du_temps
Quelle est la date limite pour l’abandon d’une UE ?,procedure_administrative
"S'il vous plaît, j’aimerais savoir : quelles sont les matières principales en lettres modernes ?",formation
Où soumettre la demande de carte étudiante ?,procedure_administrative
"Bonsoir, pourriez-vous me dire : À quelle heure commencent les TD de biologie cellulaire ?",emploi_du_temps
"Bonsoir, où se trouve la maison des étudiants ?",service_campus
"Excusez-moi, puis-je changer de majeure ou de spécialisation en cours d’année … ?",formation
Quelles sont les matières principales en Informatique ?,formation
"Bonjour, Quel est l’horaire du cours de littérature moderne avec le professeur Leroy , c’est urgent ?",emploi_du_temps
À quelle heure commencent les TD de psychologie cognitive ?,emploi_du_temps
"Le portail etudiant ne fonctionne pas, que puis-je faire ?",service_campus
"Bonsoir, comment réussir le prochain module de statistiques ?",formation
Y a-t-il un règlement spécifique pour les stages ?,reglement
J’aimerais savoir : J’aimerais savoir quand se déroule le cours de statistiques appliquées ?,emploi_du_temps
À quelle heure commencent les TD de littérature moderne ?,emploi_du_temps
Est-il possible de savoir pourriez-vous m’indiquer le créneau de biologie cellulaire ?,emploi_du_temps
Pourriez-vous me dire : Où puis-je imprimer mes documents sur le campus ?! ?,service_campus
"Pardon, est-il possible de savoir pouvez-vous me donner l’emploi du temps du semestre de automne pour analyse de données ?",emploi_du_temps
"Pardon, est-il possible de savoir pouvez-vous me donner l’emploi du temps du semestre de été pour biologie cellulaire ?",emploi_du_temps
Quelles sont les UE obligatoires pour le MBA Finance ?! ?,formation
"Pardon, Pourriez-vous me dire : Comment demander un report d’admission ?",procedure_administrative
Pourriez-vous me dire : Où soumettre la demande de carte étudiante  ??,procedure_administrative
"Excusez-moi, comment demander un report d’admission ?",procedure_administrative
Quels sont les horaires d’ouverture de la service logement ?,service_campus
Où soumettre la demande de carte étudiante ?,procedure_administrative
Où consulter le code de conduite des étudiants ?,reglement
"Où déposer mon dossier pour payer mes frais de scolarité , pour aujourd’hui ?",procedure_administrative
Puis-je réserver une salle de travail ou un terrain de sport … ?,service_campus
"S'il vous plaît, Où consulter le code de conduite des étudiants , c’est urgent ?",reglement
"J’aimerais savoir : Comment reussir le prochain module de statistiques , c’est urgent ?",formation
Est-il possible de savoir quels documents sont requis pour un changement de parcours ?,procedure_administrative
"Pourriez-vous me dire : Combien d’absences sont autorisées avant une sanction , merci d’avance ?",reglement
Quelle est la date limite pour l’abandon d’une UE ?,procedure_administrative
"Pardon, Où soumettre la demande de carte étudiante ?",procedure_administrative
"Est-il possible de savoir quelles sont les UE obligatoires pour le Master Psychologie , pour aujourd’hui ?",formation
Est-il possible de savoir comment réussir le prochain module de statistiques ?,formation
Combien de crédits faut-il pour se spécialiser en Psychologie ?,formation
Petite question : Où puis-je imprimer mes documents sur le campus ?,service_campus
"S'il vous plaît, Quelle est la politique concernant le probation académique , si possible ?",reglement
J’aimerais savoir quand se déroule le cours de psychologie cognitive. ?,emploi_du_temps
"Excusez-moi, est-il possible de savoir puis-je changer de majeure ou de spécialisation en cours d’année ?",formation
J’aimerais savoir : Où puis-je imprimer mes documents sur le campus ?,service_campus
Petite question : Pourriez-vous me dire : Quelle est la date limite pour l’inscription aux cours  !?,procedure_administrative
Combien de crédits faut-il pour se spécialiser en philosophie ?,formation
"J’aimerais savoir : Quelle est la date limite pour l’inscription aux cours , pour la semaine prochaine ?",procedure_administrative
"Bonjour, où soumettre la demande de carte étudiante ?",procedure_administrative
"Bonsoir, pourriez-vous me dire : Existe-t-il un minimum de crédits ou de moyenne par semestre ?",reglement
Petite question : Combien de crédits faut-il pour se spécialiser en Lettres modernes ?,formation
"Petite question : quelles sont les matières principales en Psychologie , si possible ?",formation
Quels documents sont requis pour un changement de parcours ?,procedure_administrative
Pourriez-vous me dire : Comment réussir le prochain module de statistiques ?,formation
Quels documents sont requis pour un changement de parcours ?,procedure_administrative
"Y a-t-il un règlement spécifique pour les stages , si possible ?",reglement
Puis-je réserver une salle de travail ou un terrain de sport ?,service_campus
"J’aimerais savoir : quels documents sont requis pour un changement de parcours , pour aujourd’hui ?",procedure_administrative
"Est-il possible de savoir où consulter le code de conduite des étudiants , merci d’avance ?",reglement
Est-il possible de savoir pourriez-vous m’indiquer le créneau de robotique ?,emploi_du_temps
Comment me connecter au portail étudiant de l’université ?,service_campus
"Bonsoir, comment réussir le prochain module de statistiques ?",formation
"Pourriez-vous me dire : Quels documents sont requis pour un changement de parcours , si possible ?",procedure_administrative
Petite question : Est-il possible de savoir pouvez-vous me donner l’emploi du temps du semestre de été pour littérature moderne ?,emploi_du_temps
Pourriez-vous me dire : Quand a lieu le prochain cours de statistiques appliquées ?,emploi_du_temps
"Bonsoir, Quelles sont les règles pour le retrait d’un cours ?",reglement
"Est-il possible de savoir j’aimerais savoir quand se déroule le cours de droit public , c’est urgent … ?",emploi_du_temps
"Où déposer mon dossier pour renouveler ma carte étudiante , pour la semaine prochaine ?",procedure_administrative
Où consulter le code de conduite des étudiants ?,reglement
Où consulter le code de conduite des étudiants ?,reglement
"Pourriez-vous me dire : Comment me connecter au VPN de l’université , merci d’avance ?",service_campus
"Petite question : pouvez-vous me donner l’emploi du temps du semestre de printemps pour psychologie cognitive , c’est urgent ?",emploi_du_temps
"S'il vous plaît, pourriez-vous me dire : Puis-je réserver une salle de travail ou un terrain de sport ?",service_campus
Quelle est la date limite pour l’inscription aux cours ?,procedure_administrative
Quand a lieu le prochain cours de algèbre avancée ?,emploi_du_temps
Quels sont les prérequis pour le Master Robotique ?,formation
Pourriez-vous m’indiquer le créneau de microéconomie ?,emploi_du_temps
Où déposer mon dossier pour payer mes frais de scolarité ?,procedure_administrative
"Bonsoir, est-il possible de savoir à quelle heure commencent les TD de statistiques appliquées ?! ?",emploi_du_temps
Quels sont les horaires d’ouverture de la bibliothèque centrale ?,service_campus
Quelles sont les matières principales en Philosophie ?,formation
Quelles sont les règles pour le retrait d’un cours ?,reglement
"Est-il possible de savoir quelles sont les UE obligatoires pour le Master Robotique , c’est urgent ?",formation
Quel est l’horaire du cours de robotique avec le professeur Dupont ?,emploi_du_temps
"Bonjour, J’aimerais savoir : Le VPN ne fonctionne pas, que puis-je faire , pour aujourd’hui ?",service_campus
"Puis-je changer de majeure ou de spécialisation en cours d’année , pour aujourd’hui ?",formation
Pourriez-vous me dire : J’aimerais savoir quand se déroule le cours de droit public ?,emploi_du_temps
Que se passe-t-il en cas de triche à un examen ?,reglement
Quelle est la politique concernant le retards ?,reglement
Pourriez-vous me dire : Quels sont les horaires d’ouverture de la bureau des carrières ?,service_campus
J’aimerais savoir : Quelle est la politique concernant le probation académique ?,reglement
Est-il possible de savoir puis-je réserver une salle de travail ou un terrain de sport ?,service_campus
"Bonsoir, Où consulter le code deee conduite des étudiants ?",reglement
Comment me connecter au portail étudiant de l’université ?,service_campus
"Bonsoir, Existe-t-il un minimum de crédits ou de moyenne par semestre ?",reglement
Combien d’absences sont autorisées avant une sanction ?,reglement
"J’aimerais savoir : Où et à quelle heure est mon cours du jeudi à 14h00 , pour la semaine prochaine ?",emploi_du_temps
J’aimerais savoir quand se déroule le cours de chimie organique. ?,emploi_du_temps
J’aimerais savoir : Où et à quelle heure est mon cours du jeudi à 10h00 ?,emploi_du_temps
Où se trouve la service logement ?,service_campus
"Bonsoir, j’aimerais savoir : Combien de crédits faut-il pour se spécialiser en Biologie ?",formation
Combien d’absences sont autorisées avant une sanction ?,reglement
Quelle est la politique concernant le probation académique ?,reglement
"J’aimerais savoir : Quel est l’horaire du cours de psychologie cognitive avec le professeur Martin , pour la semaine prochaine ?",emploi_du_temps
Pourriez-vous m’indiquer le créneau de programmation Python ?,emploi_du_temps
Où soumettrel a demande de carte étudiante ?,procedure_administrative
"Pourriez-vous me dire : Puis-je réserver une salle de travail ou un terrain de sport , pour la semaine prochaine ?",service_campus
"Bonsoir, est-il possible de savoir où et à quelle heure est mon cours du jeudi à 16h30 ?",emploi_du_temps
Où soumettre la demande de carte étudiante ?,procedure_administrative
"Bonjour, J’aimerais savoir : Comment renouveler ma carte étudiante ?",procedure_administrative
Que se passe-t-il en cas de triche à un examen ?,reglement
Pourriez-vous me dire : Combien d’absences sont autorisées avant une sanction ?! ?,reglement
Puis-je réserver une salle de travail ou un terrain de sport ?,service_campus
Est-il possible de savoir quelles sont les règles pour le retrait d’un cours ?,reglement
Est-il possible de savoir où se trouve la bureau des carrières ?,service_campus
Pourriez-vous me dire : Quelles sont les règles pour le retrait d’un cours ?,reglement
Combien d’absences sont autorisées avant une sanction ?,reglement
"Pardon, quels sont les prérequis pour le Parcours Data Science ?",formation
Comment réussir le prochain module de statistiques ?,formation
Existe-t-il un minimum de crédits ou de moyenne par semestre ?,reglement
"Pardon, Est-il possible de savoir quelle est la date limite pour l’inscription aux cours ?",procedure_administrative
"Pardon, J’aimerais savoir : Quel est l’horaire du cours de biologie cellulaire avec le professeur Anderson ?",emploi_du_temps
Quels sont les prérequis pour le Licence Histoire ?,formation
"Bonsoir, Que se passe-t-il en cas de triche à un examen ?",reglement
"Comment me connecter au VPN de l’université , c’esturgent ?",service_campus
Pourriez-vous me dire : Où et à quelle heure est mon cours du mardi à 8h30 ?,emploi_du_temps
"Pourriez-vous me dire : Que se passe-t-il en cas de triche à un examen , pour aujourd’hui ?",reglement
Est-il possible de savoir quels sont les prérequis pour le Master Psychologie ?,formation
"Où consulter le code de conduite des étudiants , merci d’avance ?",reglement
"Le VPN ne fonctionne pas, que puis-je faire ?",service_campus
Comment renouveler ma carte étudiante ?,procedure_administrative
Pourriez-vous me dire : Comment réussir le prochain module de statistiques ?,formation
Quelles sont les règles pour le retrait d’un cours … ?,reglement
Pourriez-vous me dire : Pourriez-vous m’indiquer le créneau de programmation Python ?,emploi_du_temps
Où soumettre la demande de carte étudiante ?,procedure_administrative
Pourriez-vous me dire : Quelles sont les matières principales en Informatique ?,formation
Est-il possible de savoir puis-je changer de majeure ou de spécialisation en cours d’année ?,formation
"Puis-je changer de majeure ou de spécialisation en cours d’aaannée , merci d’avance ?",formation
Quand a lieu le prochain cours de droit public ?,emploi_du_temps
"Pourriez-vous me dire : Y a-t-il un règlement spécifique pour les stages , c’est urgent ?",reglement
"Puis-je réserver une salle de travail ou un terrain de sport , merci d’avance ?",service_campus
"Comment demander un report d’admission , c’est urgent ?",procedure_administrative
Combien de crédits faut-il pour se spécialiser en Informatique … ?,formation
Comment me connecter au VPN de l’université ?,service_campus
"Où et à quelle heure est mon cours du mercredi à 8h30 , c’est urgent  !?",emploi_du_temps
"Excusez-moi, Le VPN ne fonctionne pas, que puis-je faire ?",service_campus
Quelles sont les matières principales en Psychologie ?,formation
"Le Wi-Fi ne fonctionne pas, que puis-je faire ?",service_campus
"Quels sont les prérequis pour le Licence Histoire , pour la semaine prochaine ?",formation
Quand a lieu le prochain cours de chimie organique  ??,emploi_du_temps
À quelle heure commencent les TD de psychologie cognitive ?,emploi_du_temps
"S'il vous plaît, Y a-t-il un règlement spécifique pour les stages ?",reglement
"J’aimerais savoir : Quels documents sont requis pour un changement de parcours , merci d’avance ?",procedure_administrative
Où déposer mon dossier pour payer mes frais de scolarité ?,procedure_administrative
J’aimerais savoir : Existe-t-il un minimum de crédits ou de moyenne par semestre ?,reglement
J’aimerais savoir : Quels sont les prérequis pour le Master Robotique ?,formation
"S'il vous plaît, Quels sont les horaires d’ouverture de la bibliothèque centrale , merci d’avance ?",service_campus
"Bonjour, quelles sont les règles pour le retrait d’un cours ?",reglement
J’aimerais savoir : Combien d’absences sont autorisées avant une sanction ?,reglement
Pourriez-vous me dire : Pouvez-vous me donner l’emploi du temps du semestre de automne pour robotique ?,emploi_du_temps
"Pardon, quelles sont les règles pour le retrait d’un cours ?",reglement
"S'il vous plaît, J’aimerais savoir : Combien de crédits faut-il pour se spécialiser en Informatique ?",formation
Quelle est la date limite pour l’inscription aux cours ?,procedure_administrative
Où déposer mon dossier pour payer mes frais de scolarité ?,procedure_administrative
Combien d’absences sont autorisées avant une sanction ?,reglement
Puis-je réserver une salle de travail ou un terrain de sport  ??,service_campus
Est-il possible de savoir que se passe-t-il en cas de triche à un examen ?,reglement
"S'il vous plaît, Quels documents sont requis pour un changement de parcours , merci d’avance ?",procedure_administrative
Pourriez-vous me dire : Quels sont les horaires d’ouverture de la bibliothèque centrale ?,service_campus
Combien de crédits faut-il pour se spécialiser en Psychologie ?,formation
Où consulter le code de conduite des étudiants ?,reglement
J’aimerais savoir : Quelle est la date limite pour l’abandon d’une UE ?,procedure_administrative
À quelle heure commencent les TD de psychologie cognitive ?,emploi_du_temps
"Bonsoir, J’aimerais savoir : Comment mettre à jour mon adresse , pour la semaine prochaine ?",procedure_administrative
"Bonsoir, est-il possible de savoir quelle est la date limite pour l’abandon d’une UE , merci d’avance ?",procedure_administrative
"Pourriez-vous me dire : J’ai perdu mes clés, où se situe le bureau des objets trouvés ?",service_campus
"S'il vous plaît, quels sont les horaires d’ouverture de la bureau des carrières ?",service_campus
"Pourriez-vous me dire : Où se trouve la gymnase , si possible ?",service_campus
Pourriez-vous me dire : Quelles sont les matières principales en Informatique ?,formation
Comment obtenir une convention de stage ?,procedure_administrative
Existe-t-il un minimum de crédits ou de moyenne par semestre ?,reglement
J’aimerais savoir : Comment demander un report d’admission ?,procedure_administrative
"Quels documents sont requis pour un changement de parcours , merci d’avance ?",procedure_administrative
"Combien de crédits faut-il pour se spécialiser en Lettres modernes , pour aujourd’hui ?",formation
Pourriez-vous me dire : Quand a lieu le prochain cours de statistiques appliquées ?,emploi_du_temps
"Bonjour, pourriez-vous me dire : Quelles sont les matières principales en Lettres modernes ?! ?",formation
Pourriez-vous m’indiquer le créneau de algèbre avancée ?,emploi_du_temps
Comment me connecter au VPN de l’université ?,service_campus
Petite question : combien d’absences sont autorisées avant une sanction ?,reglement
"S'il vous plaît, À quelle heure commencent les TD de psychologie cognitive ?",emploi_du_temps
"Comment me connecter au ENT de l’université , pour la semaine prochaine ?",service_campus
Est-il possible de savoir pouvez-vous me donner l’emploi du temps du semestre de printemps pour psychologie cognitive ?,emploi_du_temps
Comment réussir le prochain module de statistiques ?,formation
Comment demander un report d’admission  !?,procedure_administrative
Comment demander un report d’admission ?,procedure_administrative
"Excusez-moi, Où consulter le code de conduite des étudiants ?",reglement
"Est-il possible de savoir quelle est la politique concernant le probation académique , si possible ?",reglement
Combien d’absences sont autorisées avant une sanction ?,reglement
Pourriez-vous me dire : Quels documents sont requis pour un changement de parcours ?,procedure_administrative
Comment me connecter au Wi-Fi de l’université ?,service_campus
J’aimerais savoir : Où puis-je imprimer mes documents sur le campus ?,service_campus
Quelle est la date limite pour la demande d’aide financière ?,procedure_administrative
Combien de crédits faut-il pour se spécialiser en Psychologie ?,formation
Petite question : quelles sont les matières principales en Lettres modernes ?,formation
J’aimerais savoir : Où déposer mon dossier pour candidater pour la remise de diplôme ?,procedure_administrative
Pourriez-vous me dire : Quelles sont les matières principales en Philosophie ?,formation
"Bonjour, Quand a lieu le prochain cours de psychologie cognitive ?",emploi_du_temps
"J’ai perdu mes clés, où se situe le bureau des objets trouvés ?",service_campus
Combien d’absences sont autorisées avant une sanction  !?,reglement
Existe-t-il un minimum de crédits ou de moyenne par semestre ?,reglement
Quelle est la politique concernant le retards ?,reglement
Pourriez-vous me dire : Où puis-je imprimer mes documents sur le campus ?,service_campus
"Bonjour, Où consulter le code de conduite des étudiants , pour aujourd’hui ?",reglement
J’aimerais savoir : Comment candidater pour la remise de diplôme ?,procedure_administrative
Où soumettre la demande de carte étudiante ?,procedure_administrative
"Bonsoir, comment demander un report d’admission ?",procedure_administrative
Quand a lieu le prochain cours de robotique ?! ?,emploi_du_temps
Où soumettre la demande de carte étudiante ?,procedure_administrative
Quel est l’horaire du cours de microéconomie avec le professeur dubois ?,emploi_du_temps
"Excusez-moi, j’aimerais savoir : Quelles sont les règles pour le retrait d’un cours ?",reglement
Est-il possible de savoir où consulter le code de conduite des étudiants ?,reglement
Combien d’absences sont autorisées avant une sanction ?,reglement
Pourriez-vous me dire : Pourriez-vous m’indiquer le créneau de statistiques appliquées ?,emploi_du_temps
"Où et à quelle heure est mon cours du vendredi à 8h30 , pour aujourd’hui ?",emploi_du_temps
"Bonsoir, à quelle heure commencent les TD de statistiques appliquées ?",emploi_du_temps
Que se passe-t-il en cas de triche à un examen ?,reglement
Pourriez-vous me dire : À quelle heure commencent les TD de chimie organique ?,emploi_du_temps
J’aimerais savoir : Puis-je changer de majeure ou de spécialisation en cours d’année ?,formation
Pourriez-vous me dire : Existe-t-il un minimum de crédits ou de moyenne par semestre ?,reglement
Est-il possible de savoir quels documents sont requis pour un changement de parcours ?,procedure_administrative
Où soumettre la demande de carte étudiante ?,procedure_administrative
Pourriez-vous m’indiquer le créneau de littérature moderne ?,emploi_du_temps
Comment obtenir une conveniton de stage ?,procedure_administrative
"Bonsoir, pourriez-vous me dire : Combien d’absences sont autorisées avant une sanction ?",reglement
"Quels documents sont requis pour un changement de parcours , c’est urgent ?",procedure_administrative
Quels sont les prérequis pour le Parcours Data Science ?,formation
J’aimerais savoir : Y a-t-il un règlement spécifique pour les stages ?,reglement
Puis-je réserver une salle de travail ou un terrain de sport ?,service_campus
"Où consulter le code de conduite des étudiants , pour la semaine prochaine ?",reglement
"Excusez-moi, J’aimerais savoir : Quelles sont les règles pour le retrait d’un cours ?",reglement
J’aimerais savoir : Quels documents sont requis pour un changement de parcours ?,procedure_administrative
Où et à quelle heure est mon cours du mardi à 16h30 ?,emploi_du_temps
Est-il possible de savoir comment payer mes frais de scolarité ?,procedure_administrative
"Quelle est la politique concernant le absence aux cours , merci d’avance ?",reglement
"Petite question : Comment demander un report d’admission , si possible ?",procedure_administrative
Combien d’absences sont autorisées avant une sanction ?,reglement
"Bonsoir, où puis-je imprimer mes documents sur le campus ?",service_campus
"S'il vous plaît, J’aimerais savoir : Pourriez-vous m’indiquer le créneau de robotique , c’est urgent ?",emploi_du_temps
Quelles sont les matières principales en Psychologie ?,formation
"Bonsoir, combien de crédits faut-il pour se spécialiser en Biologie , pour aujourd’hui ?",formation
"J’ai perdu mes clés, où se situe le bureau des objets trouvés ?",service_campus
Est-il possible de savoir où consulter le code de conduite des étudiants ?,reglement
Où et à quelle heure est mon cours du mardi à 10h00 ?,emploi_du_temps
Pourriez-vous me dire : Ou se trouve la centre de sante ?,service_campus
Où déposer mon dossier pour mettre à jour mon adresse ?,procedure_administrative
"S'il vous plaît, Quels sont les horaires d’ouverture de la service logement ?",service_campus
"Quelles sont les matières principales en Psychologie , si possible ?",formation
"Petite question : quand a lieu le prochain cours de droit public , pou rla semaine prochaine ?",emploi_du_temps
Pourriez-vous me dire : Quels sont les prérequis pour le Parcours Data Science ?,formation
"Excusez-moi, J’aimerais savoir : Puis-je changer de majeure ou de spécialisation en cours d’année ?",formation
J’aimerais savoir : Combien d’absences sont autorisées avant une sanction ?,reglement
"Pourriez-vous me dire : Le portail étudiant ne fonctionne pas, que puis-je faire ?",service_campus
Quelles sont les matières principales en Lettres modernes ?,formation
Est-il possible de savoir ou deposer mon dossier pour payer mes frais de scolarite ?,procedure_administrative
"Bonsoir, pourriez-vous m’indiquer le créneau de robotique , merci d’avance ?",emploi_du_temps
Pouvez-vous me donner l’emploi du temps du semestre de printemps pour programmation Python ?,emploi_du_temps
"J’ai perdu mes clés, où se situe le bureau des objets trouvés , c’est urgent ?",service_campus
"Bonsoir, Combien d’absences sont autorisées avant une sanction , pour la semaine prochaine ?",reglement
J’aimerais savoir : Existe-t-il un minimum de crédits ou de moyenne par semestre ?,reglement
"Bonsoir, combien de crédits faut-il pour se spécialiser en Philosophie ?",formation
"Quand a lieu le prochain cours de chimie organique , c’est urgent ?",emploi_du_temps
Petite question : Est-il possible de savoir quand a lieu le prochain cours de robotique ?,emploi_du_temps
Pourriez-vous me dire : Quelles sont les règles pour le retrait d’un cours ?,reglement
J’aimerais savoir : Existe-t-il un minimum de crédits ou de moyenne par semestre ?,reglement
"S'il ovus plaît, Y a-t-il un règlement spécifique pour les stages ?",reglement
"Est-il possible de savoir quelles sont les règles pour le retrait d’un cours , c’est urgent ?",reglement
À quelle heure commencent les TD de psychologie cognitive … ?,emploi_du_temps
"Quelles sont les UE obligatoires pour le Master Robotique , pour la semaine prochaine ?",formation
"Bonjour, Quels sont les prérequis pour le Master Robotique ?",formation
"Bonsoir, Pourriez-vous me dire : Quelle est la date limite pour la demande d’aide financière ?",procedure_administrative
Où et à quelle heure est mon cours du mercredi à 16h30 ?,emploi_du_temps
Que se passe-t-il en cas de triche à un examen ?,reglement
J’aimerais savoir : Existe-t-il un minimum de crédits ou de moyenne par semestre ?,reglement
Comment demander un report d’admission ?,procedure_administrative
Comment me connetcer au Wi-Fi de l’université ?,service_campus
Pourriez-vous me dire : Quand a lieu le prochain cours de algèbre avancée ?,emploi_du_temps
"Pardon, pourriez-vous me dire : Où se trouve la bureau des carrières ?",service_campus
Puis-je changer de majeure ou de spécialisation en cours   d’année ?,formation
"Petite question : j’ai perdu mes clés, où se situe le bureau des objets trouvés ?! ?",service_campus
J’aimerais savoir : Quel est l’horaire du cours de biologie cellulaire avec le professeur Dupont ?,emploi_du_temps
"Où puis-je imprimer mes documents sur le campus , merci d’avance ?",service_campus
"Le portail étudiant ne fonctionne pas, que puis-je faire ?",service_campus
"Où et à quelle heure est mo ncours du lundi à 10h00 , pour aujourd’hui ?",emploi_du_temps
Où et à quelle heure est mon cours du mardi à 16h30 ?,emploi_du_temps
Est-il possible de savoir où se trouve la centre de santé  !?,service_campus
Pourriez-vous m’indiquer le créneau de littérature moderne ?,emploi_du_temps
"Où consulter le code de conduite des étudiants , si possible ?",reglement
Puis-jeee réserver une salle de travail ou un terrain de sport ?,service_campus
Quelles sont les matières principales en Lettres modernes ?,formation
"Pardon, quelle est la date limite pour l’abandon d’une UE ?",procedure_administrative
"Excusez-moi, quel est l’horaire du cours de statistiques appliquées avec le professeur Anderson , merci d’avance ?! ?",emploi_du_temps
Quelles sont les matières principales en Informatique ?,formation
"Bonsoir, le VPN ne fonctionne pas, que puis-je faire ?",service_campus
"Bonjour, Combien de crédits faut-il pour se spécialiser en Informatique ?",formation
Où déposer mon dossier pour obtenir une convention de stage ?,procedure_administrative
"Petite question : J’aimerais savoir : J’ai perdu mes clés, où se situe le bureau des objets trouvés ?",service_campus
"Excusez-moi, existe-t-il un minimum de crédits ou de moyenne par semestre ?",reglement
"Pouvez-vous me donner l’emploi du temps du semestre de printemps pour biologie cellulaire , si possible ?",emploi_du_temps
J’aimerais savoir : Comment me connecter au ENT de l’université ?! ?,service_campus
Pourriez-vous me dire : Où et à quelle heure est mon cours du jeudi à 10h00 ?,emploi_du_temps
J’aimerais savoir : Quels sont les prérequis pour le MBA Finance ?,formation
Quelle est la politique concernant le retards ?,reglement
"S'il vous plaît, quelle est la date limite pour la demande d’aide financière ?",procedure_administrative
Pourriez-vous me dire : Où consulter le code de conduite des étudiants ?,reglement
"S'il vous plaît, Puis-je réserver une salle de travail ou un terrain de sport ?",service_campus
Quels sont les horaires d’ouverture de la centre de santé ?,service_campus
"Bonjour, Comment réussir le prochain module de sttaistiques ?",formation
À quelle heure commencent les TD de biologie cellulaire ?,emploi_du_temps
"S'il vous plaît, Où consulter le code de conduite des étudiants , c’est urgent ?",reglement
"Pardon, pourriez-vous me dire : Quelles sont les UE obligatoires pour le MBA Finance , merci d’avance ?",formation
Pourriez-vous me dire : Comment obtenir une convention de stage ?,procedure_administrative
"Le vpn ne fonctionne pas, que puis-je faire ?",service_campus
Puis-je changer de majeure ou de spécialisation en cours d’année ?,formation
"J’aimerais savoir : Combien d’absences sont autorisées avant une sanction , pour la semaine prochaine ?",reglement
"Bonjour, Puis-je changer de majeure ou de spécialisation en cours d’année  ??",formation
"Pardon, puis-je changer de majeure ou de spécialisation en cours d’année ?",formation
Y a-t-il un règlement spécifique pour les stages ?,reglement
Quelle est la politique concernant le plagiat ?,reglement
"Pardon, Quels sont les horaires d’ouverture de la service logement ?",service_campus
Pourriez-vous me dire : Quand a lieu le prochain cours de biologie cellulaire ?,emploi_du_temps
Quels sont les prérequis pour le Master Psychologie ?,formation
Où et à quelle heure est mon cours du mardi à 8h30 ?,emploi_du_temps
Quels sont les prérequis pour le Licence Histoire ?,formation
Est-il possible de savoir quelles sont les UE obligatoires pour le MBA Finance ?,formation
Est-il possible de savoir quels documents sont requis pour un changement de parcours ?,procedure_administrative
"Où consulter le code de conduite des étudiants , si possible ?",reglement
Quelles sont les UE obligatoires pour le Master Psychologie ?,formation
Pourriez-vous me dire : Où déposer mon dossier pour candidater pour la remise de diplôme ?,procedure_administrative
Quels sont les horaires d’ouverture de la bibliothèque centrale ?,service_campus
Petite question : J’aimerais savoir : Où déposer mon dossier pour candidater pour la remise de diplôme ?,procedure_administrative
J’aimerais savoir quand se déroule le cours de robotique. ?,emploi_du_temps
"Excusez-moi, quand a lieu le prochain cours de programmation Python , c’est urgent ?",emploi_du_temps
Puis-je changer de majeure ou de spécialisation en cours d’année ?,formation
"Bonjour, J’aimerais savoir : J’ai perdu mes clés, où se situe le bureau des objets trouvés , merci d’avance ?",service_campus
Où puis-je imprimer mes documents sur le campus ?,service_campus
"S'il vous plaît, Que se passe-t-il en cas de triche à un examen ?",reglement
Pourriez-vous me dire : Quel est l’horaire du cours de statistiques appliquées avec le professeur Nguyen ?,emploi_du_temps
Comment réussir le prochain module de statistiques ?,formation
Où déposer mon dossier pour renouveler ma carte étudiante ?,procedure_administrative
"Bonjour, Où déposer mon dossier pour payer mes frais de scolarité ?",procedure_administrative
Pourriez-vous me dire : Pourriez-vous m’indiquer le créneau de droit public ?,emploi_du_temps
Y a-t-il un règlement spécifique pour les stages ?,reglement
Petite question : Quels sont les horaires d’ouverture de la bureau des carrières ?,service_campus
Petite question : comment demander un report d’admission ?,procedure_administrative
Comment réussir le prochain module de statistiques  ??,formation
J’aimerais savoir : Quelles sont les UE obligatoires pour le Parcours Data Science ?,formation
"Petite question : Comment demander un report d’admission , si possible ?",procedure_administrative
"Bonjour, J’aimerais savoir : Quelles sont les matières principales en Philosophie  ??",formation
J’aimerais savoir : J’aimerais savoir quand se déroule le cours de littérature moderne ?,emploi_du_temps
Quelle est la politique concernant le probation académique ?,reglement
Est-il possible de savoir quels sont les prérequis pour le Master Psychologie ?,formation
J’aimerais savoir quand se déroule le cours de chimie organique. — merci d’avance ?,emploi_du_temps
Petite question : quelle est la politique concernant le absence aux cours ?,reglement
Quelles sont les UE obligatoires pour le Master Psychologie ?,formation
Est-il possible de savoir à quelle heure comencent les TD de robotique ?,emploi_du_temps
"Excusez-moi, combien d’absences sont autorisées avant une sanction ?",reglement
Existe-t-il un minimum de crédits ou de moyenne par semestre ?,reglement
Quelle est la politique concernant le plagiat ?,reglement
"Quel est l’horaire du cours de analyse de données avec le professeur Leroy , pour la semaine prochaine ?",emploi_du_temps
Pourriez-vous me dire : Quels sont les prérequis pour le Licence Histoire ?,formation
J’aimerais savoir : Quelle est la politique concernant le plagiat ?,reglement
"Quand a lieu le prochain cours de statistiques appliquées , pour la semaine prochaine ?",emploi_du_temps
Pourriez-vous me dire : Quelles sont les UE obligatoires pour le Master Robotique ?,formation
Est-il possible de savoir combien de crédits faut-il pour se spécialiser en Biologie ?,formation
Est-il possible de savoir existe-t-il un minimum de crédits ou de moyenne par semestre ?,reglement
J’aimerais savoir : Comment réussir le prochain module de statistiques ?,formation
Quel est l’horaire du cours de économie avec le professeur Dupont ?,emploi_du_temps
J’aimerais savoir : Quelle est la date limite pour l’abandon d’une UE ?,procedure_administrative
Puis-je changer de majeure ou de spécialisation en cours d’année ?,formation
Où déposer mon dossier pour mettre   à jour mon adresse ?,procedure_administrative
Pourriez-vous me dire : Y a-t-il un règlement spécifique pour les stages ?! ?,reglement
"Où puis-je imprimer mes documents sur le campus , pour la semaine prochaine ?",service_campus
Pourriez-vous me dire : Puis-je réserver une salle de travail ou un terrain de sport ?,service_campus
"S'il vous plaît, Comment réussir le prochain module de statistiques ?",formation
"Est-il possible de savoir à quelle heure commencent les td de chimie organique , pour la semaine prochaine ?",emploi_du_temps
Pourriez-vous me dire : Comment réussir le prochain module de statistiques  ??,formation
"Existe-t-il un minimum de crédits ou de moyenne par semestre , merci d’avance ?",reglement
Quelles sont les matières principales en Lettres modernes ?,formation
À quelle heure commencent les TD de psychologie cognitive ?,emploi_du_temps
J’aimerais savoir : Existe-t-il un minimum de crédits ou de moyenne par semestre ?,reglement
À quelle heure commencent les TD de économie ?,emploi_du_temps
Est-il possible de savoir à quelle heure commencent les TD de droit public ?,emploi_du_temps
Quels sont les horaires d’ouverture de la bureau des carrières ?,service_campus
"Excusez-moi, à quelle heure commencent les TD de littérature moderne  ??",emploi_du_temps
"Pardon, j’aimerais savoir quand se déroule le cours de droit public. ?",emploi_du_temps
Pourriez-vous me dire : Quelle est la date limite pour la demande d’aide financière ?,procedure_administrative
"Pourriez-vous me dire : Quels sont les horaires d’ouverture de la bureau des carrières , pour la semaine prochaine ?",service_campus
Puis-je changer de majeure ou de spécialisation en cours d’année ?,formation
"J’aimerais savoir : Le portail étudiant ne fonctionne pas, que puis-je faire ?",service_campus
"S'il vous plaît, J’aimerais savoir : Quel est l’horaire du cours de microéconomie avec le professeur Dubois ?",emploi_du_temps
Quelles sont les matières principales en Lettres modernes ?,formation
Comment demander un relevé officiel ?,procedure_administrative
"Petite question : Combien de crédits faut-il pour se spécialiser en Informatique , pour la semaine prochaine ?",formation
"Bonsoir, existe-t-il un minimum de crédits ou de moyenne par semestre ?",reglement
J’aimerais savoir : Pouvez-vous me donner l’emploi du temps du semestre de printemps pour économie ?,emploi_du_temps
"Pardon, À quelle heure commencent les TD de programmation Python  ??",emploi_du_temps
Petite question : quelles sont les règles pour le retrait d’un cours ?,reglement
Quels sont les horaires d’ouverture de la bureau des carrières ?,service_campus
Quelles sont les UE obligatoires pour le Master Robotique ?,formation
Où consulter le code de conduite des étudiants ?,reglement
Pourriez-vous me dire : Y a-t-il un règlement spécifique pour les stages ?,reglement
"J’ai perdu mes clés, où se situe le bureau des objets trouvés ?",service_campus
"Comment me connecter au Wi-Fi de l’université , si possible ?",service_campus
J’aimerais savoir quand se déroule le ocurs de littérature moderne. ?,emploi_du_temps
Comment demander un report d’admission ?,procedure_administrative
Quels documents sont requis pour un changement de parcours ?,procedure_administrative
"S'il vous plaît, j’aimerais savoir : Quelle est la date limite pour la demande d’aide financière  ??",procedure_administrative
"Pardon, J’aimerais savoir quand se déroule le cours de programmation Python. ?",emploi_du_temps
Est-il possible de savoir où soumettre la demande de carte étudiante ?,procedure_administrative
"Quelle est la politique concernant le plagiat , si possible ?",reglement
"Quelles sont les règles pour le retrait d’un cours , merci d’avance ?",reglement
J’aimerais savoir : Combien de crédits faut-il pour se spécialiser en Philosophie ?,formation
"Pardon, quelle est la date limite pour la demande d’aide financière ?",procedure_administrative
"Pourriez-vous me dire : Puis-je changer de majeure ou de spécialisation en cours d’année , pour la semaine prochaine ?",formation
Combien de crédits faut-il pour se spécialiser en Biologie  !?,formation
Pourriez-vous me dire : Quelles sont les UE obligatoires pour le Licence Histoire ?,formation
J’aimerais savoir : Quels sont les horaires d’ouverture de la maison des étudiants  !?,service_campus
Combien d’absences sont autorisées avant une sanction ?,reglement
Où soumettre la demande de carte étudiante ?,procedure_administrative
Pourriez-vous m’indiquer le créneau de analyse de données ?,emploi_du_temps
J’aimerais savoir : Comment me connecter au Wi-Fi de l’université ?,service_campus
J’aimerais savoir : Quels sont les horaires d’ouverture de la gymnase ?,service_campus
"Bonsoir, où consulter le code de conduite des étudiants ?",reglement
"Bonsoir, existe-t-il un minimum de crédits ou de moyenne par semestre ?",reglement
Pouvez-vous me donner l’emploi du temps du semestre de printemps pour analyse de données ?,emploi_du_temps
"Quelles sont les ue obligatoires pour le master robotique , merci d’avance  ??",formation
"Bonjour, est-il possible de savoir puis-je changer de majeure ou de spécialisation en cours d’année ?",formation
Petite question : Est-il possible de savoir y a-t-il un règlement spécifique pour les stages ?,reglement
"Quelle est la politique concernant le plagiat , c’est urgent ?",reglement
"Comment réussir le prochain module de statistiques , si possible ?",formation
J’aimerais savoir : Quelles sont les règles pour le retrait d’un cours ?,reglement
À quelle heure commencent les TD de programmation Python ?,emploi_du_temps
Comment demander un relevé officiel ?,procedure_administrative
Est-il possible de savoir où soumettre la demande de carte étudiante ?,procedure_administrative
Où déposer mon dossier pour candidater pour la remise de diplôme ?,procedure_administrative
"Excusez-moi, Puis-je changer de majeure ou de spécialisation en cours d’année ?",formation
"Est-il possible de savoir quelles sont les UE obligatoires pour le Master Robotique , si possible ?",formation
"Est-il possible de savoir le portail étudiant ne fonctionne pas, que puis-je faire ?",service_campus
"S'il vous plaît, quelles sont les matières principales en Psychologie ?",formation
À quelle heure commencent les TD de psychologie cognitive ?,emploi_du_temps
Quand a lieu le prochain cours de algèbre avancée ?! ?,emploi_du_temps
"Où consulter le code de conduite des étudiants , pour aujourd’hui ?",reglement
"J’aimerais savoir : Où se trouve la maison des étudiants , c’est urgent  ??",service_campus
"S'il vous plaît, Où puis-je imprimer mes documents sur le campus ?",service_campus
"Comment réussir le prochain module de statistiques , pour la semaine prochaine ?",formation
Est-il possible de savoir où puis-je imprimer mes documents sur le campus  ??,service_campus
Pouvez-vous me donner l’emploi du temps du semestre de automne pour robotique ?,emploi_du_temps
Comment demander un relevé officiel ?,procedure_administrative
J’aimerais savoir : Comment me connecter au VPN de l’université ?,service_campus
Petite question : où puis-je imprimer mes documents sur le campus ?,service_campus
Petite question : pourriez-vous me dire : Comment demander un report d’admission ?,procedure_administrative
Comment payer mes frais de scolarité ?,procedure_administrative
"Pardon, où consulter le code de conduite des étudiants ?",reglement
"J’ai perdu mes clés, où se situe le bureau des objets trouvés ?",service_campus
"J’aimerais savoir : À quelle heure commencent les TD de droit public , pour aujourd’hui ?",emploi_du_temps
Pourriez-vous me dire : Quelle est la date limite pour la demande d’aide financière ?,procedure_administrative
Petite question : quels sont les prérequis pour le Parcours Data Science … ?,formation
Quand a lieu le prochain cours de économie ?,emploi_du_temps
"S'il vous plaît, quelles sont les règles pour le retrait d’un cours ?",reglement
Petite question : Comment réussir le prochain module de statistiques ?,formation
"Bonsoir, Est-il possible de savoir quels sont les horaires d’ouverture de la maison des étudiants ?",service_campus
Y a-t-il un règlement spécifique pour les stages  ??,reglement
Est-il possible de savoir quel est l’horaire du cours de psychologie cognitive avec le professeur Leroy ?,emploi_du_temps
"Est-il possible de savoir quelles sont les UE obligatoires pour le Master Robotique , c’est urgent ?",formation
"Excusez-moi, pourriez-vous me dire : Où déposer mon dossier pour candidater pour la remise de diplôme  ??",procedure_administrative
Est-il possible de savoir quand a lieu le prochain cours de psychologie cognitive ?,emploi_du_temps
"Quelles sont les matières principales en Psychologie , pour la semaine prochaine  ??",formation
Comment me connecter au ENT de l’université ?,service_campus
"Où se trouve la maison des étudiants , c’est urgent ?",service_campus
Petite question : Pourriez-vous me dire : Pouvez-vous me donner l’emploi du temps du semestre de été pour programmation Python ?,emploi_du_temps
Où et à quelle heure est mon cours du mercredi à 8h30 ?,emploi_du_temps
Combien de crédits faut-il pour se spécialiser en Lettres modernes ?,formation
Que se passe-t-il en cas de triche à un examen ?,reglement
Où et à quelle heure est mon cours du lundi à 14h00 ?,emploi_du_temps
Où consulter le code de conduite des étudiants … ?,reglement
Pouvez-vous me donner l’emploi du temps du semestre de été pour économie ?,emploi_du_temps
Quelle est la date limite pour l’inscription aux cours ?,procedure_administrative
Pourriez-vous me dire : Où consulter le code de conduite des étudiants ?,reglement
Pourriez-vous me dire : Quand a lieu le prochain cours de statistiques appliquées ?,emploi_du_temps
"Est-il possible de savoir le ENT ne fonctionne pas, que puis-je faire ?",service_campus
"Bonsoir, le VPN ne fonctionne pas, que puis-je faire , pour aujourd’hui ?",service_campus
"Pardon, Est-il possible de savoir puis-je réserver une salle de travail ou un terrain de sport ?",service_campus
"Puis-je réserver une salle de travail ou un terrain de sport , si possible ?",service_campus
J’aimerais savoir : Quels documents sont requis pour un changement de parcours ?,procedure_administrative
"S'il vous plaît, où puis-je imprimer mes documents sur le campus ?",service_campus
Où puis-je imprimer mes documents sur le campus ?,service_campus
Pourriez-vous me dire : Combien d’absences sont autorisées avant une sanction ?,reglement
Puis-je réserver une salle de travail ou un terrain de sport ?,service_campus
Comment me connecter au Wi-Fi de l’université ?,service_campus
Quels documents sont requis pour un changement de parcours ?,procedure_administrative
"À quelle heure commencent les TD de biologie cellulaire , merci d’avance ?",emploi_du_temps
"S'il vous plaît, Quand a lieu le prochain cours de programmation Python , merci d’avance ?! ?",emploi_du_temps
Comment demander un report d’admission ?,procedure_administrative
"Pourriez-vous me dire : J’ai perdu mes clés, où se situe le bureau des objets trouvés ?",service_campus
"Excusez-moi, combien de crédits faut-il pour se spécialiser en Informatique ?",formation
J’aimerais savoir : Où puis-je imprimer mes documents sur le campus ?,service_campus
Quelles sont les règles pour le retrait d’un cours ?,reglement
Est-il possible de savoir pourriez-vous m’indiquer le créneau de économie ?,emploi_du_temps
Quelle est la date limite pour l’inscription aux cours ?,procedure_administrative
Combien d’absences sont autorisées avant une sanction ?,reglement
"Bonsoir, Le VPN ne fonctionne pas, que puis-je faire ?",service_campus
"J’ai perdu mes clés, où se situe le bureau des objets trouvés ?",service_campus
"Bonjour, Où puis-je imprimer mes documents sur le campus , pour aujourd’hui ?",service_campus
"Est-il possible de savoir où se trouve la bibliothèque centrale , si possible ?",service_campus
"Comment réussir le prochain module de statistiques , c’est urgent ?",formation
Où consulter le code de conduite des étudiants ?,reglement
Où déposer mon dossier pour payer mes frais de scolarité ?,procedure_administrative
Quels sont les prérequis pour le Master Robotique ?,formation
"J’ai perdu mes clés, où se situe le bureau des ojbets trouvés ?",service_campus
"Bonjour, où soumettre la demande de carte étudiante ?",procedure_administrative
Puis-je changer de majeure ou de spécialisation en cours d’année ?,formation
"Bonsoir, Où déposer mon dossier pour mettre à jour mon adresse ?",procedure_administrative
J’aimerais savoir quand se déroule le cours de algèbre avancée. ?,emploi_du_temps
Quels sont les horaires d’ouverture de la centre de santé ?,service_campus
"S'il vous plaît, quelle est la politique concernant le plagiat ?",reglement
"J’aimerais savoir : Où se trouve la service logement , merci d’avance ?",service_campus
"Le ENT ne fonctionne pas, que puis-je faire ?",service_campus
"Bonjour, quels sont les prérequis pour le MBA Finance ?",formation
"Petite question : quel est l’horaire du cours de algèbre avancée avec le professeur Nguyen , pour la semaine prochaine ?",emploi_du_temps
"J’aimerais savoir : Comment demander un relevé officiel , c’est urgent ?",procedure_administrative
"Bonjour, Pourriez-vous me dire : Puis-je changer de majeure ou de spécialisation en cours d’année ?",formation
J’aimerais savoir : Comment candidater pour la remise de diplôme ?,procedure_administrative
Puis-je changer de majeure ou de spécialisation en cours d’année ?,formation
J’aimerais savoir : Que se passe-t-il en cas de triche à un examen ?,reglement
"Bonjour, Est-il possible de savoir où puis-je imprimer mes documents sur le campus ?",service_campus
Où puis-je imprimer mes documents sur le campus ?,service_campus
Y a-t-il un règlement spécifique pour les stages ?,reglement
Est-il possible de savoir combien d’absences sont autorisées avant une sanction ?,reglement
"Pourriez-vous me dire : Quel est l’horaire du cours de analyse de données avec le professeur Anderson , merci d’avance ?",emploi_du_temps
Comment demander un report d’admission ?,procedure_administrative
"Excusez-moi, Où consulter le code de conduite des étudiants … ?",reglement
Pouvez-vous me donner l’emploi du temps du semestre de été pour psychologie cognitive ?,emploi_du_temps
Petite question : Quelles sont les UE obligatoires pour le Parcours Data Science ?,formation
"Excusez-moi, Est-il possible de savoir combien d’absences sont autorisées avant une sanction ?",reglement
Y a-t-il un règlement spécifique pour les stages ?,reglement
J’aimerais savoir : Que se passe-t-il en cas de triche à un examen ?,reglement
Pourriez-vous me dire : Quelles sont les UE obligatoires pour le Licence Hisotire ?,formation
Combien de crédits faut-il pour se spécialiser en Lettres modernes ?,formation
"Pourriez-vous me dire : Quell eest la date limite pour la demande d’aide financière , pour aujourd’hui ?",procedure_administrative
Est-il possible de savoir existe-t-il un minimum de crédits ou de moyenne par semestre … ?,reglement
Pourriez-vous me dire : Où puis-je imprimer mes documents sur le campus ?,service_campus
Quand a lieu le prochain cours de statistiques appliquées ?,emploi_du_temps
J’aimerais savoir : quelles sont les ue obligatoires pour le master psychologie ?,formation
Est-il possible de savoir où se trouve la service logement ?! ?,service_campus
Pourriez-vous me dire : Puis-je changer de majeure ou de spécialisation en cours d’année ?,formation
"Pourriez-vous me dire : Le ENT ne fonctionne pas, que puis-je faire ?",service_campus
J’aimerais savoir quand se déroule le cours de économie. — merci d’avance ?,emploi_du_temps
Où et à quelle heure est mon cours du mardi à 10h00  ??,emploi_du_temps
Quelles sont les règles pour le retrait d’un cours ?,reglement
Quand a lieu le prochain cours de algèbre avancée ?,emploi_du_temps
J’aimerais savoir : Combien de crédits faut-il pour se spécialiser en Philosophie ?,formation
"Pardon, j’aimerais savoir : Combien de crédits faut-il pour se spécialiser en Psychologie … ?",formation
J’aimerais savoir : Quels sont les prérequis pour le MBA Finance ?,formation
J’aimerais sssavoir : Combien d’absences sont autorisées avant une sanction ?,reglement
Que se passe-t-il en cas de triche à un examen ?,reglement
"Pardon, J’aimerais savoir : Quelle est la date limite pour la demande d’aide financière ?",procedure_administrative
"Est-il possible de savoir comment demander un report d’admission , pour la semaine prochaine ?",procedure_administrative
"Bonjour, Pourriez-vous me dire : Le ENT ne fonctionne pas, que puis-je faire ?",service_campus
Y a-t-il un règlement spécifique pour les stages ?,reglement
Puis-je changer de majeure ou de spécialisation en cours d’année ?,formation
"Excusez-moi, Quelle est la politique concernant le absence aux cours  ??",reglement
Pourriez-vous me dire : À quelle heure commencent les TD de économie ?,emploi_du_temps
Pourriez-vous m’indiquer le créneau de algèbre avancée ?,emploi_du_temps
Comment me connecter au Wi-Fi de l’université ?,service_campus
"Pardon, pouvez-vous me donner l’emploi du temps du semestre de printemps pour microéconomie , merci d’avance ?",emploi_du_temps
Existe-t-il un minimum de crédits ou de moyenne par semestre ?,reglement
Y a-t-il un règlement spécifique pour les stages ?,reglement
J’aimerais savoir : Quelles sont les matières principales en Biologie ?,formation
Y a-t-il un règlement spécifique pour les stages ?,reglement
"S'il vous plaît, Pourriez-vous m’indiquer le créneau de chimie organique , merci d’avance ?",emploi_du_temps
Pourriez-vous me dire : Que se passe-t-il en cas de triche à un examen ?,reglement
Quels sont les prérequis   pour le Master Robotique ?,formation
Pourriez-vous me dire : Où soumettre la demande de carte étudiante ?,procedure_administrative
J’aimerais savoir : Quels sont les horaires d’ouverture de la bureau des carrières ?,service_campus
Puis-je changer de majeure ou de spécialisation en cours d’année ?,formation
Où se trouve la gymnase ?,service_campus
"Comment demander un report d’admission , merci d’avance ?",procedure_administrative
Où et à quelle heure est mon cours du vendredi à 14h00 ?,emploi_du_temps
Quels sont les prérequis pour le MBA Finance ?,formation
J’aimerais savoir : Où soumettre la demande de carte étudiante ?,procedure_administrative
Pourriez-vous m’indiquer le créneau de algèbre avancée ?,emploi_du_temps
"Pourriez-vous me dire : Quelle est la date limite pour l’inscription aux cours , c’est urgent ?",procedure_administrative
Commen réussir le prochain module de statistiques ?,formation
Pourriez-vous me dire : Combien de crédits faut-il pour se spécialiser en Psychologie ?,formation
"Pardon, Est-il possible de savoir où soumettre la demande de carte étudiante ?",procedure_administrative
"S'il vous plaît, Quand a lieu le prochain cours de statistiques appliquées ?",emploi_du_temps
Quand a lieu le prochain cours de psychologie cognitive ?,emploi_du_temps
Quels documents sont requis pour un changement de parcours ?,procedure_administrative
Quel est l’horaire du cours de programmation Python avec le professeur Nguyen ?,emploi_du_temps
"S'il vous plaît, Quel est l’horaire du cours de programmation Python avec le professeur Anderson ?",emploi_du_temps
Comment me connecter au VPN de l’université ?,service_campus
Comment réussir le prochain module de statistiques ?,formation
"Bonjour, j’aimerais savoir : Quel est l’horaire du cours de biologie cellulaire avec le professeur Leroy , pour aujourd’hui ?",emploi_du_temps
Quelles sont les matières principales en Biologie ?,formation
Quels documents sont requis pour un changement de parcours ?! ?,procedure_administrative
"Excusez-moi, quels sont les horaires d’ouverture de la bibliothèque centrale ?",service_campus
Où déposer mon dossier pour mettre à jour mon adresse ?,procedure_administrative
À quelle heure commencent les TD de analyse de données ?,emploi_du_temps
"Pardon, j’ai perdu mes clés, où se situe le bureau des objets trouvés ?",service_campus
"Bonjour, j’aimerais savoir : Quel est l’horaire du cours de biologie cellulaire avec le professeur Dupont , pour la semaine prochaine ?",emploi_du_temps
Que se passe-t-il en cas de triche à un examen ?,reglement
Est-il possible de savoir quelle est la politique concernant le plagiat ?,reglement
Comment demander un relevé officiel ?,procedure_administrative
Combien de crédits faut-il pour se spécialiser en Lettres modernes ?,formation
Pourriez-vous me dire : Pouvez-vous me donner l’emploi du temps du semestre de été pour statistiques appliquées ?,emploi_du_temps
Pourriez-vous me dire : Comment mettre à jour mon adresse ?,procedure_administrative
Comment réussir le prochain module de statistiques ?,formation
Comment demander un report d’admission ?,procedure_administrative
"Quels documents sont requis pour un changement de parcours , si possible ?",procedure_administrative
Pourriez-vous m’indiquer le créneau de analyse de données ?,emploi_du_temps
Quels sont les horaires d’ouverture de la bibliothèque centrale ?,service_campus
"Quelles sont les matières principales en Lettres modernes , pour aujourd’hui ?",formation
"Quelle est la date limite pour l’abandon d’une UE , merci d’avance ?",procedure_administrative
Où se trouve la maison des étudiants ?,service_campus
Combien d’absences sont autorisées avant une sanction … ?,reglement
"Quelles sont les règles pour le retrait d’un cours , si possible  !?",reglement
Où déposer mon dossier pour renouveler ma carte étudiante ?,procedure_administrative
"Bonjour, pourriez-vous me dire : Quelle est la politique concernant le plagiat  ??",reglement
Est-il possible de savoir quelle est la politique concernant le rattttrapage d’examen ?,reglement
Existe-t-il un minimum de crédits ou de moyenne par semestre ?,reglement
"Excusez-moi, puis-je réserver une salle de travail ou un terrain de sport ?",service_campus
Quels documents sont requis pour un changement de parcours ?,procedure_administrative
Quelle est la date limite pour l’inscription aux cours ?,procedure_administrative
Eiste-t-il un minimum de crédits ou de moyenne par semestre ?,reglement
J’aimerais savoir : Y a-t-il un règlement spécifique pour les stages ?,reglement
Petite question : Quelles sont les règles pour le retrait d’un cours ?,reglement
Quels sont les horaires d’ouverture de la bureau des carrières ?,service_campus
Où déposer mon dossier pour mettre à jour mon adresse ?,procedure_administrative
Y a-t-il un règlement spécifique pour les stages ?,reglement
Pourriez-vous me dire : Quelle est la politique concernant le retards ?,reglement
"Bonsoir, Quels sont les prérequis pour le Master Robotique ?",formation
Quels sont les prérequis pour le Master Psychologie  !?,formation
"Pardon, comment demander un report d’admission ?",procedure_administrative
Existe-t-il un minimum de crédits ou de moyenne par semestre ?,reglement
"Quelle est la politique concernant le absence aux cours , merci d’avance ?",reglement
Où puis-je imprimer mes documents sur le campus ?,service_campus
Quelles sont les UE obligatoires pour le Licence Histoire ?,formation
"Bonjour, Où consulter le code de conduite des étudiants ?",reglement
"Excusez-moi, J’aimerais savoir : Quelles sont les UE obligatoires pour le MBA Finance ?",formation
Où soumettre la demande de carte étudiante ?,procedure_administrative
J’aimerais savoir : Pouvez-vous me donner l’emploi du temps du semestre de printemps pour analyse de données ?,emploi_du_temps
Est-il possible de savoir quels sont les prérequis pour le Master Robotique ?,formation
Quels documents sont requis pour un changement de parcours ?,procedure_administrative
Combien de crédits faut-il pour se spécialiser en Psychologie ?,formation
Où se trouve la bureau des carrières ?,service_campus
"Pardon, quand a lieu le prochain cours de analyse de données ?",emploi_du_temps
Comment payer mes frais de scolarité ?,procedure_administrative
Combien de crédits faut-il pour se spécialiser en Biologie ?,formation
"S'il vous plaît, J’ai perdu mes clés, où se situe le bureau des objets trouvés … ?",service_campus
Quels sont les horaires d’ouverture de la maison des étudiants ?,service_campus
Où soumettre la demande de carte étudiante  ??,procedure_administrative
Combien de crédits faut-il pour se spécialiser en Informatique ?,formation
Où puis-je imprimer mes documents sur le campus ?,service_campus
Que se passe-t-il en cas de triche à un examen ?,reglement
Pourriez-vous me dire : Existe-t-il un minimum de crédits ou de moyenne par semestre ?,reglement
Puis-je changer de majeure ou de spécialisation en cours d’année ?,formation
"Où consulter le code de conduite des étudiants , c’est urgent ?! ?",reglement
J’aimerais savoir : Où se trouve la maison des étudiants ?,service_campus
Où consulter le code de conduite des étudiants  !?,reglement
Comment me connecter au VPN de l’université ?,service_campus
J’aimerais savoir : Où se trouve la bureau des carrières ?,service_campus
Est-il possible de savoir combien d’absences sont autorisées avant une sanction ?,reglement
"Bonjour, j’aimerais savoir : Pouvez-vous me donner l’emploi du temps du semestre de printemps pour biologie cellulaire , pour aujourd’hui ?",emploi_du_temps
Quelles sont les UE obligatoires pour le MBA Finance ?,formation
Quels sont les prérequis pour le Master Psychologie ?,formation
Quel est l’horaire du cours de psychologie cognitive avec le professeur Anderson ?,emploi_du_temps
Est-il possible de savoir quels documents sont requis pour un changement de parcours ?,procedure_administrative
Quels documents sont requis pour un changement de parcours ?,procedure_administrative
"Que se passe-t-il en cas de triche à un examen , si possible ?",reglement
Comment réussir le prochain module de statistiques ?,formation
"Est-il possible de savoir puis-je réserver une salle de travail ou un terrain de sport , pour la semaine prochaine ?",service_campus
Est-il possible de savoir quelle est la politique concernant le rattrapage d’examen ?,reglement
Combien d’absences sont autorisées avant une sanction ?,reglement
"Bonjour, J’aimerais savoir : Quelle est la date limite pour l’abandon d’une UE ?",procedure_administrative
Pourriez-vous me dire : Quelles sont les UE obligatoires pour le MBA Finance ?,formation
Pourriez-vous me dire : Ou soumettre la demande de carte etudiante ?,procedure_administrative
Est-il possible de savoir combien de crédits faut-il pour se spécialiser en psychologie ?,formation
"Petite question : Comment réussir le prochain module de statistiques , pour aujourd’hui ?",formation
"Comment demander un report d’admission , merci d’avance  !?",procedure_administrative
Pourriez-vous me dire : Où se trouve la centre de santé ?,service_campus
"Bonjour, où se trouve la service logement ?",service_campus
J’aimerais savoir : Où consulter le code de conduite des étudiants ?,reglement
"J’ai perdu mes clés, où se situe le bureau des objets trouvés ?",service_campus
"Pardon, y a-t-il u règlement spécifique pour les stages ?! ?",reglement
"S'il vous plaît, quel est l’horaire du cours de microéconomie avec le professeur Dupont ?",emploi_du_temps
Combien de crédits faut-il pour se spécialiser en Philosophie ?,formation
Petite question : où consulter le code de conduite des étudiants ?,reglement
J’aimerais savoir : Ou consulter le code de conduite des etudiants ?,reglement
"Bonjour, Est-il possible de savoir comment renouveler ma carte étudiante ?",procedure_administrative
"Pardon, Où soumettre la demande de carte étudiaaante ?",procedure_administrative
Pourriez-vous me dire : Quels sont les horaires d’ouverture de la maison des étudiants ?,service_campus
Où consulter le code de conduite des étudiants  !?,reglement
"Pourriez-vous m’indiquer le créneau de robotique , c’est urgent ?",emploi_du_temps
"Existe-t-il un minimum de crédits ou de moyenne par semestre , si possible ?",reglement
Où et à quelle heure est mon cours du vendredi à 10h00 ?,emploi_du_temps
Est-il possible de savoir où se trouve la service logement ?,service_campus
Comment réussir le prochain module de statistiques ?,formation
"Pardon, J’aimerais savoir : Puis-je changer de majeure ou de spécialisation en cours d’année ?",formation
Pourriez-vous me dire : Pourriez-vous m’indiquer le créneau de biologie cellulaire ?,emploi_du_temps
"Pardon, Quelles sont les matieres principales en Philosophie ?",formation
"J’aimerais savoir : Où soumettre la demande de carte étudiante , c’est urgent ?",procedure_administrative
"Existe-t-il un minimum de crédits ou de moyenne par semestre , pour la semaine prochaine ?",reglement
Est-il possible de savoir quel est l’horaire du cours de droit public avec le professeur Bennani ?,emploi_du_temps
Comment obtenir une convention de stage ?,procedure_administrative
Comment réussir le prochain module de statistiques ?,formation
Pourriez-vous me dire : Comment réussir le prochain module de statistiques ?,formation
"Bonsoir, j’aimerais savoir : le vpn ne fonctionne pas, que puis-je faire … ?",service_campus
Où consulter le code de conduite des étudiants ?,reglement
"Pardn, où puis-je imprimer mes documents sur le campus ?",service_campus
Combien d’absences sont autorisés avant une sanction ?,reglement
Est-il possible de savoir quels documents sont requis pour un changement de parcours ?,procedure_administrative
Est-il possible de savoir puis-je réserver une salle de travail ou un terrain de sport  ??,service_campus
Quelle est la date limite pour l’abandon d’une UE ?,procedure_administrative
"Pourriez-vous me dire : J’ai perdu mes clés, où se situe le bureau des objets trouvés , pour la semaine prochaine ?",service_campus
"Excusez-moi, pourriez-vous me dire : Existe-t-il un minimum de crédits ou de moyenne par semestre ?",reglement
"Comment réussir le prochain module de statistiques , c’est urgent ?",formation
"Pourriez-vous me dire : Le ENT ne fonctionne pas, que puis-je faire , si possible ?",service_campus
Où puis-je imprimer mes documents sur le campus ?,service_campus
Pourriez-vous me dire : Quelle est la politique concernant le absence aux cours ?,reglement
"S'il vous plaît, Où puis-je imprimer mes documents sur le campus ?",service_campus
Petite question : Comment me connecter au ENT de l’université ?,service_campus
"Bonjour, Puis-je réserver une salle de travail ou un terrain de sport ?",service_campus
Pourriez-vous me dire : Où puis-je imprimer mes documents sur le campus ?,service_campus
"Quelles sont les matières principales en Philosophie , si possible ?",formation
"Est-il possible de savoir quelles sont les UE obligatoires pour le Licence Histoire , pour la semaine prochaine  ??",formation
Que se passe-t-il en cas de triche à un examen ?,reglement
J’aimerais savoir quand se déroule le cours de microéconomie. ?,emploi_du_temps
"J’aimerais savoir : J’ai perdu mes clés, où se situe le bureau des objets trouvés ?",service_campus
J’aimerais savoir : Que se passe-t-il en cas de triche à un examen ?,reglement
Pourriez-vous me dire : Quels documents sont requis pour un changement de parcours ?,procedure_administrative
Combien de crédits faut-il pour se spécialiser en Informatique ?,formation
Est-il possible de savoir quels documents sont requis pour un changement de parcours ?,procedure_administrative
"Où soumettre la demande de carte étudiante , pour la semaine prochaine ?",procedure_administrative
"Existe-t-il un minimum de crédits ou de moyenne par semestre , c’est urgent ?",reglement
Où soumettre la demande de carte étudiante ?,procedure_administrative
Quelle est la date limite pour la demande d’aide financière ?,procedure_administrative
"J’ai perdu mes clés, où se situe le bureau des objets trouvés ?",service_campus
"Petite question : j’aimerais savoir : Où se trouve la bibliothèque centrale , pour la semaine prochaine … ?",service_campus
"Comment payer mes frais de scolarité , merci d’avance ?",procedure_administrative
Quand a lieu le prochain cours de analyse de données ?,emploi_du_temps
Comment réussir le prochain module de statistiques ?,formation
"Bonsoir, Pourriez-vous me dire : Quelles sont les matières principales en Informatique , pour aujourd’hui ?",formation
"Le portail étudiant ne fonctionne pas, que puis-je faire ?",service_campus
"S'il vous plaît, J’aimerais savoir : Quels documents sont requis pour un changement de parcours , pour la semaine prochaine ?",procedure_administrative
"Bonsoir, Comment me connecter au VPN de l’université ?",service_campus
"Bonsoir, Pourriez-vous m’indiquer le créneau de robotique ?",emploi_du_temps
Quels sont les horaires d’ouverture de la maison des étudiants ?,service_campus
Puis-je changer de majeure ou de spécialisation en cours d’année ?,formation
"Pouvez-vous me donner l’emploi du temps du semestre de printemps pour algèbre avancée , pour aujourd’hui ?",emploi_du_temps
Quelle est la date limite pour l’abandon d’une UE ?,procedure_administrative
Comment me connecter au portail étudiant de l’université ?,service_campus
Quelle est la date limite pour la demande d’aide financière ?,procedure_administrative
"Comment demander un report d’admission , si possible ?",procedure_administrative
"Est-il possible de savoir comment me connecter au portail étudiant de l’université , pour la semaine prochaine ?",service_campus
Quelles sont les matières principales en Informatique ?,formation
"S'il vous plaît, J’aimerais savoir : Comment réussir le prochain module de statistiques ?! ?",formation
"Excusez-moi, Quelles sont les UE obligatoires pour le MBA Finance ?",formation
Où puis-je imprimer mes documents sur le campus ?,service_campus
"Excusez-moi, Est-il possible de savoir comment demander un report d’admission ?",procedure_administrative
Quelle est la date limite pour l’inscription aux cours ?,procedure_administrative
J’aimerais savoir : Quand a lieu le prochain cours de analyse de données ?,emploi_du_temps
J’aimerais savoir : Quels sont les horaires d’ouverture de la centre de santé ?,service_campus
"Le Wi-Fi ne fonctionne pas, que puis-je faire ?",service_campus
Où soumettre la demande de carte étudiante ?,procedure_administrative
J’aimerais savoir ::: Comment réussir le prochain module de statistiques ?,formation
"Pourriez-vous me dire : J’ai perdu mes clés, où se situe le bureau des objets trouvés ?",service_campus
Quelles sont les UE obligatoires pour le Licence Histoire ?,formation
"Excusez-moi, quels sont les prérequis pour le Parcours Data Science , pour aujourd’hui ?",formation
Quelles sont les matières principales en Biologie ?,formation
Où déposer mon dossier pour renouveler ma carte étudiante ?,procedure_administrative
"J’aimerais savoir : Quelle est la politique concernant le rattrapage d’examen , pour la semaine prochaine ?",reglement
J’aimerais savoir : Quels sont les horaires d’ouverture de la maison des étudiants  ??,service_campus
"J’aimerais savoir : Quels sont les horaires d’ouverture de la bibliothèque centrale , pour la semaine prochaine ?",service_campus
"Existe-t-il un minimum de crédits ou de moyenne par semestre , pour aujourd’hui ?",reglement
Quand a lieu le prochain cours de programmation Python ?,emploi_du_temps
Quels documents sont requis pour un changemeeent de parcours  !?,procedure_administrative
Quand a lieu le prochain cours de biologie cellulaire ?,emploi_du_temps
Pourriez-vous me dire : Puis-je réserver une salle de travail ou un terrain de sport ?,service_campus
Petite question : pourriez-vous me dire : Comment me connecter au Wi-Fi de l’université ?,service_campus
Que se passe-t-il en cas de triche à un examen ?,reglement
Est-il possible de savoir quels sont les prérequis pour le Master Robotique ?,formation
Où puis-je imprimer mes documents sur le campus ?,service_campus
Pourriez-vous me dire : Où soumettre la demande de carte étudiante ?,procedure_administrative
J’aimerais savoir : Y a-t-il un règlement spécifique pour les stages ?,reglement
Où soumettre la demande de carte étudiante ?,procedure_administrative
"Bonsoir, Pourriez-vous me dire : J’ai perdu mes clés, où se situe le bureau des objets trouvés ?",service_campus
"Excusez-moi, quels sont les horaires d’ouverture de la centre de santé , c’est urgent ?",service_campus
"S'il vous plaît, Quels sont les prérequis pour le Master Psychologie ?",formation
J’aimerais savoir : Quelles sont les UE obligatoires pour le Parcours Data Science ?,formation
Où consulter le code de conduite des étudiants ?,reglement
Y a-t-il un règlement spécifique pour les stages ?,reglement
"Bonjour, Quel est l’horaire du cours de algèbre avancée avec le professeur Leroy , pour la semaine prochaine ?",emploi_du_temps
"Excusez-moi, j’aimerais savoir : Où et à quelle heure est mon cours du jeudi à 14h00 ?",emploi_du_temps
Comment mettre à jour mon adresse ?,procedure_administrative
J’aimerais savoir quand se déroule le cours de analyse de données. ?,emploi_du_temps
Combien de crédits faut-il pour se spécialiser en Psychologie ?,formation
Pourriez-vous m’indiquer le créneau de psychologie cognitive ?,emploi_du_temps
Pourriez-vous me dire : Où déposer mon dossier pour candidater pour la remise de diplôme ?,procedure_administrative
Est-il possible de savoir quelles sonttt les UE obligatoires pour le Master Robotique ?,formation
"Excusez-moi, J’aimerais savoir : Pourriez-vous m’indiquer le créneau de microéconomie ?",emploi_du_temps
Pouvez-vous me donner l’emploi du temps du semestre de printemps pour robotique ?,emploi_du_temps
"Bonsoir, Est-il possible de savoir quel est l’horaire du cours de chimie organique avec le professeur Moreau ?",emploi_du_temps
"Excusez-moi, à quelle heure commencent les TD de programmation Python , c’est urgent ?",emploi_du_temps
J’aimerais savoir : Comment me connecter au VPN de l’université  ??,service_campus
"Quels documents sont requis pour un changement de parcours , c’est urgent ?",procedure_administrative
Comment demandeeer un report d’admission … ?,procedure_administrative
Où soumettre la demande de carte étudiante ?! ?,procedure_administrative
"Pardon, est-il possible de savoir pourriez-vous m’indiquer le créneau de programmation Python ?",emploi_du_temps
Pourriez-vous me dire : Quels sont les prérequis pour le MBA Finance ?,formation
Petite question : est-il possible de savoir combien de crédits faut-il pour se spécialiser en Philosophie  !?,formation
Comment me connecter au ENT de l’université ?,service_campus
Quels documents sont requis pour un changement de parcours ?,procedure_administrative
Pourriez-vous me dire : Comment réussir le prochain module de statistiques ?,formation
"Bonjour, j’aimerais savoir : Quels sont les prérequis pour le Master Psychologie … ?",formation
Petite question : Puis-je réserver une salle de travail ou un terrain de sport  ??,service_campus
Où consulter le code de conduite des étudiants ?,reglement
"Est-il possible de savoir quelle est la politique concernant le plagiat , pour la semaine prochaine ?",reglement
Pourriez-vous me dire : Où puis-je imprimer mes documents sur le campus ?,service_campus
Queeelles sont les matières principales en Biologie … ?,formation
Quelle est la politique concernant le rattrapage d’examen ?,reglement
Est-il possible de savoir comment demander un report d’admission ?,procedure_administrative
J’aimerais savoir : Quelles sont les matières principales en Lettres modernes ?,formation
"Excusez-moi, y a-t-il un règlement spécifique pour les stages ?",reglement
"Pourriez-vous me dire : Le Wi-Fi ne fonctionne pas, que puis-je faire ?",service_campus
Puis-je changer de majeure ou de spécialisation en cours d’année  !?,formation
"Est-il possible de savoir comment réussir le prochain module de statistiques , merci d’avance ?",formation
J’aimerais savoir : Quels sont les horaires d’ouverture de la centre de santé ?,service_campus
"Pouvez-vous me donner l’emploi du temps du semestre de printemps pour programmation Python , merci d’avance ?",emploi_du_temps
"Pardon, pouvez-vous me donner l’emploi du temps du semestre de été pour économie ?",emploi_du_temps
"Excusez-moi, J’aimerais savoir : Quels sont les prérequis pour le Master Psychologie , pour la semaine prochaine ?",formation
"Bonjour, J’aimerais savoir : Quand a lieu le prochain cours de programmation Python ?",emploi_du_temps
Est-il possible de savoir puis-je réserver une salle de travail ou un terrain de sport ?,service_campus
Est-il possible de savoir quels documents sont requis pour un changement de parcours ?,procedure_administrative
Que se passe-t-il en cas de triche à un examen ?,reglement
"Pardon, Est-il possible de savoir quel est l’horaire du cours de biologie cellulaire avec le professeur Bennani , si possible ?",emploi_du_temps
"Excusez-moi, Pourriez-vous me dire : Quand a lieu le prochain cours de littérature moderne ?! ?",emploi_du_temps
Quels sont les horaires d’ouverture de la service logement ?,service_campus
Quelles sont les matières principales en Lettres modernes ?,formation
Y a-t-il un règlement spécifiqueee pour les stages ?,reglement
Quelle est la date limite pour l’inscription aux cours ?,procedure_administrative
"Comment me connecter au VPN de l’université , si possible ?",service_campus
Pourriez-vous me dire : Où consulter le code de conduite des étudiants … ?,reglement
"Où se trouve la gymnase , pour aujourd’hui ?",service_campus
Quand a lieu le prochain cours de chimie organique ?,emploi_du_temps
Est-il possible de savoir quels sont les horaires d’ouverture de la service logement ?,service_campus
"Comment candidater pour la remise de diplôme , pour la semaine prochaine ?",procedure_administrative
Pourriez-vous me dire : Quels sont les prérequis pour le Licence Histoire … ?,formation
Est-il possible de savoir comment réussir le prochain module de statistiques  ??,formation
"J’ai perdu mes clés, où se situe le bureau des objets trouvés ?",service_campus
"Est-il possible de savoir quel est l’horaire du cours de droit public avec le professeur Moreau , pour aujourd’hui ?",emploi_du_temps
"S'il vous plaît, Quels sont les prérequis pour le Licence Histoire ?",formation
Petite question : Comment me connecter au Wi-Fi de l’université ?,service_campus
"Est-il possible   de savoir où déposer mon dossier pour demander un relevé officiel , c’est urgent ?",procedure_administrative
Combien d’absences sont autorisées avant une sanction ?,reglement
J’aimerais savoir quand se déroule le cours de programmation Python. ?,emploi_du_temps
Comment réussir le prochain module de statistiques  ??,formation
"Combien de crédits faut-il pour se spécialiser en Biologie , si possible ?",formation
Où consulter le code de conduite des étudiants ?,reglement
Existe-t-il un minimum de crédits ou de moyenne par semestre ?,reglement
Où se trouve la centre de santé ?,service_campus
Est-il possible de savoir quelles sont les matieres principales en Informatique ?,formation
À quelle heure commencent les TD de chimie organique ?,emploi_du_temps
J’aimerais savoir : Combien d’absences sont autorisées avant une sanction  !?,reglement
"Bonjour, que se passe-t-il en cas de triche à un examen ?",reglement
Combien de crédits faut-il pour se spécialiser en Lettres modernes ?,formation
Comment mettre à jour mon adresse ?,procedure_administrative
Est-il possible de savoir quelles sont les règles pour le retrait d’un cours ?,reglement
Où puis-je imprimer mes documents sur le campus ?,service_campus
Est-il possible de savoir combien d’absences sont autorisées avant une sanction ?,reglement
Est-il possible de savoir où et à quelle heure est mon cours du mercredi à 10h00 ?,emploi_du_temps
Petite question : Pourriez-vous me dire : Quelles sont les matières principales en Informatique ?,formation
Est-il possssible de savoir pourriez-vous m’indiquer le créneau de microéconomie  ??,emploi_du_temps
J’aimerais savoir : Pouvez-vous me donner l’emploi du temps du semestre de printemps pour microéconomie ?,emploi_du_temps
Quels sont les prerequis pour le Master Psychologie ?,formation
Est-il possible de savoir quels documents sont requis pour un changement de parcours  !?,procedure_administrative
"S'il vous plaît, le ENT ne fonctionne pas, que puis-je faire  ??",service_campus
"J’ai perdu mes clés, où se situe le bureau des objets trouvés ?",service_campus
"Comment me connecter au VPN de l’université , c’est urgent ?",service_campus
Où soumettre la demande de carte étudiante ?,procedure_administrative
"Pardon, Où et à quelle heure est mon cours du vendredi à 14h00 ?",emploi_du_temps
Comment demander un report d’admission ?,procedure_administrative
Quels sont les prérequis pour le Licence Histoire ?,formation
J’aimerais savoir : Quel est l’horaire du cours de statistiques appliquées avec le professeur Bennani ?,emploi_du_temps
"Pourriez-vous me dire : Le portail étudiant ne fonctionne pas, que puis-je faire ?",service_campus
Quel est l’horaire du cours de algèbre avancée avec le professeur Martin ?,emploi_du_temps
Pourriez-vous me dire : Pourriez-vous m’indiquer le créneau de biologie cellulaire ?,emploi_du_temps
Combien de crédits faut-il pour se spécialiser en Lettres modernes ?,formation
Comment demander un report d’admission ?,procedure_administrative
"Excusez-moi, où soumettre la demande de carte étudiante  ??",procedure_administrative
J’aimerais savoir : Où déposer mon dossier pour demander un relevé officiel ?,procedure_administrative
À quelle heure commencent les TD de biologie cellulaire ?,emploi_du_temps
Pourriez-vous me dire : Pourriez-vous m’indiquer le créneau de biologie cellulaire ?,emploi_du_temps
Quelles sont les matières principales en Philosophie ?,formation
Comment demander un report d’admission ?,procedure_administrative
Est-il possible de savoir quels sont les horaires d’ouverture de la maison des étudiants ?,service_campus
"S'il vous plaît, Quelles sont els matières principales en Biologie , si possible ?",formation
Quelles sont les UE obligatoires pour le Parcours Data Science ?,formation
Combien d’absences sont autorisées avant une sanction ?,reglement
J’aimerais savoir : Où soumettre la demande de carte étudiante ?,procedure_administrative
J’aimerais savoir : Quelles sont les matières principales en Informatique ?,formation
Où puis-je imprimer mes documents sur le campus ?,service_campus
"Bonsoir, Quelles sont les règles pour le retrait d’un cours ?",reglement
Comment demander un report d’admission ?,procedure_administrative
Existe-t-il un minimum de crédits ou de moyenne par semestre  ??,reglement
Combien de crédits faut-il pour se spécialiser en Lettres modernes ?,formation
"S'il vous plaît, Comment me connecter au Wi-Fi de l’université ?",service_campus
"Pourriez-vous me dire : Quelles sont les règles pour le retrait d’un cours , merci d’avance ?",reglement
"S'il vous plaît, Quelle est la politique concernant le retards  !?",reglement
Pourriez-vous me dire : Quels sont les prérequis pour le Master Robotique ?,formation
"Bonsoir, y a-t-il un règlement spécifique pour les stages ?",reglement
Quelle est la politique concernant le absence aux cours ?,reglement
J’aimerais savoir : Pourriez-vous m’indiquer le créneau de programmation Python ?,emploi_du_temps
Puis-je changer de majeure ou de spécialisation en cours d’année ?,formation
"J’ai perdu mes clés, où se situe le bureau des objets trouvés ?",service_campus
Pourriezv-ous me dire : Où consulter le code de conduite des étudiants ?,reglement
Petite question : Quel est l’horaire du cours de économie avec le professeur Leroy ?,emploi_du_temps
J’aimerais savoir : Combien d’absences sont autorisées avant une sanction ?,reglement
"Combien de crédits faut-il pour se spécialiser en Psychologie , pour la semaine prochaine ?",formation
Quels documents sont requis pour un changement de parcours ?,procedure_administrative
"Quels sont les horaires d’ouverture de la gymnase , pour aujourd’hui ?",service_campus
Puis-je réserver une salle de travail ou un terrain de sport ?,service_campus
Pourriez-vous me dire : Quelle est la politique concernant le retards ?,reglement
"Bonsoir, quels sont les prerequis pour le Parcours Data Science ?",formation
À quelle heure commencent les TD de droit public ?,emploi_du_temps
Combien de crédits faut-il pour se spécialiser en Philosophie ?,formation
Pourriez-vous me dire : Quand a lieu le prochain cours de algèbre avancée ?,emploi_du_temps
Pourriez-vous m’indiquer le créneau de statistiques appliquées ?,emploi_du_temps
"Bonsoir, J’aimerais savoir : J’aimerais savoir quand se déroule le cours de économie ?",emploi_du_temps
J’aimerais savoir : Quel est l’horaire du cours de droit public avec le professeur Dubois ?,emploi_du_temps
"J’aimerais savoir : Combien d’absences sont autorisées avant une sanction , merci d’avance ?",reglement
Pourriez-vous me dire : Quels sont les prérequis pour le Licence Histoire ?,formation
Comment me connecter au ENT de l’université ?,service_campus
"Bonjour, où et à quelle heure est mon cours du lundi à 10h00 , pour la semaine prochaine ?",emploi_du_temps
J’aimerais savoir : Comment renouveler ma carte étudiante ?,procedure_administrative
"Excusez-moi, quel est l’horaire du cours de droit public avec le professeur Bennani ?",emploi_du_temps
Combien de crédits faut-il pour se spécialiser en Informatique ?,formation
Pourriez-vous me dire : Où soumettre la demande de carte étudiante ?,procedure_administrative
Où se trouve la maison des étudiants ?,service_campus
Quelle est la date limite pour l’inscription aux cours ?,procedure_administrative
Existe-t-il un minimum de crédits ou de moyenne par semestre ?,reglement
Est-il possible de savoir comment réussir le prochain module de statistiques ?,formation
"Pardon, où déposer mon dossier pour candidater pour la remise de diplôme ?",procedure_administrative
Où et à quelle heure est mon cours du lundi à 8h30 ?,emploi_du_temps
"Pardon, Puis-je réserver une salle de travail ou un terrain de sport ?",service_campus
Pourriez-vous me dire : Y a-t-il un règlement spécifique pour les stages ?,reglement
Combien d’absences sont autorisées avant une sanction  ??,reglement
"Bonsoir, Quand a lieu le prochain cours de économie ?",emploi_du_temps
Où soumettre la demande de carte étudiante ?,procedure_administrative
"Bonsoir, Puis-je changer de majeure ou de spécialisation en cours d’année ?",formation
"S'il vous plaît, pourriez-vous me dire : Quel est l’horaire du cours de analyse de données avec le professeur Anderson … ?",emploi_du_temps
Comment demander un report d’admission ?,procedure_administrative
Combien d’absences sont autoriées avant une sanction ?,reglement
Puis-je changer de majeure ou de spécialisation en cours d’année ?,formation
J’aimerais savoir : Où soumettre la demande de carte étudiante ?,procedure_administrative
"S'il vous plaît, quel est l’horaire du cours de psychologie cognitive avec le professeur Moreau ?",emploi_du_temps
"J’ai perdu mes clés, où se situe le bureau des objets trouvés ?",service_campus
Comment obtenir une convention de stage ?,procedure_administrative
"Excusez-moi, puis-je réserver une salle de travail ou un terrain de sport , merci d’avance ?",service_campus
Quel est l’horaire du cours de statistiques appliquées avec le professeur Nguyen  !?,emploi_du_temps
"Quelle est la date limite pour la demande d’aide financière , c’est urgent ?",procedure_administrative
Quel est l’horaire du cours de économie avec le professeur Dupont  ??,emploi_du_temps
Est-il possible de savoir combien d’absences sont autorisées avant unnne sanction ?,reglement
Est-il possible de savoir que se passe-t-il en cas de triche à un examen ?,reglement
Où puis-je imprimer mes documents sur le campus ?,service_campus
Pourriez-vous me dire : Puis-je changer de majeure ou de spécialisation en cours d’année ?,formation
Quelles sont les UE obligatoires pour le Master Psychologie ?,formation
Où soumettre la demande de carte étudiante ?,procedure_administrative
Pourriez-vous me dire : Comment candidater pour la remise de diplôme ?,procedure_administrative
Est-il possible de savoir puis-je changer de majeure ou de spécialisation en cours d’année ?,formation
Est-il possible de savoir comment renouveler ma carte étudiante ?,procedure_administrative
Quels documents sont requis pour un changement de parcours ?,procedure_administrative
"S'il vous plaît, Y a-t-il un règlement spécifique pour les stages ?",reglement
"Puis-je changer de majeure ou de spécialisation en cours d’année , pour la semaine prochaine ?",formation
Petite question : est-il possible de savoir où déposer mon dossier pour mettre à jour mon adresse ?,procedure_administrative
Puis-je réserver une salle de travail ou un terrain de sport ?,service_campus
Pourriez-vous me dire :J’aimerais savoir quand se déroule le cours de littérature moderne ?,emploi_du_temps
"Quelle est la politique concernant le retards , si possible ?",reglement
"Pardon, comment réussir le prochain module de statistiques ?",formation
Petite question : Quelles sont les matières principales en Informatique ?,formation
"Excusez-moi, J’aimerais savoir : Puis-je changer de majeure ou de spécialisation en cours d’année ?",formation
"Excusez-moi, pourriez-vous me dire : Où déposer mon dossier pour demander un relevé officiel ?",procedure_administrative
J’aimerais savoir : Quelle est la politique concernant le rattrapage d’examen ?,reglement
"Où et à quelle heure est mon cours du lundi à 10h00 , pour aujourd’hui ?",emploi_du_temps
Quelle est la date limite pour l’inscription aux cours ?,procedure_administrative
Où déposer mon dossier pour payer mes frais de scolarité ?,procedure_administrative
J’aimerais savoir : J’aimerais savoir quand se déroule le cours de statistiques appliquées ?,emploi_du_temps
"Bonsoir, où puis-je imprimer mes documents sur le campus ?",service_campus
Existe-t-il un minimum de crédits ou de moyenne par semestre ?,reglement
"Pourriez-vous me dire : le vpn ne fonctionne pas, que puis-je faire ?",service_campus
"J’ai perdu mes clés, où se situe le bureau des objets trouvés , merci d’avance  ??",service_campus
"Bonsoir, quels sont les horaires d’ouverture de la gymnase ?",service_campus
Quand a lieu le prochain cours de analyse de données ?,emploi_du_temps
Où puis-je imprimer mes documents sur le campus ?,service_campus
"Bonsoir, j’aimerais savoir : Quand a lieu le prochain cours de programmation Python  !?",emploi_du_temps
"Quel est l’horaire du cours de littérature moderne avec le professeur Moreau , pour aujourd’hui ?",emploi_du_temps
J’aimerais savoir quand se déroule le cours de économie. — pour aujourd’hui ?,emploi_du_temps
Où soumettre la demande de carte étudiante ?,procedure_administrative
"Bonsoir, comment me connecter au portail étudiant de l’université  ??",service_campus
Pourriez-vous me dire : Que se passe-t-il en cas de triche à un examen ?,reglement
"Comment demander un report d’admission , pour la semaine prochaine ?! ?",procedure_administrative
Puis-je changer de majeure ou de spécialisation en cours d’année ?,formation
Comment demander un relevé oficiel ?,procedure_administrative
"Bonsoir, pourriez-vous me dire : Où consulter le code de conduite des étudiants ?",reglement
J’aimerais savoir : Pouvez-vous me donner l’emploi du temps du semestre de été pour statistiques appliquées ?,emploi_du_temps
J’aimerais savoir : Quels sont les prérequis pour le Licence Histoire ?,formation
Pourriez-vous me dire : Quelle est la date limite pour l’abandon d’une UE ?,procedure_administrative
Est-il possible de savoir quelles sont les matières principales en Philosophie ?,formation
À quelle heure commencent les TD de psychologie cognitive ?,emploi_du_temps
Pouvez-vous me donner l’emploi du temps du semestre de été pour microéconomie ?,emploi_du_temps
Quels sont les horaires d’ouverture de la service logement ?,service_campus
J’aimerais savoir : Où déposer mon dossier pour mettre à jour mon adresse ?,procedure_administrative
Comment réussir le prochain module de statistiques ?,formation
"Bonjour, est-il possible de savoir que se passe-t-il en cas de triche à un examen ?",reglement
"S'il vous plaît, Pourriez-vous me dire : Combien de crédits faut-il pour se spécialiser en Lettres modernes ?",formation
"Pardon, pourriez-vous me dire : Puis-je changer de majeure ou de spécialisation en cours d’année ?",formation
Pourriez-vous me dire : Comment réussir le prochain module de statistiques … ?,formation
"Bonjour, Est-il possible de savoir que se passe-t-il en cas de triche à un examen , c’est urgent ?",reglement
Puis-je réserver une salle de travail ou un terrain de sport ?,service_campus
Où consulter le code de conduite des étudiants ?! ?,reglement
Puis-je changer de majeure ou de spécialisation en cours d’année ?,formation
"Bonjour, quelle est la politique concernant le probation académique ?",reglement
Puis-je changer de majeure ou de spécialisation en cours d’année  !?,formation
J’aimerais savoir : Que se passe-t-il en cas de triche à un examen ?,reglement
Quelle est la politique concernant le retards ?,reglement
Pouvez-vous me donner l’emploi du temps du semestre de automne pour biologie cellulaire ?,emploi_du_temps
Petite question : pourriez-vous me dire : À quelle heure commencent les TD de statistiques appliquées ?,emploi_du_temps
Comment obtenir une convention de stage ?,procedure_administrative
J’aimerais savoir : Comment candidater pour la remise de diplôme ?,procedure_administrative
"S'il vous plaît, Est-il possible de savoir où déposer mon dossier pour demander un relevé officiel ?",procedure_administrative
Porriez-vous me dire : Quelles sont les règles pour le retrait d’un cours ?,reglement
Petite question : où déposer mon dossier pour mettre à jour mon adresse ?,procedure_administrative
Combien de crédits faut-il pour se spécialiser en Psychologie ?,formation
Quels sont les horaires d’ouverture de la centre de santé ?,service_campus
Est-il possible de savoir quelles sont les ue obligatoires pour le licence histoire ?! ?,formation
Petite question : pourriez-vous me dire : Puis-je réserver une salle de travail ou un terrain de sport ?,service_campus
"J’aimerais savoir : combien de crédits faut-il pour se spécialiser en informatique , pour la semaine prochaine ?",formation
"Bonsoir, est-il possible de savoir quel est l’horaire du cours de biologie cellulaire avec le professeur Leroy ?",emploi_du_temps
Petite question : où soumettre la demande de carte étudiante  !?,procedure_administrative
Est-il possible de savoir où se trouve la maison des étudiants ?,service_campus
Comment réussir le prochain module de statistiques ?,formation
"Bonjour, où se trouve la bureau des carrières , c’est urgent ?",service_campus
"Bonjour, Pourriez-vous me dire : Que se passe-t-il en cas de triche à un examen ?",reglement
Où soumettre la demande de carte étudiante ?,procedure_administrative
J’aimerais savoir : Puis-je réserver une salle de travail ou un terrain de sport … ?,service_campus
"Bonsoir, Puis-je réserver une salle de travail ou un terrain de sport , pour la semaine prochaine ?",service_campus
Pourriez-vous me dire : Puis-je réserver une salle de travail ou un terrain de sport ?! ?,service_campus
"Que se passe-t-il en cas de triche à un examen , pour la semaine prochaine ?",reglement
"Excusez-moi, j’aimerais savoir : Puis-je changer de majeure ou de spécialisation en cours d’année ?",formation
"Bonsoir, Où puis-je imprimer mes documents sur le campus , si possible  ??",service_campus
J’aimerais savoir : Quelles sont les UE obligatoires pour le Master Psychologie ?,formation
J’aimerais savoir : Puis-je réserver une salle de travail ou un terrain de sport … ?,service_campus
Est-il possible de savoir quels documents sont requis pour un changement de parcours  !?,procedure_administrative
Puis-je changer de majeure ou de spécialisation en cours d’année ?,formation
"Bonjour, Combien d’absences sont autorisées avant une sanction ?",reglement
"Bonsoir, Combien de crédits faut-il pour se spécialiser en Psychologie ?",formation
"Bonjour, Où soumettre la demande de carte étudiante ?",procedure_administrative
"Bonjour, où soumettre la demande de carte étudiante , c’est urgent ?",procedure_administrative
Existe-t-il un minimum de crédits ou de moyenne par semestre ?,reglement
Pourriez-vous me dire : j’aimerais savoir quand se déroule le cours de littérature moderne ?,emploi_du_temps
Y a-t-il un règlement spécifique pour les stages ?,reglement
"Comment me connecter au Wi-Fi de l’université , pour la semaine prochaine ?",service_campus
Petite question : Où soumettre la demande de carte étudiante ?,procedure_administrative
"Le Wi-Fi ne fonctionne pas, que puis-je faire ?! ?",service_campus
Pourriez-vous m’indiquer le créneau de statistiques appliquées ?,emploi_du_temps
"Où puis-je imprimer mes documents sur le campus , pour aujourd’hui  ??",service_campus
"Pardon, est-il possible de savoir combien d’absences sont autorisées avant une sanction ?",reglement
"Où déposer mon dossier pour demander un relevé officiel , pour aujourd’hui ?",procedure_administrative
"Excusez-moi, que se passe-t-il en cas de triche à un examen ?",reglement
Comment me connecter au portail étudiant de l’université ?,service_campus
"Pardon, Puis-je changer de majeure ou de spécialisation en cours d’année , pour la semaine prochaine ?",formation
"Le ENT ne fonctionne pas, que puis-je faire ?",service_campus
Pourriez-vous me dire : Comment candidater pour la remise de diplôme ?,procedure_administrative
Pourriez-vous me dire : Combien de crédits faut-il pour se spécialiser en Lettres modernes ?,formation
Où puis-je imprimer mes documents sur le campus  !?,service_campus
Combien de crédits faut-il pour se spécialiser en Psychologie ?,formation
J’aimerais savoir : Quels sont les prérequis pour le Master Psychologie  ??,formation
"Bonsoir, comment demander un report d’admission , merci d’avance ?",procedure_administrative
"J’ai perdu mes clés, où se situe le bureau des objets trouvés , pour aujourd’hui ?",service_campus
"Le portail étudiant ne fonctionne pas, que puis-je faire ?",service_campus
À quelle heure commencent les TD de analyse de données ?,emploi_du_temps
"Où puis-je imprimer mes documents sur le campus , pour aujourd’hui ?",service_campus
"Combien d’absences sont autorisées avant une sanction , pour la semaine prochaine ?",reglement
Pourriez-vous m’indiquer le créneau de programmation Python ?,emploi_du_temps
Est-il possible de savoir où se trouve la service logement ?,service_campus
"Excusez-moi, est-il possible de savoir quels sont les prérequis pour le MBA Finance ?",formation
"Pourriez-vous me dire : Comment me connecter au portail étudiant de l’université , c’est urgent ?",service_campus
"Pardon, existe-t-il un minimum de crédits ou de moyenne par semestre ?",reglement
"Où et à quelle heure est mon cours du jeudi à 8h30 , si possible ?",emploi_du_temps
"Quelles sont les UE obligatoires pour le Parcours Data Science , pour aujourd’hui ?",formation
"Le Wi-Fi ne fonctionne pas, que puis-je faire ?",service_campus
J’aimerais savoir : Puis-je changer de majeure ou de spécialisation en cours d’année ?,formation
"Pourriez-vous m’indiquer le créneau de psychologie cognitive , merci d’avance ?",emploi_du_temps
Quels documents sont requis pour un changement de parcours ?,procedure_administrative
Quel est l’horaire du cours de psychologie cognitive avec le professeur Dupont ?,emploi_du_temps
"Pardon, J’ai perdu mes clés, où se situe le bureau des objets trouvés ?",service_campus
Combien de crédits faut-il pour se spécialiser en Philosophie ?,formation
"Excusez-moi, pourriez-vous me dire : Existe-t-il un minimum de crédits ou de moyenne par semestre ?",reglement
Où soumettre la demande de carte étudiante ?,procedure_administrative
"Excusez-moi, que se passe-t-il en cas de triche à un examen ?",reglement
Quelles sont les règles pour le retrait d’un cours ?,reglement
Où puis-je imprimer mes documents sur le campus ?,service_campus
Pourriez-vous me dire : comment demander un report d’admission ?,procedure_administrative
"J’aimerais savoir : J’ai perdu mes clés, où se situe le bureau des objets trouvés ?",service_campus
"S'il vous plaît, où soumettre la demande de carte étudiante ?",procedure_administrative
"Excusez-moi, est-il possible de savoir j’ai perdu mes clés, où se situe le bureau des objets trouvés ?",service_campus
Puis-je réserver une salle de travail ou un terrain de sport ?,service_campus
Est-il possible de savoir comment me connecter au ENT de l’université ?,service_campus
"S'il vous plaît, quel est l’horaire du cours de robotique avec le professeur Leroy ?",emploi_du_temps
"Bonjour, quels documents sont requis pour un changement de parcours ?",procedure_administrative
Comment demander un relevé officiel ?,procedure_administrative
Combien de crédits faut-il pour se spécialiser en Philosophie ?,formation
Est-il possible de savoir où se trouve la gymnase ?,service_campus
Quelles sont les UE obligatoires pour le Master Robotique ?! ?,formation
"Excusez-moi, Est-il possible de savoir que se passe-t-il en cas de triche à un examen ?",reglement
Comment mettre à jour mon adresse ?,procedure_administrative
Quel est l’horaire du cours de économie avec le professeur Bennani ?! ?,emploi_du_temps
Petite question : est-il possible de savoir existe-t-il un minimum de crédits ou de moyenne par semestre ?,reglement
J’aimerais savoir quand se déroule le cours de robotique. ?,emploi_du_temps
J’aimerais savoir : Quelles sont les matières principales en Lettres modernes ?,formation
Quelles sont les règles pour le retrait d’un cours ?,reglement
Quand a lieu le prochain cours de biologie cellulaire ?,emploi_du_temps
"Bonsoir, combien d’absences sont autorisées avant une sanction ?",reglement
Petite question : Pourriez-vous me dire : Quels sont les horaires d’ouverture de la service logement ?,service_campus
J’aimerais savoir : Quels sont les horaires d’ouverture de la centre de santé ?,service_campus
Est-il possible de savoir y a-t-il un règlement spécifique pour les stages ?,reglement
"Bonjour, comment réussir le prochain module de statistiques ?",formation
Quelles sont les règles pour le retrait d’un cours ?,reglement
Pourriez-vous me dire : Comment me connecter au VPN de l’université ?,service_campus
"S'il vous plaît, puis-je changer de majeure ou de spécialisation en cours d’année ?",formation
Combien d’absences sont autorisées avant une sanction ?,reglement
"Bonsoir, pourriez-vous me dire : pourriez-vous m’indiquer le créneau de biologie cellulaire ?",emploi_du_temps
"Quelles sont les matières principales en Lettres modernes , si possible ?",formation
"Que se passe-t-il en cas de triche à un examen , si possible ?",reglement
J’aimerais savoir : Combien d’absences sont autorisées avant une sanction ?,reglement
Quels documents sont requis pour un changement de parcours ?,procedure_administrative
J’aimerais savoir : Quelles sont les matières principales en Lettres modernes ?,formation
"Est-il possible de savoir quelles sont les matières principales en Psychologie , merci d’avance ?",formation
"Bonjour, quel est l’horaire du cours de microéconomie avec le professeur bennani ?",emploi_du_temps
Comment demander un report d’admission ?,procedure_administrative
Que se passe-t-il en cas de triche à un examen ?,reglement
Puis-je réserver une salle de travail ou un terrain de sport ?,service_campus
Pourriez-vous me dire : Où et à quelle heure est mon cours du mardi à 8h30 ?,emploi_du_temps
Quelles sont les matières principales en Biologie ?,formation
Est-il possible de savoir combien de crédits faut-il pour se spécialiser en Psychologie ?,formation
"J’ai perdu mes clés, où se situe le bureau des objets trouvés , si possible  ??",service_campus
Quel est l’horaire du cours de algèbre avancée avec le professeur Moreau ?,emploi_du_temps
"Excusez-moi, Est-il possible de savoir puis-je réserver une salle de travail ou un terrain de sport ?",service_campus
"Pourriez-vous me dire : Quels documents sont requis pour un changement de parcours , c’est urgent ?",procedure_administrative
"Excusez-moi, Quel est l’horaire du cours de psychologie cognitive avec le professeur Leroy , merci d’avance ?",emploi_du_temps
"Que se passe-t-il en cas de triche à un examen , si possible ?",reglement
Quelles sont les UE obligatoires pour le Parcours Data Science ?,formation
"Quelle est la date limite pour l’abandon d’une UE , c’est urgent ?",procedure_administrative
"Est-il possible de savoir où déposer mon dossier pour demander un relevé officiel , c’est urgent ?",procedure_administrative
Où soumettre la demande de carte étudiante ?,procedure_administrative
"Est-il possible de savoir quelle est la politique concernant le plagiat , pour aujourd’hui … ?",reglement
J’aimerais savoir : Quelles sont les matières principales en Psychologie ?,formation
Pourriez-vous me dire : Puis-je réserver une salle de travail ou un terrain de sport ?,service_campus
"Le portail étudiant ne fonctionne pas, que puis-je faire ?",service_campus
"Bonjour, Le ENT ne fonctionne pas, que puis-je faire … ?",service_campus
"Combien d’absences sont autorisées avant une sanction , pour aujourd’hui ?",reglement
"J’ai perdu mes clés, où se situe le bureau des objets trouvés ?",service_campus
"J’ai perdu mes clés, où se situe le bureau des objets trouvés ?",service_campus
Est-il possible de savoir comment me connecter au ENT de l’université ?,service_campus
"J’ai perdu mes clés, où se situe le bureau des objets trouvés  !?",service_campus
"Bonjour, où soumettre la demande de carte étudiante ?",procedure_administrative
"S'il vous plaît, j’aimerais savoir : Puis-je changer de majeure ou de spécialisation en cours d’année ?",formation
Comment réussir le prochain module de statistiques ?,formation
Petite question : pourriez-vous me dire : quels documents sont requis pour un changement de parcours ?,procedure_administrative
"Pardon, Quand a lieu le prochain cours de economie ?",emploi_du_temps
Petite question : Est-il possible de savoir quelle est la date limite pour l’abandon d’une UE ?,procedure_administrative
Puis-je réserver une salle de travail ou un terrain de sport  ??,service_campus
Pourriez-vous me dire : Puis-je changer de majeure ou de spécialisation en cours d’année ?,formation
Est-il possible de savoir comment me connecter au Wi-Fi d l’université ?,service_campus
"Bonjour, Quel est l’horaire du cours de microéconomie avec le professeur Anderson ?",emploi_du_temps
"Pardon, pourriez-vous me dire : J’aimerais savoir quand se déroule le cours de biologie cellulaire ?",emploi_du_temps
"Bonsoir, Où consulter le code de conduite des étudiants , c’est urgent ?",reglement
J’aimerais savoir quand se déroule le cours de robotique. ?,emploi_du_temps
"Excusez-moi, J’aimerais savoir : Où puis-je imprimer mes documents sur le campus ?",service_campus
J’aimerais savoir : Existe-t-il un minimum de crédits ou de moyenne par semestre ?,reglement
Ou se trouve la service logement ?,service_campus
Où se trouve la bibliothèque centrale ?,service_campus
Quels sont les prérequis pour le MBA Finance ?,formation
J’aimerais savoir : Comment obtenir une conventiooon de stage ?,procedure_administrative
Pourriez-vous me dire : Que se passe-t-il en cas de triche à un examen ?,reglement
"Bonjour, y a-t-il un règlement spécifique pour les stages , pour la semaine prochaine ?",reglement
J’aimerais savoir : Quand a lieu le prochain cours de microéconomie … ?,emploi_du_temps
"Pardon, quel est l’horaire du cours de chimie organique avec le professeur Bennani ?",emploi_du_temps
"Excusez-moi, quand a lieu le prochain cours de économie , merci d’avance ?",emploi_du_temps
Pourriez-vous me dire : Que se passe-t-il en cas de triche à un examen ?,reglement
"Bonjour, pourriez-vous me dire : Puis-je réserver une salle de travail ou un terrain de sport ?",service_campus
Combien de crédits faut-il pour se spécialiser en Lettres modernes ?,formation
Pourriez-vous me dire : Quelles sont les UE obligatoires pour le Parcours Data Science ?,formation
"J’aimerais savoir : Pouvez-vous me donner l’emploi du temps du semestre de printemps pour robotique , pour la semaine prochaine ?",emploi_du_temps
Y a-t-il un règlement spécifique pour les stages ?,reglement
Comment demander un report d’admission ?,procedure_administrative
Est-il possible de savoir pourriez-vous m’indiquer le créneau de biologie cellulaire ?,emploi_du_temps
"Bonjour, À quelle heure commencent les TD de robotique ?",emploi_du_temps
Quels sont les horaires d’ouverture de la centre de santé ?,service_campus
Où puis-je imprimer mes documents sur le campus ?! ?,service_campus
"Quels sont les prérequis pour le Licence Histoire , si possible ?",formation
"Excusez-moi, est-il possible de savoir où consulter le code de conduite des étudiants ?",reglement
Où puis-je imprimer mes documents sur le campus ?,service_campus
À quelle heure commencent les TD de psychologie cognitive ?,emploi_du_temps
Quelle est la politique concernant le absence aux cours ?,reglement
"Le ENT ne fonctionne pas, que puis-je faire ?",service_campus
"S'il vous plaît, le Wi-Fi ne fonctionne pas, que puis-je faire , c’est urgent ?",service_campus
Combien d’absences sont autorisées avant une sanction ?,reglement
Petite question : quelles sont les règles pour le retrait d’un cours ?,reglement
"Quelles sont les matières principales en Informatique , puor aujourd’hui ?",formation
J’aimerais savoir : Quelles sont les règles pour le retrait d’un cours ?,reglement
"Puis-je changer de majeure ou de spécialisation en cours d’année , c’est urgent ?",formation
"Pardon, comment demander un report d’admission ?",procedure_administrative
Puis-je réserver une salle de travail ou un terrain de sport ?,service_campus
J’aimerais savoir quand se déroule le cours de droit public. ?,emploi_du_temps
Puis-je réserver une salle de travail ou un terrain de sport ?,service_campus
Où déposer mon dossier pour obtenir une convention de stage ?,procedure_administrative
"Excusez-moi, où déposer mon dossier pour demander un relevé officiel ?",procedure_administrative
J’aimerais savoir : Que se passe-t-il en cas de triche à un examen ?,reglement
"Quels documents sont requis pour un changement de parcours , pour aujourd’hui ?",procedure_administrative
Où consulter le code de conduite des étudiants ?,reglement
Quelle est la politique concernant le rattrapage d’examen ?,reglement
"Bonjour, est-il possible de savoir quelles sont les matières principales en Biologie , merci d’avance ?",formation
Quelles sont les matières principales en Philosophie ?,formation
Pourriez-vous me dire : Y a-t-il un règlement spécifique pour les stages ?,reglement
Est-il possible de savoir quels sont les horaires d’ouverture de la gymnase ?,service_campus
Est-il possible de savoir quel est l’horaire du cours de biologie cellulaire avec le professeur Anderson ?,emploi_du_temps
Combien de crédits faut-il pour se spécialiser en Biologie  !?,formation
Où soumettre la demande de carte étudiante ?,procedure_administrative
Quelles sont les règles pour le retrait d’un cours ?,reglement
Pourriez-vous me dire : Quel est l’horaire du cours de psychologie cognitive avec le professeur Leroy ?,emploi_du_temps
"Y a-t-il un règlement spécifique pour les stages , pour aujourd’hui ?",reglement
Comment réussir le prochain module de statistiques ?,formation
Où puis-je imprimer mes documents sur le campus ?,service_campus
Pourriez-vous me dire : Comment me connecter au VPN de l’université ?,service_campus
Quelles sont les UE obligatoires pour le Master Robotique ?,formation
J’aimerais savoir : Quelle est la date limite pour l’abandon d’une UE ?,procedure_administrative
"Pardon, Pourriez-vous me dire : Combien d’absences sont autorisées avant une sanction  ??",reglement
Quelle est la date limite pour l’inscription aux cours ?,procedure_administrative
Que se passe-t-il en cas de triche à un examen ?,reglement
Est-il possible de savoir quels documents sont requis pour un changement de parcours ?,procedure_administrative
"Excusez-moi, puis-je changer de majeure ou de spécialisation en cours d’année , c’est urgent ?",formation
"Excusez-moi, Quels sont les prérequis pour le MBA Finance ?",formation
Puis-je changer de majeure ou de spécialisation en cours d’année ?,formation
"Bonjour, Où soumettre la demande de carte étudiante ?",procedure_administrative
Quand a lieu le prochain cours de psychologie cognitive ?,emploi_du_temps
"Comment réussir le prochain module de statistiuqes , pour aujourd’hui ?",formation
Quel est l’horaire du cours de littérature moderne avec le professeur Bennani ?,emploi_du_temps
Est-il possible de savoir existe-t-il un minimum de crédits ou de moyenne par semestre ?,reglement
Est-il possible de savoir quelles sont les règles pour le retrait d’un cours ?,reglement
Où déposer mon dossier pour candidater pour la remise de diplôme ?,procedure_administrative
"Est-il possible de savoir le portail étudiant ne fonctionne pas, que puis-je faire , merci d’avance ?",service_campus
"Excusez-moi, j’aimerais savoir : Comment me connecter au VPN de l’université ?",service_campus
Puis-je réserver une salle de travail ou un terrain de sport ?,service_campus
Pouvez-vous me donner l’emploi du temps du semestre de automne pour programmation Python ?,emploi_du_temps
Où puis-je imprimer mes documents sur le campus ?,service_campus
Pourriez-vous me dire : Comment réussir le prochain module de statistiques ?,formation
Quel est l’horaire du cours de robotique avec le professeur Moreau ?,emploi_du_temps
Combien d’absences sont autorisées avant une sanction ?,reglement
Quel est l’horaire du cours de droit public avec le professeur Moreau ?,emploi_du_temps
J’aimerais savoir : Puis-je réserver une salle de travail ou un terrain de sport ?,service_campus
J’aimerais savoir : Quelles sont les matières principales en Informatique ?,formation
Où déposer mon dossier pour renouveler ma carte étudiante ?,procedure_administrative
Est-il possible de savoir comment renouveler ma carte étudiante ?,procedure_administrative
Puis-je réserver une salle de travail ou un terrain de sport ?,service_campus
Quels sont les prérequis pour le Parcours Data Science ?,formation
Comment obtenir une convention de stage ?,procedure_administrative
Quelles sont les règles pour le retrait d’un cours ?,reglement
J’aimerais savoir : Où consulter le code de conduite des étudiants ?,reglement
"J’aimerais savoir : Quel est l’horaire du cours de chimie organique avec le professeur Leroy , pour la semaine prochaine ?",emploi_du_temps
Comment obtenir une convention de stage ?,procedure_administrative
"Bonjour, quels documents sont requis pour un changement de parcours ?",procedure_administrative
Quelle est la date limite pour la demande d’aide financière ?,procedure_administrative
J’aimerais savoir quand se déroule le cours de algèbre avancée. — merci d’avance ?,emploi_du_temps
"Quel est l’horaire du cours de statistiques appliquées avec le professeur Leroy , si possible ?",emploi_du_temps
"Le portail étudiant ne fonctionne pas, que puis-je faire , pour aujourd’hui  !?",service_campus
"Excusez-moi, J’aimerais savoir : Quelles sont les règles pour le retrait d’un cours ?",reglement
Est-il possible de savoir comment me connecter au VPN de l’université ?,service_campus
J’aimerais savoir : Où consulter le code de conduite des étudiants  !?,reglement
Pourriez-vous me dire : Quelles sont les matières principales en Biologie ?,formation
Petite question : Où et à quelle heure est mon cours du mercredi à 8h30  ??,emploi_du_temps
"Bonsoir, comment réussir le prochain module de statistiques ?",formation
Comment réussir le prochain module destatistiques ?,formation
Où puis-je imprimer mes documents sur lec ampus ?,service_campus
Pourriez-vous me dire : Puis-je changer de majeure ou de spécialisation en cours d’année ?,formation
"Excusez-moi, puis-je réserver une salle de travail ou un terrain de sport ?",service_campus
Quelles sont les matières principales en Informatique ?,formation
Puis-je changer de majeure ou de spécialisation en cours d’année ?,formation
"Est-il possible de savoir où soumettre la demande de carte étudiante , c’est urgent ?",procedure_administrative
Pourriez-vous me dire : Quels documents sont requis pour un changement de parcours ?,procedure_administrative
"Est-il possible de savoir quelles sont les matières principales en Informatique , merci d’avance ?",formation
Puis-je changer de majeure ou de spécialisation en cours d’année ?,formation
J’aimerais savoir : Quels sont les prérequis pour le Licence Histoire ?,formation
J’aimerais savoir : Que se passe-t-il en cas de triche à un examen ?,reglement
Quel est l’horaire du cours de économie avec le professeur Martin ?,emploi_du_temps
"Pardon, Est-il possible de savoir combien de crédits faut-il pour se spécialiser en Informatique ?",formation
"Est-il possible de savoir quelles sont les règles pour le retrait d’un cours , pour aujourd’hui ?",reglement
Comment candidater pour la remise de diplôme ?,procedure_administrative
Est-il possible de savoir puis-je réserver une salle de travail ou un terrain de sport ?,service_campus
Où soumettre la demande de carte étudiante ?,procedure_administrative
J’aimerais savoir : Existe-t-il un minimum de crédits ou de moyenne par semestre  !?,reglement
"S'il vous plaît, pouvez-vous me donner l’emploi du temps du semestre de été pour littérature moderne ?",emploi_du_temps
"Bonjour, Pourriez-vous me dire : Comment renouveler ma carte étudiante ?",procedure_administrative
"Quels documents sont requis pour un changement de parcours , pour aujourd’hui ?",procedure_administrative
"S'il vous plaît, j’aimerais savoir : Quels sont les horaires d’ouverture de la maison des étudiants ?",service_campus
Est-il possible de savoir quand a lieu le prochain cours de droit public ?,emploi_du_temps
J’aimerais savoir : Quels documents sont requis pour un changement de parcours ?,procedure_administrative
Comment demander un report d’admission … ?,procedure_administrative
Puis-je changer de majeure ou de spécialisation en cours d’année ?,formation
À quelle heure commencent les TD de biologie cellulaire ?,emploi_du_temps
Est-il possible de savoir comment payer mes frais de scolarité ?,procedure_administrative
Quelle est la politique concernant le probation académique ?! ?,reglement
Est-il possible de savoir où puis-je imprimer mes documents sur le campus ?,service_campus
Combien d’absences sont autorisées avant une sanction ?,reglement
"Pardon, Puis-je réserver une salle de travail ou un terrain de sport ?",service_campus
"Excusez-moi, puis-je réserver une salle de travail ou un terrain de sport ?",service_campus
Que se passe-t-il en cas de triche à un examen ?,reglement
"J’aimerais savoir : Combien d’absences sont autorisées avant une sanction , c’est urgent ?! ?",reglement
"Quel est l’horaire du cours de littérature moderne avec le professeur Bennani , pour aujourd’hui ?",emploi_du_temps
Quand a lieu le prochain cours de psychologie cognitive  ??,emploi_du_temps
J’aimerais savoir quand se déroule le cours de droit public. — si possible ?,emploi_du_temps
Quels sont les prérequis pour le Licence Histoire ?,formation
Petite question : quelle est la politique concernant le retards ?,reglement
"J’aimerais savoir : Quelles sont les matières principales en Biologie , c’est urgent … ?",formation
J’aimerais savoir : Combien de crédits faut-il pour se spécialiser en Lettres modernes ?,formation
Comment réussir le prochain module de statistiques ?,formation
"Excusez-moi, Combien d’absences sont autorisées avant une sanction ?",reglement
"Bonjour, Quel est l’horaire du cours de robotique avec le professeur Marti , c’est urgent ?",emploi_du_temps
"Pardon, que se passe-t-il en cas de triche à un examen ?",reglement
Où déposer mon dossier pour candidater pour la remise de diplôme ?! ?,procedure_administrative
"Pardon, Comment réussir le prochain module de statistiques ?",formation
Quel est l’horaire du cours de économie avec le professeur Leroy ?,emploi_du_temps
"S'il vous plaît, Où et à quelle heure est mon cours du mercredi à 8h30 ?",emploi_du_temps
Petite question : Quand a lieu le prochain cours de robotique  ??,emploi_du_temps
J’aimerais savoir : Où soumettre la demande de carte étudiante ?,procedure_administrative
J’aimerais savoir : Combien de crédits faut-il pour se spécialiser en Philosophie ?,formation
"J’aimerais savoir : Comment réussir le prochain module de statistiques , si possible ?",formation
J’aimerais savoir quand se déroule le cours de programmation Python. ?,emploi_du_temps
Pourriez-vous m’indiquer le créneau de statistiques appliquées ?,emploi_du_temps
Pourriez-vous me dire : Comment réussir le prochain module de statistiques ?,formation
"Quand a lieu le prochain cours de microéconomie , pour la semaine prochaine ?",emploi_du_temps
Comment réussir le prochain module de statistiques ?,formation
"Bonjour, Pourriez-vous me dire : Quels documents sont requis pour un changement de parcours , pour aujourd’hui ?",procedure_administrative
Pourriez-vous m’indiquer le créneau de droit public ?,emploi_du_temps
Y a-t-il un règlement spécifique pour les stages ?,reglement
"Pardon, Quels sont les prérequis pour le MBA Finance ?",formation
J’aimerais savoir : Pouvez-vous me donner l’emploi du temps du semestre de automne pour algèbre avancée ?,emploi_du_temps
Pourriez-vous me dire : Y a-t-il un reglement specifique pour les stages ?,reglement
Quelles sont les règles pour le retrait d’un cours ?,reglement
Pourriez-vous me dire : Quels sont les prérequis pour le MBA Finance ?,formation
"J’ai perdu mes clés, où se situe le bureau des objets trouvés ?",service_campus
Quels sont les prérequis pour le Master Psychologie ?,formation
"Excusez-moi, j’aimerais savoir : Le ENT ne fonctionne pas, que puis-je faire ?",service_campus
"Est-il possible de savoir le ENT ne fonctionne pas, que puis-je faire ?! ?",service_campus
"S'il vous plaît, quand a lieu le prochain cours de statistiques appliquées ?",emploi_du_temps
Où soumettre la demande de carte étudiante ?,procedure_administrative
Est-il possible de savoir pourriez-vous m’indiquer le créneau de statistiques appliquées ?,emploi_du_temps
"Où se trouve la gymnase , pour aujourd’hui  !?",service_campus
Puis-je changer de majeure ou de spécialisation en cours d’année ?,formation
J’aimerais savoir : Quelle est la date limite pour l’abandon d’une UE ?,procedure_administrative
J’aimerais savoir quand se déroule le cours de droit public. ?,emploi_du_temps
Comment demander un report d’admission ?,procedure_administrative
"Pourriez-vous me dire : Puis-je changer de majeure ou de spécialisation en cours d’année , merci d’avance ?",formation
À quelle heure commencent les TD de chimie organique ?,emploi_du_temps
Quelles sont les matières principales en Informatique ?,formation
Combien d’absences sont autorisées avant une sanction ?,reglement
Pourriez-vous me dire : Où déposer mon dossier pour demander un relevé officiel ?,procedure_administrative
Est-il possible de savoir pouvez-vous me donner l’emploi du temps du semestre de printemps pour biologie cellulaire ?,emploi_du_temps
"Où se trouve la bibliothèque centrale , merci d’avance ?",service_campus
Pourriez-vous me dire : Quelles sont les UE obligatoires pour le Master Psychologie ?,formation
Combien d’absences sont autorisées avant une sanction ?,reglement
"S'il vous plaît, comment me connecter au portail étudiant de l’université ?",service_campus
Que se passe-t-il en cas de triche à un examen ?,reglement
Pourriez-vous me dire : Pourriez-vous m’indiquer le créneau de algèbre avancée ?,emploi_du_temps
J’aimerais savoir : Que se passe-t-il en cas de triche à un examen ?,reglement
Quelles sont les règles pour le retrait d’un cours ?! ?,reglement
Existe-t-il un minimum de crédits ou de moyenne par semestre ?,reglement
Combien de crédits faut-il pour se spécialiser en Biologie ?,formation
Petite question : Pourriez-vous me dire : Quelle est la date limite pour l’inscription aux cours ?,procedure_administrative
"S'il vous plaît, Quelles sont les matières principales en Informatique ?",formation
"Pardon, comment réussir le prochain module de statistiques ?",formation
"Où déposer mon dossier pour demander un relevé officiel , merci d’avance ?",procedure_administrative
Pourriez-vous me dire : Où soumettre la demande de carte étudiante ?,procedure_administrative
Où puis-je imprimer mes documents sur le campus ?,service_campus
Petite question : Comment candidater pour la remise de diplôme ?,procedure_administrative
"Où consulter le code de conduite des étudiants , si possible ?",reglement
Puis-je réserver une salle de travail ou un terrain de sport ?,service_campus
Pourriez-vous me dire : Y a-t-il un règlement spécifique pour les stages … ?,reglement
"Bonsoir, où consulter le code de conduite des étudiants ?! ?",reglement
"Excusez-moi, À quelle heure commencent les TD de chimie organique ?",emploi_du_temps
Petite question : Pourriez-vous me dire : Comment demander un report d’admission … ?,procedure_administrative
Comment obtenir une convention de stage ?,procedure_administrative
J’aimerais savoir : Où se trouve la service logement ?,service_campus
"Excusez-moi, Comment me connecter au Wi-Fi de l’université ?",service_campus
"Bonsoir, Pourriez-vous me dire : À quelle heure commencent les TD de analyse de données ?",emploi_du_temps
J’aimerais savoir : Quelles sont les UE obligatoires pour le Licence Histoire ?,formation
"S'il vous plaît, pourriez-vous m’indiquer le créneau de biologie cellulaire ?",emploi_du_temps
"J’aimerais savoir : Le VPN ne fonctionne pas, que puis-je aire ?",service_campus
"Bonsoir, est-il possible de savoir où consulter le code de conduite des étudiants ?",reglement
"J’ai perdu mes clés, où se situe le bureau des objets trouvés ?",service_campus
J’aimerais savoir : Quelle est la date limite pour la demande d’aide financière ?,procedure_administrative
Où déposer mon dossier pour obtenir une convention de stage ?,procedure_administrative
"Pourriez-vous me dire : Quelles sont les matières principales en Informatique , c’est urgent ?",formation
Où et à quelle heure est mon cours du mardi à 14h00 ?,emploi_du_temps
Comment mettre à jour mon adresse ?,procedure_administrative
"Pourriez-vous me dire : puis-je réserver une salle de travail ou un terrain de sport , pour aujourd’hui ?",service_campus
Quels sont les prérequis pour le Parcours Data Science ?,formation
Est-il possible de savoir pourriez-vous m’indiquer le créneau de programmation Python ?! ?,emploi_du_temps
Quelles sont les matières principales en Lettres modernes ?,formation
Est-il possible de savoir quelles sont les matières principales en Philosophie ?,formation
"Pardon, quel est l’horaire du cours de analyse de données avec le professeur Dubois ?",emploi_du_temps
"J’ai perdu mes clés, où se situe le bureau des objets trouvés … ?",service_campus
"Puis-je changer de majeure ou de spécialisation en cours d’année , merci d’avance ?",formation
Pourriez-vous me dire : Que se passe-t-il en cas de triche à un examen ?,reglement
Quand a lieu le prochain cours de analyse de données … ?,emploi_du_temps
Quels sont les prérequis pour le Parcours Data Science ?,formation
Est-il possible de savoir où soumettre la demande de carte étudiante  !?,procedure_administrative
"Pourriez-vous me dire : Quelle est la date limite pour la demande d’aide financière , c’est urgent ?! ?",procedure_administrative
"Pardon, pourriez-vous me dire : Quelle est la date limite pour l’inscription aux cours ?",procedure_administrative
Pourriez-vous me dire : Quelle est la date limite pour l’inscription aux cours ?! ?,procedure_administrative
Pourriez-vous me dire : Y a-t-il un règlement spécifique pour les stages ?,reglement
"Excusez-moi, Combien de crédits faut-il pour se spécialiser en Informatique , merci d’avance ?",formation
"Combien de crédits faut-il pour se spécialiser en Biologie , merci d’avance ?",formation
Combien d’absences sont autorisées avant une sanction ?,reglement
J’aimerais savoir : Quelle est la date limite pour la demande d’aide financière ?,procedure_administrative
J’aimerais savoir quand se déroule le cours de économie. ?,emploi_du_temps
"Existe-t-il un minimum de crédits ou de moyenne par semestre , merci d’avance ?",reglement
"Pourriez-vous m’indiquer le créneau de statistiques appliquées , pour aujourd’hui  !?",emploi_du_temps
Quels sont les prérequis pour le Licence Histoire ?,formation
"Quelle est la date limite pour l’inscription aux cours , merci d’avance ?",procedure_administrative
Quels sont les prérequis pour le MBA Finance ?,formation
Comment réussir le prochain module de statistiques ?,formation
"Bonjour, est-il possible de savoir où consulter le code de conduite des étudiants ?",reglement
Où puis-je imprimer mes documents sur le campus ?! ?,service_campus
"Bonsoir, est-il possible de savoir où puis-je imprimer mes documents sur le campus ?",service_campus
"Pourriez-vous me dire : Le portail étudiant ne fonctionne pas, que puis-je faire ?",service_campus
J’aimerais savoir : Quels sont les prérequis pour le MBA Finance ?,formation
Quelles sont les règles pour le retrait d’un cours ?,reglement
Où déposer mon dossier pour candidater pour la remise de diplôme?,procedure_administrative
Comment réussir le prochain module de statistiques ?,formation
Pourriez-vous me dire : Comment demander un report d’admission ?,procedure_administrative
Quels sont les prérequis pour le Master Robotique ?,formation
"Bonsoir, où consulter le code de conduite des étudiants ?",reglement
"Que se passe-t-il en cas de triche à un examen , pour aujourd’hui ?",reglement
Quels documents sont requis pour un changement de parcours ?,procedure_administrative
"Bonjour, Y a-t-il un règlement spécifiquepour les stages ?",reglement
Quelles sont les matières principales en Psychologie ?,formation
"J’ai perdu mes clés, où se situe le bureau des objets trouvés ?",service_campus
Puis-je changer de majeure ou de spécialisation en cours d’année ?,formation
J’aimerais savoir : Quels sont les horaires d’ouverture de la gymnase ?,service_campus
Pourriez-vous me dire : Quand a lieu le prochain cours de droit public ?! ?,emploi_du_temps
J’aimerais savoir : À quelle heure commencent les TD de algèbre avancée ?,emploi_du_temps
"Excusez-moi, Pourriez-vous me dire : Comment réussir le prochain module de statistiques ?",formation
J’aimerais savoir : Combien d’absences sont autorisées avant une sanction ?,reglement
Est-il possible de savoir quelles sont les règles pour le retrait d’un cours ?,reglement
Combien d’absences sont autorisées avant une sanction ?,reglement
"J’ai perdu mes clés, où se situe le buerau des objets trouvés ?",service_campus
"Est-il possible de savoir où consulter le code de conduite des étudiants , si possible ?",reglement
Quelle est la politique concernant le rattrapage d’examen ?,reglement
J’aimerais savoir : Comment demander un report d’admission ?,procedure_administrative
Pouvez-vous me donner l’emploi du temps du semestre de été pour robotique ?,emploi_du_temps
À quelle heure commencent les TD de programmation Python ?,emploi_du_temps
"Est-il possible de savoir puis-je changer de majeure ou de spécialisation en cours d’année , c’est urgent ?",formation
"Le Wi-Fi ne fonctiiionne pas, que puis-je faire ?",service_campus
Puis-je changer de majeure ou de spécialisation en cours d’année ?,formation
J’aimerais savoir : Comment réussir le prochain module de statistiques  !?,formation
"J’aimerais savoir : Le portail étudiant ne fonctionne pas, que puis-je faire ?",service_campus
Est-il possible de savoir où se trouve la service logement ?,service_campus
Quand a lieu le prochain cours de analyse de données ?,emploi_du_temps
Où soumettre la demande de carte étudiante ?,procedure_administrative
Quelles sont les règles pour le retrait d’un cours ?,reglement
"Pourriez-vous m’indiquer le créneau de psychologie cognitive , pour aujourd’hui ?",emploi_du_temps
Quelles sont les matières principales en Biologie ?,formation
"Pardon, Où se trouve la bibliothèque centrale ?",service_campus
"Est-il possible de savoir le VPN ne fonctionne pas, que puis-je faire ?",service_campus
Quelle est la date limite pour l’inscription aux cours ?,procedure_administrative
Où se trouve la bureau des carrières ?,service_campus
"Combien de crédits faut-il pour se spécialiser en Informatique , si possible ?",formation
Quels documents sont requis pour un changement de parcours ?! ?,procedure_administrative
Quels documents sont requis pour un changement de parcours ?,procedure_administrative
"S'il vous plaît, Est-il possible de savoir quelle est la date limite pour l’inscription aux cours ?",procedure_administrative
"J’aimerais savoir : J’ai perdu mes clés, où se situe le bureau des objets trouvés ?",service_campus
Que se passe-t-il en cas de triche à un examen ?,reglement
Comment candidater por la remise de diplôme ?,procedure_administrative
Quelles sont les UE obligatoires pour le Parcours Data Science ?,formation
Combien de crédits faut-il pour se spécialiser en Lettres modernes ?,formation
Combien de crédits faut-il pour se spécialiser en Informatique ?,formation
J’aimerais savoir : Combien de crédits faut-il pour se spécialiser en Biologie ?,formation
"Quels sont les horaires d’ouverture de la bureau des carrières , pour la semaine prochaine ?",service_campus
Quand a lieu le prochain cours de algèbre avancée  !?,emploi_du_temps
J’aimerais savoir : où déposer mon dossier pour demander un relevé officiel ?,procedure_administrative
Quelle est la politique concernant le absence aux cours ?,reglement
"Quelles sont les UE obligatoires pour le Master Robotique , c’est urgent ?",formation
"Pourriez-vous m’indiquer le créneau de programmation Python , c’est urgent ?",emploi_du_temps
"Pardon, où soumettre la demande de carte étudiante ?",procedure_administrative
J’aimerais savoir : Où consulter le code de conduite des étudiants ?,reglement
"Bonsoir, comment demander un report d’admission  ??",procedure_administrative
Quelle est la date limite pour la demande d’aide financière ?,procedure_administrative
J’aimerais savoir : Comment demander un report d’admission ?,procedure_administrative
"J’aimerais savoir : Quelles sont les règles pour le retrait d’un cours , merci d’avance ?",reglement
Combien d’absences sont autorisées avant une sanction ?,reglement
Comment mettre à jour mon adresse ?,procedure_administrative
Est-il possible de savoir puis-je réserver une salle de travail ou un terrain de sport ?,service_campus
Quand a lieu le prochain cours de biologie cellulaire ?,emploi_du_temps
"Le VPN ne fonctionne pas, que puis-je faire ?",service_campus
Comment demander un relevé officiel ?,procedure_administrative
Quelles sont les UE obligatoires pour le Master Psychologie … ?,formation
"Excusez-moi, puis-je changer de majeure ou de spécialisation en cours d’année ?",formation
Quel est l’horaire du cours de analyse de données avec le professeur Dubois ?,emploi_du_temps
Pouvezvous me donner l’emploi du temps du semestre de printemps pour robotique ?,emploi_du_temps
"Est-il possible de savoir quel est l’horaire du cours de microéconomie avec le professeur Nguyen , merci d’avance ?",emploi_du_temps
"Quelles sont les matières principales en Informatique , pour aujourd’hui ?",formation
Petite question : est-il possible de savoir y a-t-il un règlement spécifique pour les stages ?,reglement
Combien de crédits faut-il pour se spécialiser en Informatique ?,formation
Est-il possible de savoir quel est l’horaire du cours de droit public avec le professeur Martin ?,emploi_du_temps
"Bonjour, quels documents sont requis pour un changement de parcours … ?",procedure_administrative
J’aimerais savoir : Où déposer mon dossier pour payer mes frais de scolarité ?,procedure_administrative
"Bonsoir, Combien d’absences sont autorisées avant une sanction , merci d’avance ?",reglement
J’aimerais savoir quand se déroule le cours de robotique. ?,emploi_du_temps
Où et à quelle heure est mon cours du lundi à 14h00 ?,emploi_du_temps
À quelle heure commencent les TD de psychologie cognitive ?,emploi_du_temps
"Où consulter le code de conduite des étudiants , merci d’avance ?",reglement
Pourriez-vous me dire : Où puis-je imprimer mes documents sur le campus ?,service_campus
Quel est l’horaire du cours de robotique avec le professeur Bennani ?,emploi_du_temps
"Quels sont les prérequis pour le Master Robotique , merci d’avance  !?",formation
"Bonjour, Est-il possible de savoir quand a lieu le prochain cours de biologie cellulaire ?",emploi_du_temps
Où puis-je imprimer mes documents sur le campus ?,service_campus
"Bonsoir, comment demander un report d’admission ?",procedure_administrative
Quelle est la date limite pour l’inscription aux cours … ?,procedure_administrative
Comment candidater pour la remise de diplôme ?,procedure_administrative
"Pardon, J’aimerais savoir : Combien d’absences sont autorisées avant une sanction , si possible ?",reglement
Où soumettre la demande de carte étudiante ?,procedure_administrative
"Quelles sont les UE obligatoires pour le Licence Histoire , merci d’avance ?",formation
Existe-t-il un minimum de crédits ou de moyenne par semestre ?,reglement
Pourriez-vous me dire : Quel est l’horaire du cours de analyse de données avec le professeur Bennani ?,emploi_du_temps
Où soumettre la demande de carte étudiante ?,procedure_administrative
Quelle est la date limite pour la demande d’aide financière ?,procedure_administrative
"Quels documents sont requis pour un changement de parcours , si possible ?",procedure_administrative
Est-il possible de savoir puis-je réserver une salle de travail ou un terrain de sport ?,service_campus
Puis-je changer de majeure ou de spécialisation en cours d’année ?,formation
Comment demander un report d’admission ?,procedure_administrative
"Excusez-moi, Quelles sont les matières principales en Lettres modernes ?",formation
Où se trouve la bureau des carrières ?,service_campus
Pouvez-vous me donner l’emploi du temps du semestre de été pour droit public ?,emploi_du_temps
Est-il possible de savoir comment renouveler ma carte etudiante ?,procedure_administrative
Que se passe-t-il en cas de triche a un examen ?,reglement
"Le VPN ne fonctionne pas, que puis-je faire , c’est urgent ?",service_campus
Puis-je changer de majeure ou de spécialisation en cours d’année … ?,formation
Quelles sont les UE obligatoires pour le MBA Finance … ?,formation
J’aimerais savoir : Quelle est la politique concernant le retards ?,reglement
J’aimerais savoir : Quels documents sont requis pour un changement de parcours ?,procedure_administrative
"Est-il possible de savoir où consulter le code de conduite des étudiants , c’est urgent ?",reglement
"J’aimerais savoir : Quels sont les horaires d’ouverture de la gymnase , pour aujourd’hui ?",service_campus
Est-il possible de savoir quelle est la politique concernant le plagiat ?! ?,reglement
Pourriez-vous me dire : Combien d’absences sont autorisées avant une sanction ?,reglement
Combien d’absences sont autorisées avant une sanction ?,reglement
J’aimerais savoir : Combien de crédits faut-il pour se spécialiser en Informatique ?,formation
"Quels sont les prérequis pour le MBA Finance , c’est urgent ?",formation
Est-il possible de savoir quelles sont les règles pour le retrait d’un cours ?! ?,reglement
"J’aimerais savoir : Le Wi-Fi ne fonctionne pas, que puis-je faire ?",service_campus
Y a-t-il un règlement spécifique pour les stages ?,reglement
Est-il possible de savoir j’aimerais savoir quand se déroule le cours de littérature moderne ?,emploi_du_temps
Comment obtenir une convention deee stage ?,procedure_administrative
J’aimerais savoir : Y a-t-il un règlement spécifique pour les stages ?,reglement
Puis-je changer de majeure ou de spécialisation en cours d’année … ?,formation
Pouvez-vous me donner l’emploi du temps du semestre de printemps pour microéconomie ?,emploi_du_temps
"Combien de crédits faut-il pour se spécialiser en Informatique , pour aujourd’hui ?",formation
"Pardon, Est-il possible de savoir comment me connecter au ENT de l’université ?",service_campus
"S'il vous plaît, pourriez-vous me dire : Quelle est la politique concernant le plagiat ?",reglement
"Bonjour, comment me connecter au portail étudiant de l’université ?",service_campus
Est-il possible de savoir y a-t-il un règlement spécifique pour les stages ?,reglement
Quelles sont les matières principales en Psychologie ?,formation
Où se trouve la centre de santé ?,service_campus
"Excusez-moi, Pourriez-vous me dire : Où et à quelle heure est mon cours du mardi à 16h30 ?",emploi_du_temps
"Le Wi-Fi ne fonctionne pas, que puis-je faire ?",service_campus
Est-il possible de savoir y a-t-il un règlement spécifique pour les stages ?,reglement
Où et à quelle heure est mon cours du vendredi à 16h30 ?,emploi_du_temps
"Excusez-moi, Quels documents sont requis pour un changement de parcours ?",procedure_administrative
"Quelles sont les matières principales en Informatique , c’est urgent ?",formation
J’aimerais savoir : À quelle heure commencent les TD de programmation Python ?,emploi_du_temps
Quel est l’horaire du cours de statistiques appliquées avec le professeur Nguyen ?,emploi_du_temps
Petite question : Puis-je réserver une salle de travail ou un terrain de sport ?,service_campus
Petite question : Quelles sont les règles pour le retrait d’un cours ?,reglement
"Bonsoir, est-il possible de savoir comment réussir le prochain module de statistiques ?",formation
Pourriez-vous m’indiquer le créneau de littérature moderne ?,emploi_du_temps
Petite question : quelles sont les matières principales en Philosophie ?,formation
Est-il possible de savoir combien de crédits faut-il pour se spécialiser en Philosophie ?,formation
"Excusez-moi, pourriez-vous me dire : Quels sont les prérequis pour le Master Robotique ?",formation
Quelles sont les règles pour le retrait d’un cours ?,reglement
"Puis-je réserver une salle de travail ou un terrain de sport , si possible ?",service_campus
Est-il possible de savoir comment me connecter au VPN de l’université ?,service_campus
"J’ai perdu mes clés, où se situe le bureau des objets trouvés ?",service_campus
"S'il vous plaît, est-il possible de savoir quelles sont les règles pour le retrait d’un cours ?",reglement
Comment candidater pour la remise de diplôme ?,procedure_administrative
Combien d’absences sont autorisées avant une sanction ?,reglement
"Pardon, Où et à quelle heure est mon cours du vendredi à 8h30 ?",emploi_du_temps
"Y a-t-il un règlement spécifique pour les stages , pour la semaine prochaine ?",reglement
Y a-t-il un règlement spécifique pour les stages ?,reglement
Combien de crédits faut-il pour se spécialiser en Lettres modernes ?,formation
"À quelle heure commencent les TD de chimie organique , pour la semaine prochaine ?",emploi_du_temps
"Excusez-moi, Combien de crédits faut-il pour se spécialiser en Biologie , merci d’avance ?",formation
Est-il possible de savoir pouvez-vous me donner l’emploi du temps du semestre de printemps pour littérature moderne ?,emploi_du_temps
"J’aimerais savoir : J’aimerais savoir quand se déroule le cours de analyse de données , c’est urgent ?",emploi_du_temps
"Bonsoir, Comment demander un report d’admission ?",procedure_administrative
"Pardon, Quelles sont les règles pour le retrait d’un cours ?",reglement
"Bonsoir, Est-il possible de savoir le VPN ne fonctionne pas, que puis-je faire  ??",service_campus
Pourriez-vous me dire : Comment obtenir une convention de stage ?,procedure_administrative
"Le VPN ne fonctionne pas, que puis-je faire ?",service_campus
Où soumettre la demande de carte étudiante ?,procedure_administrative
"Puis-je changer de majeure ou de spécialisation en cours d’année , pour la semaine prochaine ?",formation
Comment demander un relevé officiel ?,procedure_administrative
Est-il possible de savoir quelle est la date limite pour l’inscription aux cours ?,procedure_administrative
Pouvez-vous me donner l’emploi du temps du semestre de printemps pour analyse de données ?,emploi_du_temps
Est-il possible de savoir existe-t-il un minimum de crédits ou de moyenne par semestre ?,reglement
"S'il vous plaît, pouvez-vous me donner l’emploi du temps du semestre de printemps pour microéconomie ?",emploi_du_temps
Quelle est la date limite pour la demande d’aide financière ?,procedure_administrative
"Le ENT ne fonctionne pas, que puis-je faire ?",service_campus
Petite question : à quelle heure commencent les TD de chimie organique ?,emploi_du_temps
Petite question : Où se trouve la centre de santé ?,service_campus
"J’ai perdu mes clés, où se situe le bureau des objets trouvés ?",service_campus
Comment demander un report d’admission … ?,procedure_administrative
"Puis-je réserver une salle de travail ou un terrain de sport , si possible ?",service_campus
"J’aimerais savoir : Pouvez-vous me donner l’emploi du temps du semestre de été pour psychologie cognitive , si possible ?",emploi_du_temps
Quelles sont les UE obligatoires pour le Licence Histoire ?,formation
Où puis-je imprimer mes documents sur le campus ?,service_campus
"Bonjour, Pourriez-vous m’indiquer le créneau de analyse de données ?",emploi_du_temps
"Où déposer mon dossier pour payer mes frais de scolarité , merci d’avance ?",procedure_administrative
Où consulter le code de conduite des étudiants  ??,reglement
Quels sont les horaires d’ouverture de la service logement ?! ?,service_campus
J’aimerais savoir : Où se trouve la service logement ?,service_campus
"Est-il possible de savoir j’ai perdu mes clés, où se situe le bureau des objets trouvés ?",service_campus
Pourriez-vous me dire : À quelle heure commencent les TD de analyse de données ?,emploi_du_temps
Pourriez-vous me dire : Quels sont les prérequis pour le Master Robotique ?,formation
Puis-je réserver une salle de travail ou un terrain de sport ?,service_campus
Pourriez-vous me dire : Pouvez-vous me donner l’emploi du temps du semestre de automne pour biologie cellulaire ?,emploi_du_temps
Combien d’absences sont autorisées avant une sanction ?,reglement
Comment réussir le prochain module de statistiques ?,formation
Pouvez-vous me donner l’emploi du temps du semestre de été pour économie ?,emploi_du_temps
"S'il vous plaît, Est-il possible de savoir quels sont les horaires d’ouverture de la bibliothèque centrale ?",service_campus
Est-il possible de savoir combien d’absences sont autorisées avant une sanction ?,reglement
"Le portail étudiant ne fonctionne pas, que puis-je faire ?",service_campus
Pourriez-vous me dire : Pouvez-vous me donner l’emploi du temps du semestre de automne pour droit public ?,emploi_du_temps
"Excusez-moi, existe-t-il un minimum de crédits ou de moyenne par semestre ?",reglement
"Est-il possible de savoir quand a lieu le prochain cours de littérature moderne , pour la semaine prochaine ?",emploi_du_temps
"Excusez-moi, quand a lieu le prochain cours de microéconomie ?",emploi_du_temps
J’aimerais savoir : Quels documents sont requis pour un changement de parcours ?,procedure_administrative
Est-il possible de savoir où et à quelle heure est mon cours du vendredi à 16h30 ?,emploi_du_temps
J’aimerais savoir quand se déroule le cours de économie. ?,emploi_du_temps
Pourriez-vous me dire : Comment demander un report d’admission ?,procedure_administrative
"Pardon, Combien de crédits faut-il pour se spécialiser en Philosophie , si possible ?",formation
"S'il vous plaît, J’aimerais savoir : Quelle est la date limite pour l’abandon d’une UE ?",procedure_administrative
"Bonsoir, Est-il possible de savoir quels documents sont requis pour un changement de parcours ?",procedure_administrative
Pourriez-vous me dire : Y a-t-il un règlement spécifique pour les stages  !?,reglement
Comment réussir le prochain module de statistiques ?,formation
"Excusez-moi, combien de crédits faut-il pour se spécialiser en Psychologie ?",formation
"S'il vous plaît, où et à quelle heure est mon cours du vendredi à 16h30 ?",emploi_du_temps
Comment réussir le prochain module de statistiques ?,formation
J’aimerais savoir : J’aimerais savoir quand se déroule le cours de analyse de données ?,emploi_du_temps
Petite question : Quelle est la date limite pour l’inscription aux cours ?,procedure_administrative
Quelles sont les matères principales en Philosophie ?,formation
"Comment réussir le prochain module de statistiques , pour aujourd’hui ?",formation
Où puis-je imprimer mes documents sur le campus ?,service_campus
À quelle heure commencent les TD de littérature moderne ?,emploi_du_temps
Est-il possible de savoir que se passe-t-il en cas de triche à un examen ?,reglement
"Bonsoir, comment réussir le prochain module de statistiques ?",formation
J’aimerais savoir : Puis-je réserver une salle de travail ou un terrain de sport ?,service_campus
Pourriez-vous me dire : Quelles sont les UE obligatoires pour le Parcours Data Science ?,formation
"Pardon, Puis-je changer de majeure ou de spécialisation en cours d’année ?",formation
"Pourriez-vous me dire : Comment réussir le prochain module de statistiques , pour la semaine prochaine ?",formation
Est-il possible de savoir où consulter le code de conduite des étudiants ?,reglement
Existe-t-il un minimum de crédits ou de moyenne par semestre ?,reglement
Comment demander un report d’admission ?,procedure_administrative
Quelles sont les UE obligatoire pour le Master Robotique ?,formation
"Bonjour, où consulter le code de conduite des étudiants ?",reglement
Est-il possible de savoir comment réussir le prochain module de statistiques ?,formation
Puis-je changer de majeure ou de spécialisation en cours d’année ?,formation
"Comment mettre à jour mon adresse , si possible ?",procedure_administrative
Que se passe-t-il en cas de triche à un examen ?,reglement
"Le ENT ne fonctionne pas, que puis-je faire ?",service_campus
J’aimerais savoir : Combien de crédits faut-il pour se spécialiser en Biologie ?,formation
"Bonsoir, Combien de crédits faut-il pour se spécialiser en Biologie ?",formation
"Petite question : Est-il possible de savoir existe-t-il un minimum de crédits ou de moyenne par semestre , pour la semaine prochaine ?",reglement
"Excusez-moi, Pourriez-vous me dire : Comment réussir le prochain module de statistiques , si possible ?",formation
"Pardon, que se passe-t-il en cas de triche à un examen ?",reglement
Comment réussir le prochain module de statistiques ?,formation
"Bonjour, J’aimerais savoir : Où déposer mon dossier pour payer mes frais de scolarité , merci d’avance ?",procedure_administrative
"Bonjour, quels documents sont requis pour un changement de parcours ?",procedure_administrative
Petite question : Comment demander un report d’admission ?,procedure_administrative
"Pourriez-vous me dire : Comment me connecter au ENT de l’université , pour la semaine prochaine … ?",service_campus
"Où déposer mon dossier pour payer mes frais de scolarité , c’est urgent ?",procedure_administrative
Pouvez-vous me donner l’emploi du temps du semestre de été pour microéconomie ?,emploi_du_temps
Est-il possible de savoir quelle est la date limite pour l’inscription aux cours ?,procedure_administrative
Que se passe-t-il en cas de triche à un examen ?,reglement
"J’aimerais savoir : Puis-je changer de majeure ou de spécialisation en cours d’année , c’est urgent ?",formation
"Bonsoir, Pourriez-vous me dire : Quelles sont les matières principales en Biologie ?",formation
"S'il vous plaît, Combien de crédits faut-il pour se spécialiser en Biologie ?",formation
"Pourriez-vous me dire : Quels sont les prérequis pour le Licence Histoire , si possible ?",formation
"Pardon, j’aimerais savoir : Quelle est la politique concernant le retards ?",reglement
Quels sont les prérequis pour le Master Psychologie  ??,formation
"Excusez-moi, j’aiii perdu mes clés, où se situe le bureau des objets trouvés ?",service_campus
J’aimerais savoir : Combien de crédits faut-il pour se spécialiser en Psychologie ?,formation
"Est-il possible de savoir le VPN ne fonctionne pas, que puis-je faire ?",service_campus
"Excusez-moi, Où déposer mon dossier pour mettre à jour mon adresse  ??",procedure_administrative
Petite question : Pourriez-vous me dire : Combien de crédits faut-il pour se spécialiser en Lettres modernes ?,formation
Pourriez-vous me dire : Pouvez-vous me donner l’emploi du temps du semestre de printemps pour littérature moderne ?,emploi_du_temps
Quels sont les prérequis pour le Master Robotique ?,formation
Quelles sont les matières principales en Biologie ?,formation
"S'il vous plaît, Où consulter le code de conduite des étudiants ?",reglement
"Bonjour, pourriez-vous me dire : Pourriez-vous m’indiquer le créneaude économie ?",emploi_du_temps
À quelle heure commencent les TD de psychologie cognitive ?,emploi_du_temps
"Excusez-moi, pourriez-vous me dire : Combien de crédits faut-il pour se spécialiser en Lettres modernes , merci d’avance ?",formation
Pourriez-vous me dire : Quels sont les horaires d’ouverture de la gymnase ?,service_campus
"Bonjour, J’aimerais savoir : Existe-t-il un minimum de crédits ou de moyenne par semestre ?",reglement
"Existe-t-il un minimum de crédits ou de moyenne par semestre , si possible ?",reglement
"Le Wi-Fi ne fonctionne pas, que puis-je faire ?",service_campus
Est-il possible de savoir puis-je réserver une salle de travail ou un terrain de sport ?,service_campus
"Bonjour, quelle est la politique concernant le plagiat ?",reglement
"Excusez-moi, Est-il possible de savoir comment renouveler ma carte étudiante ?",procedure_administrative
"S'il vous plaît, quel est l’horaire du cours de analyse de données avec le professeur Dubois ?",emploi_du_temps
Pourriez-vous me dire : Comment demander un report d’admission ?,procedure_administrative
Est-il possible de savoir où puis-je imprimer mes documents sur le campus ?,service_campus
"Quand a lieu le prochain cours de chimie organique , merci d’avance ?",emploi_du_temps
"Bonsoir, Pourriez-vous me dire : Où consulter le code de conduite des étudiants ?",reglement
Est-il possible de savoir où consulter le code de conduite des étudiants ?! ?,reglement
J’aimerais savoir : Puis-je changer de majeure ou de spécialisation en cours d’année ?,formation
"Comment demander un report d’admission , si possible ?",procedure_administrative
"Petite question : Où se trouve la gymnase , si possible ?",service_campus
Quelle est la date limite pour la demande d’aide financière … ?,procedure_administrative
Pourriez-vous me dire : Où soumettre la demande de carte étudiante ?,procedure_administrative
Comment candidater pour la remise de diplôme ?,procedure_administrative
"Pardon, Pourriez-vous me dire : Quelle est la politique concernant le retards ?",reglement
"Bonsoir, Quelles sont les UE obligatoires pour le Master Psychologie ?",formation
"Pardon, pourriez-vous me dire : Y a-t-il un règlement spécifique pour les stages , merci d’avance ?",reglement
Quels sont les prérequis pour le Parcours Data Science ?,formation
"Pourriez-vous me dire : Le ENT ne fonctionne pas, que puis-je faire ?",service_campus
Où déposer mon dossier pour obtenir une convention de stage ?,procedure_administrative
Quand a lieu le prochain cours de droit public ?,emploi_du_temps
Pourriez-vous me dire : Quelles sont les matières principales en Psychologie ?,formation
Pourriez-vous me dire : J’aimerais savoir quand se déroule le cours de biologie cellulaire ?,emploi_du_temps
"J’ai perdu mes clés, où se situe le bureau des objets trouvés ?",service_campus
Quels sont les prérequis pour le Master Psychologie ?,formation
Où et à quelle heure est mon cours du vendredi à 10h00 ?,emploi_du_temps
Où consulter le code de conduite des étudiants ?,reglement
Y a-t-il un règlement spécifique pour les stages ?,reglement
"Bonsoir, Où soumettre la demande de carte étudiante , merci d’avance ?",procedure_administrative
Petite question : où et à quelle heure est mon cours du lundi à 10h00 ?,emploi_du_temps
Quels sont les prérequis pour le Master Robotique ?,formation
Est-il possible de savoir quelles sont les règles pour le retrait d’un cours ?,reglement
Comment me connecter au ENT de l’université ?,service_campus
J’aimerais savoir : Y a-t-il un règlement spécifique pour les stages ?,reglement
Où et à quelle heure est mon cours du mardi à 10h00 ?,emploi_du_temps
Pourriez-vous me dire : À quelle heure commencent les TD de microéconomie … ?,emploi_du_temps
Petite question : Quels sont les horaires d’ouverture de la centre de santé ?,service_campus
"Petite question : quelle est la date limite pour la demande d’aide financière , merci d’avance ?",procedure_administrative
Est-il possible de savoir puis-je changer de majeure ou de spécialisation en cours d’année ?,formation
Quelle est la politique concernant le rattrapage d’examen ?,reglement
"Excusez-moi, Pouvez-vous me donner l’emploi du temps du semestre de printemps pour microéconomie ?",emploi_du_temps
Où se trouve la gymnase ?,service_campus
Existe-t-il un minimum de crédits ou de moyenne par semestre ?,reglement
"Est-il possible de savoir comment demander un report d’admission , pour la semaine prochaine ?! ?",procedure_administrative
Pourriez-vous me dire : Combien d’absences sont autorisées avant une sanction ?! ?,reglement
"J’aimerais savoir : J’ai perdu mes clés, où se situe le bureau des objets trouvés ?",service_campus
Quelles sont les matières principales en Psychologie  ??,formation
Combien de crédits faut-il pour se spécialiser en Philosophie ?,formation
Est-il possible de savoir pouvez-vous me donner l’emploi du temps du semestre de printemps pour algèbre avancée ?,emploi_du_temps
Quelles sont les règles pour le retrait d’un cours ?,reglement
Où déposer mon dossier pour renouveler ma carte étudiante … ?,procedure_administrative
Est-il possible de savoir puis-je changer de majeure ou de spécialisation en cours d’année ?,formation
Comment obtenir une convention de stage ?,procedure_administrative
"J’aimerais savoir : Comment demander un relevé officiel , c’est urgent ?",procedure_administrative
Pourriez-vous me dire : Où déposer mon dossier pour mettre à jour mon adresse ?,procedure_administrative
"Bonsoir, Comment réussir le prochain module de statistiques ?",formation
"J’aimerais savoir : Combien de crédits faut-il pour se spécialiser en Biologie , pour la semaine prochaine ?",formation
J’aimerais savoir quand se déroule le cours de chimie organique. ?,emploi_du_temps
Quelle est la date limite pour l’abandon d’une UE ?,procedure_administrative
J’aimerais savoir : Pourriez-vous m’indiquer le créneau de analyse de données ?,emploi_du_temps
Y a-t-il un règlement spécifique pour les stages  ??,reglement
J’aimerais savoir : Quelles sont les UE obligatoires pour le Master Robotique ?,formation
Comment obtenir une convention de stage ?,procedure_administrative
Quelle est laaa date limite pour la demande d’aide financière ?,procedure_administrative
Où se trouve la bureau des carrières ?,service_campus
Y a-t-il un règlement spécifique pour les stages ?,reglement
"Pardon, quelles sont les matières principales en Informatique ?",formation
"Pardon, Quelles sont les matières principales en Psychologie ?",formation
Est-il possible de savoir pouvez-vous me donner l’emploi du temps du semestre de printemps pour robotique ?,emploi_du_temps
Est-il possible de savoir quand a lieu le prochain cours de analyse de données ?,emploi_du_temps
Quel est l’horaire du cours de droit public avec le professeur Dupont ?,emploi_du_temps
Pourriez-vous me dire : Comment me connecter au VPN de l’université ?,service_campus
Quelle est la date limite pour l’abandon d’une UE ?,procedure_administrative
Est-il possible de savoir quelles sont les matières principales en Informatique ?,formation
Puis-je changer de majeure ou de spécialisation en cours d’année ?,formation
Est-il possible de savoir quel est l’horaire du cours de programmation Python avec le professeur Martin ?,emploi_du_temps
"Pardon, est-il possible de savoir quelle est la date limite pour l’inscription aux cours ?",procedure_administrative
"Bonjour, puis-je changer de majeure ou de spécialisation en cours d’année , merci d’avance ?",formation
J’aimerais savoir : Combien de crédits faut-il pour se spécialiser en Psychologie  !?,formation
Pourriez-vous me dire : Quels sont les horaires d’ouverture de la bureau des carrières ?,service_campus
Pourriez-vous me dire : Combien de crédits faut-il pour se spécialiser en Biologie ?,formation
Quel est l’horaire du cours de analyse de données avec le professeur Bennani ?,emploi_du_temps
"J’aimerais savoir : Où puis-je imprimer mes documents sur le campus , pour la semaine prochaine ?",service_campus
"Bonsoir, Puis-je réserver une salle de travail ou un terrain de sport ?",service_campus
"Excusez-moi, Pourriez-vous me dire : Le portail étudiant ne fonctionne pas, que puis-je faire , merci d’avance ?",service_campus
"Quelles sont les UE obligatoires pour le MBA Finance , c’est urgent ?",formation
J’aimerais savoir : Où puis-je imprimer mes documents sur le campus ?,service_campus
Pourriez-vous me dire : Comment demander un report d’admission ?,procedure_administrative
Quels sont les prérequis pour le MBA Finance ?,formation
"S'il vous plaît, existe-t-il un minimum de crédits ou de moyenne par semestre ?",reglement
Combien de crédits faut-il pour se spécialiser en Biologie ?,formation
"Quelle est la ate limite pour la demande d’aide financière , pour aujourd’hui ?",procedure_administrative
J’aimerais savoir quand se déroule le cours de économie. ?,emploi_du_temps
"Bonsoir, où déposer mon dossier pour demander un relevé officiel ?",procedure_administrative
"À quelle heure commencent les TD de psychologie cognitive , pour la semaine prochaine ?",emploi_du_temps
"Bonsoir, Quelles sont les matières principales en Biologie ?",formation
"Pardon, Où déposer mon dossier pour mettre à jour mon adresse , merci d’avance ?",procedure_administrative
Puis-je changer de majeure ou de spécialisation en cours d’année ?,formation
"Bonsoir, Que se passe-t-il en cas de triche à un examen , merci d’avance ?",reglement
"Comment demander un relevé officiel , merci d’avance ?",procedure_administrative
"J’aimerais savoir : Quels documents sont requis pour un changement de parcours , c’est urgent ?",procedure_administrative
"Bonjour, J’aimerais savoir quand se déroule le cours de psychologie cognitive. ?",emploi_du_temps
"Pourriez-vous me dire : Combien de crédits faut-il pour se spécialiser en Biologie , pour aujourd’hui ?",formation
"Bonsoir, Pourriez-vous me dire : Quelles sont les matières principales en Psychologie  !?",formation
"Est-il possible de savoir quelle est la date limite pour l’abandon d’une UE , si possible ?",procedure_administrative
"S'il vous plaît, Est-il possible de savoir où soumettre la demande de carte étudiante ?",procedure_administrative
Est-il possible de savoir puis-je réserver une salle de travail ou un terrain de sport ?,service_campus
"Quelles sont les matières principales en Lettres modernes , pour aujourd’hui ?",formation
J’aimerais savoir quand se déroule le cours de psychologie cognitive. ?,emploi_du_temps
"Pardon, est-il possible de savoir à quelle heure commencent les TD de littérature moderne , pour la semaine prochaine ?",emploi_du_temps
"Petite question : pourriez-vous me dire : quels documents sont requis pour un changement de parcours , c’est urgent ?",procedure_administrative
"Quels sont les prérequis pour le mba finance , pour la semaine prochaine ?",formation
"Où consulter le code de conduite des étudiants , si possible ?",reglement
"J’aimerais savoir : J’ai perdu mes clés, où se situe le bureau des objets trouvés ?",service_campus
Existe-t-il un minimum de crédits ou de moyenne par semestre ?,reglement
Quels sont les prérequis pour le Master Robotique ?,formation
Petite question : Puis-je réserver une salle de travail ou un terrain de sport ?! ?,service_campus
"Pardon, j’aimerais savoir : Quelles sont les matières principales en Lettres modernes ?",formation
Combien de crédits faut-il pour se spécialiser en Psychologie ?,formation
"Où soumettre la demande de carte étudiante , pour aujourd’hui ?",procedure_administrative
"Excusez-moi, Où et à quelle heure est mon cours du mercredi à 14h00 ?",emploi_du_temps
"Le Wi-Fi ne fonctionne pas, que puis-je faire ?",service_campus
"J’ai perdu mes clés, où se situe le bureau des objets trouvés , c’est urgent ?",service_campus
"S'il vous plaît, à quelle heure commencent les TD de algèbre avancée , merci d’avance  ??",emploi_du_temps
"Pardon, à quelle heure commencent les TD de analyse de données ?",emploi_du_temps
"J’aimerais savoir : Comment réussir le prochain module de statistiques , pour la semaine prochaine ?",formation
Pourriez-vous me dire : Quels sont les prérequis pour le MBA Finance ?,formation
"Quelle est la date limite pour l’abandon d’une UE , pour aujourd’hui ?",procedure_administrative
Est-il possible de savoir puis-je changer de majeure ou de spécialisation en cours d’année  !?,formation
"Bonjour, comment me connecter au VPN de l’université ?",service_campus
Combien de crédits faut-il pour se spécialiser en Biologie ?,formation
J’aimerais savoir quand se déroule le cours de programmation Python. ?,emploi_du_temps
Où déposer mon dossier pour demander un relevé officiel ?,procedure_administrative
"Pardon, à quelle heure commencent les TD de analyse de données ?",emploi_du_temps
Pourriez-vous me dire : Quelle est la date limite pour l’abandon d’une UE ?,procedure_administrative
Quel est l’horaire du cours de algèbre avancée avec le professeur Martin ?,emploi_du_temps
Pourriez-vous me dire : Quels sont les prérequis pour le Licence Histoire ?,formation
Quelles sont les UE obligatoires pour le Master Robotique ?,formation
"Est-il possible de savoir puis-je changer de majeure ou de spécialisation en cours d’année , merci d’avance ?",formation
Comment réussir le prochain module de statistiques ?,formation
"Est-il possible de savoir où déposer mon dossier pour payer mes frais de scolarité , si possible ?",procedure_administrative
J’aimerais savoir : Où se trouve la centre de santé ?,service_campus
J’aimerais savoir : Que se passe-t-il en cas de triche à un examen  ??,reglement
"Bonsoir, Où et à quelle heure est mon cours du mardi à 10h00 ?",emploi_du_temps
"Le VPN ne fonctionne pas, qu epuis-je faire ?",service_campus
Comment candidater pour la remise de diplôme ?,procedure_administrative
"Quelles sont les UE obligatoires pour le Master Robotique , c’est urgent ?",formation
"Bonjour, j’aimerais savoir : Quelles sont les UE obligatoires pour le Master Robotique , merci d’avance ?",formation
"S'il vous plaît, j’aimerais savoir : Quels sont les prérequis pour le Licence Histoire ?",formation
"Bonjour, où soumettre la demande de carte étudiante ?",procedure_administrative
Quel est l’horaire du cours de statistiques appliquées avec le professeur Martin ?,emploi_du_temps
"J’aimerais savoir : Où déposer mon dossier pour payer mes frais de scolarité , si possible ?",procedure_administrative
Pourriez-vous me dire : Que se passe-t-il en cas de triche à un examen ?,reglement
"Bonsoir, combien d’absences sont autorisées avant une sanction ?",reglement
"Bonjour, Comment réussir le prochain module de statistiques ?",formation
Est-il possible de savoir j’aimerais savoir quand se déroule le cours de statistiques appliquées ?,emploi_du_temps
"Où et à quelle heure est mon cours du vendredi à 16h30 , pour aujourd’hui ?",emploi_du_temps
Comment demander un report d’admission ?,procedure_administrative
J’aimerais savoir : Quelle est la date limite pour l’inscription aux cours ?,procedure_administrative
"Est-il possible de savoir puis-je changer de majeure ou de spécialisation en cours d’année , c’est urgent ?",formation
J’aimeais savoir : Quand a lieu le prochain cours de chimie organique ?,emploi_du_temps
"Excusez-moi, est-il possible de savoir quels sont les horaires d’ouverture de la maison des étudiants ?",service_campus
"Pardon, j’aimerais savoir : Comment demander un report d’admission … ?",procedure_administrative
"Pardon, quelle set la politique concernant le probation académique ?",reglement
"Où se trouve la gymnase , c’est urgent ?",service_campus
J’aimerais savoir : Quels sont les horaires d’ouverture de la bibliothèque centrale ?,service_campus
Combien d’absences sont autorisées avant une sanction ?,reglement
Où déposer mon dossier pour obtenir une convention de stage ?,procedure_administrative
"Comment réussir le prochain module de statistiques , c’est urgent ?",formation
"J’aimerais savoir : Où et à quelle heure est mon cours du mardi à 8h30 , pour aujourd’hui  ??",emploi_du_temps
Petite question : quel est l’horaire du cours de algèbre avancée avec le professeur Martin ?,emploi_du_temps
"Pardon, quels sont les prérequis pour le Parcours Data Science ?",formation
"Bonsoir, pourriez-vous me dire : Que se passe-t-il en cas de triche à un examen ?",reglement
Puis-je changer de majeure ou de spécialisation en cours d’année ?,formation
"S'il vous plaît, Puis-je réserver une salle de travail ou un terrain de sport ?",service_campus
"J’ai perdu mes clés, où se situe le bureau des objets trouvés , pour la semaine prochaine ?",service_campus
"Bonjour, j’aimerais savoir : Quelles sont les UE obligatoires pour le MBA Finance ?",formation
"Bonjour, quelles sont les règles pour le retrait d’un cours , c’est urgent ?",reglement
J’aimerais savoir : Comment réussir le prochain module de statistiques ?,formation
"Bonsoir, pourriez-vous me dire : uelles sont les matières principales en Biologie ?",formation
"Où consulter le code de conduite des étudiants , merci d’avance ?",reglement
"Où soumettre la demande de carte étudiante , si possible ?",procedure_administrative
Pouvez-vous me donner l’emploi du temps du semestre de été pour algèbre avancée ?,emploi_du_temps
Est-il possible de savoir où et à quelle heure est mon cours du jeudi à 8h30 ?,emploi_du_temps
"Bonsoir, Où puis-je imprimer mes documents sur le campus ?",service_campus
Quelles sont les matières principales en Psychologie ?,formation
"Pardon, Quels sont les prérequis pour le MBA Finance ?",formation
"Est-il possible de savoir le portail étudiant ne fonctionne pas, que puis-je faire  ??",service_campus
Pourriez-vous me dire : Quelles sont les règles pour le retrait d’un cours ?,reglement
"Pourriez-vous me dire : Quels sont les horaires d’ouverture de la maison des étudiants , si possible ?",service_campus
Pourriez-vous me dire : Combien de crédits faut-il pour se spécialiser en Lettres modernes ?,formation
"Bonsoir, puis-je changer de majeure ou de spécialisation en cours d’année ?",formation
Quels sont les horaires d’ouverture de la bureau des carrières ?,service_campus
Comment réusisr le prochain module de statistiques ?,formation
"Excusez-moi, Est-il possible de savoir combien de crédits faut-il pour se spécialiser en Psychologie  !?",formation
Pourriez-vous me dire : Comment me connecter au Wi-Fi de l’université ?,service_campus
"S'il vous plaît, Pourriez-vous me dire : Comment demander un report d’admission ?",procedure_administrative
Combien d’absences sont autorisées avant une sanction ?,reglement
"Où consulter le code de conduite des étudiants , pour la semaine prochaine ?",reglement
"Bonjour, Pourriez-vous me dire : Quels sont les horaires d’ouverture de la centre de santé ?",service_campus
"S'il vous plaît, pouvez-vous me donner l’emploi du temps du semestre de printemps pour économie , merci d’avance ?",emploi_du_temps
"Bonsoir, est-il possible de savoir quels documents sont requis pour un changement de parcours ?",procedure_administrative
"S'il vous plaît, comment demander un report d’admission , merci d’avance ?",procedure_administrative
J’aimerais savoir : Existe-t-il un minimum de crédits ou de moyenne par semestre  !?,reglement
J’aimerais savoir : Comment demander un report d’admission ?,procedure_administrative
"Excusez-moi, quelles sont les matières principales en Biologie ?",formation
Où soumettre la demande de carte étudiante ?,procedure_administrative
J’aimerais savoir : Quels sont les prérequis pour le Master Psychologie ?,formation
"J’aimerais savoir : Puis-je changer de majeure ou de spécialisation en cours d’année , si possible ?",formation
Pourriez-vous me dire : Quand a lieu le prochain cours de économie ?! ?,emploi_du_temps
"S'il vous plaît, Comment réussir le prochain module de statistiques ?",formation
Pourriez-vous me dire : Où soumettre la demande de carte étudiante ?,procedure_administrative
Quelles sont les règles pour le retrait d’un cours ?,reglement
"S'il vous plaît, pourriez-vous me dire : Comment réussir le prochain module de statistiques ?",formation
Où et à quelle heure est mon cours du mercredi à 8h30 ?,emploi_du_temps
Est-il possible de savoir où consulter le code de conduite des étudiants ?,reglement
Pourriez-vous me dire : Quelle est la politique concernant le probation académique ?,reglement
Où et à quelle heure est mon cours du mardi à 8h30 ?,emploi_du_temps
Est-il possible de savoir comment demander un report d’admission ?,procedure_administrative
"Le Wi-Fi ne fonctionne pas, que puis-je faire ?",service_campus
Combien d’absences sont autorisées avant une sanction ?,reglement
Est-il possible de savoir pouvez-vous me donner l’emploi du temps du semestre de été pour psychologie cognitive ?,emploi_du_temps
J’aimerais savoir : Puis-je changer de majeure ou de spécialisation en cours d’année ?,formation
Petite question : J’aimerais savoir : Quelles sont les matières principales en Biologie ?,formation
Où puis-je imprimer mes documents sur le campus  !?,service_campus
"Excusez-moi, Combien d’absences sont autorisées avant une sanction ?",reglement
"Puis-je changer de majeure ou de spécialisation en cours d’année , c’est urgent ?",formation
Petite question : Est-il possible de savoir que se passe-t-il en cas de triche à un examen ?,reglement
Combien de credits faut-il pour se specialiser en Informatique  ??,formation
"Le Wi-Fi ne fonctionne pas, que puis-je faire ?",service_campus
"S'il vous plaît, quels sont les prérequis pour le Licence Histoire  ??",formation
"Où déposer mon dossier pour mettre à jour mon adresse , merci d’avance ?",procedure_administrative
J’aimerais savoir : Où puis-je imprimer mes documents sur le campus ?,service_campus
"J’ai perdu mes clés, où se situe le bureau des objets trouvés ?",service_campus
Est-il possible de savoir où soumettre la demande de acrte étudiante ?,procedure_administrative
Combien d’absences sont autorisées avant une sanction ?,reglement
Quels sont les prérequis pour le MBA Finance ?,formation
J’aimerais savoir : À quelle heure commencent les TD de biologie cellulaire  !?,emploi_du_temps
"Pardon, Où et à quelle heure est mon cours du jeudi à 8h30 ?",emploi_du_temps
Comment me connecter au portail étudiant de l’université ?,service_campus
Est-il possible de savoir comment demander un report d’admission ?,procedure_administrative
Est-il possible de savoir quelles sont les UE obligatoires pour le MBA Finance … ?,formation
"Pourriez-vous me dire : quels documents sont requis pour un changement de parcours , pour la semaine prochaine  !?",procedure_administrative
"Bonjour, Comment demander un report d’admission ?",procedure_administrative
"Pourriez-vous me dire : Le VPN ne fonctionne pas, que puis-je faire ?",service_campus
Quels documents sont requis pour un changement de parcours ?,procedure_administrative
Petite question : où puis-je imprimer mes documents sur le campus ?,service_campus
Quelle est la date limite pour la demande d’aide financière ?,procedure_administrative
Est-il possible de savoir y a-t-il un règlement spécifique pour les stages ?,reglement
Quelles sont les règles pour le retrait d’un cours ?,reglement
"Quand a lieu le prochain cours de chimie organique , pour la semaine prochaine ?",emploi_du_temps
Est-il possible de savoir puis-je réserver une salle de travail ou un terrain de sport ?,service_campus
"Que se passe-t-il en cas de triche à un examen , pour aujourd’hui ?",reglement
Quelle est la politique concernant le plagiat ?,reglement
"S'il vous plaît, quels documents sont requis pour un changement de parcours ?",procedure_administrative
Pourriez-vous me dire : Quels documents sont requis pour un changement de parcours ?,procedure_administrative
Quels sont les prérequis pour le MBA Finance ?,formation
"Bonsoir, où puis-je imprimer mes documents sur le campus ?",service_campus
"Où et à quelle heure est mon cours du vendredi à 10h00 , merci d’avance ?",emploi_du_temps
Quelles sont les UE obligatoires pour le Licence Histoire ?,formation
"Quels sont les prérequis pour le MBA Finance , merci d’avance ?",formation
Est-il possible de savoir quel est l’horaire du cours de statistiques appliquées avec le professeur Martin ?,emploi_du_temps
Combien d’absences sont autorisées avant une sanction ?,reglement
"S'il vous plaît, Quels sont les prérequis pour le Licence Histoire ?",formation
Puis-je réserver une salle de travail ou un terrain de sport ?,service_campus
"Petite question : où consulter le code de conduite des étudiants , pour la semaine prochaine ?",reglement
Pourriez-vous me dire : Quelle est la politique concernant le absence aux cours ?! ?,reglement
"Excusez-moi, combien de crédits faut-il pour se spécialiser en Biologie ?",formation
J’aimerais savoir : Comment me connecter au ENT de l’université ?,service_campus
"Excusez-moi, est-il possible de savoir pourriez-vous m’indiquer le créneau de algèbre avancée ?",emploi_du_temps
Combien de crédits faut-il pour se spécialiser en Psychologie ?,formation
"Bonsoir, quels sont les horaires d’ouverture de la centre de santé ?",service_campus
Quel est l’horaire du cours de programmation Python avec le professeur Martin ?,emploi_du_temps
Quels sont les prérequis pour le Licence Histoire ?,formation
Quelle est la politique concernant le plagiat ?,reglement
"Pardon, J’aimerais savoir : Comment obtenir une convention de stage , pour aujourd’hui … ?",procedure_administrative
"Pourriez-vous me dire : Puis-je changer de majeure ou de spécialisation en cours d’année , si possible ?",formation
Comment renouveler ma carte étudiante ?,procedure_administrative
Comment me connecter au ENT de l’université ?,service_campus
"Quel est l’horaire du cours de chimie organique avec le professeur Moreau , c’est urgent ?",emploi_du_temps
J’aimerais savoir : Quelles sont les UE obligatoires pour le Master Psychologie ?,formation
"S'il vous plaît, puis-je changer de majeure ou de spécialisation en cours d’année ?",formation
"Le Wi-Fi ne fonctionne pas, que puis-je faire ?",service_campus
Petite question : pourriez-vous me dire : Comment mettre à jour mon adresse ?,procedure_administrative
Quelle est la date limite pour l’inscription aux cours ?,procedure_administrative
"Excusez-moi, quels sont les horaires d’ouverture de la gymnase , merci d’avance ?",service_campus
Pourriez-vous me dire : Quelles sont les règles pour le retrait d’un cours ?,reglement
"Bonsoir, À quelle heure commencent les TD de chimie organique ?",emploi_du_temps
"Bonsoir, quels sont les prérequis pour le Master Robotique ?",formation
J’aimerais savoir : Quels sont les horaires d’ouverture de la bibliothèque centrale ?,service_campus
Que se passe-t-il en cas de triche à un examen ?,reglement
Où puis-je imprimer mes documents sur le campus ?,service_campus
J’aimerais savoir : Quelles sont les règles pour le retrait d’un cours ?,reglement
Quelle est la date limite pour l’inscription aux cours ?,procedure_administrative
"S'il vous plaît, J’aimerais savoir : Où soumettre la demande de carte étudiante ?",procedure_administrative
"Bonjour, j’aimerais savoir : Combien d’absences sont autorisées avant une sanction ?",reglement
Où et à quelle heure est mon cours du vendredi à 10h00 ?,emploi_du_temps
"Puis-je changer de majeure ou de spécialisation en cours d’année , si possible ?",formation
"Pardon, où déposer mon dossier pour renouveler ma carte étudiante ?",procedure_administrative
"Excusez-moi, Pourriez-vous me dire : Comment payer mes frais de scolarité ?",procedure_administrative
Quels sont les prérequis pour le Parcours Data Science ?,formation
Quelle est la date limite pour l’inscription aux cours ?,procedure_administrative
Où puis-je imprimer mes documents sur le campus ?,service_campus
"Bonjour, quels sont les horaires d’ouverture de la service logement , merci d’avance ?",service_campus
Pourriez-vous me dire : Puis-je réserver une salle de travail ou un terrain de sport ?,service_campus
Combien d’absences sont autorisées avant une sanction ?,reglement
"Comment me connecter au VPN de l’université , merci d’avance ?",service_campus
"Puis-je réserver une salle de travail ou un terrain de sport , pour la semaine prochaine ?",service_campus
Est-il possible de savoir pouvez-vous me donner l’emploi du temps du semestre de automne pour droit public ?,emploi_du_temps
Pourriez-vous me dire : Comment me connecter au ENT de l’université ?,service_campus
Où déposer mon dossier pour demander un relevé officiel ?,procedure_administrative
Pourriez-vous me dire : Où puis-je imprimer mes documents sur le campus ?,service_campus
"Le Wi-Fi ne fonctionne pas, que puis-je faire , pour aujourd’hui ?",service_campus
Pourriez-vous me dire : Quels sont les prérequis pour le MBA Finance ?! ?,formation
Est-il possible de savoir puis-je réserver une salle de travail ou un terrain de sport ?! ?,service_campus
"Où et à quelle heure est mon cours du jeudi à 16h30 , pour aujourd’hui  !?",emploi_du_temps
"Est-il possible de savoir à quelle heure commencent les TD de statistiques appliquées , pour aujourd’hui ?",emploi_du_temps
"Pardon, J’aimerais savoir : Quels sont les prérequis pour le Licence Histoire ?",formation
"J’aimerais savoir : Le portail étudiant ne fonctionne pas, que puis-je faire ?",service_campus
"Pourriez-vous me dire : Puis-je réserver une salle de travail ou un terrain de sport , pour la semaine prochaine ?",service_campus
J’aimerais savoir : Comment payer mes frais de scolarité ?,procedure_administrative
Quel est l’horaire du cours de statistiques appliquées avec le professeur Anderson ?,emploi_du_temps
"Bonjour, Pourriez-vous me dire : Pouvez-vous me donner l’emploi du temps du semestre de automne pour microéconomie ?",emploi_du_temps
"Quelles sont les UE obligatoires pour le Master Psychologie , c’est urgent ?",formation
"Quels documents sont requis pour un changement de parcours , pour la semaine prochaine ?",procedure_administrative
"J’aimerais savoir : Quel est l’horaire du cours de littérature moderne avec le professeur Dubois , pour aujourd’hui ?",emploi_du_temps
"J’aimerais savoir : Où puis-je imprimer mes documents sur le campus , c’est urgent ?",service_campus
Pourriez-vous me dire : Quels sont ls horaires d’ouverture de la bibliothèque centrale ?,service_campus
Petite question : est-il possible de savoir où consulter le code de conduite des étudiants ?,reglement
"Excusez-moi, quels sont les horaires d’ouverture de la bureau des carrières , pour la semaine prochaine ?",service_campus
Quand a lieu le prochain cours de littérature moderne ?,emploi_du_temps
J’aimerais savoir : Quels sont les horaires d’ouverture de la maison des étudiants ?,service_campus
Comment me connecter au portail étudiant de l’université ?,service_campus
Où soumettre la demande de carte étudiante ?,procedure_administrative
Pouvez-vous me donner l’emploi du temps du semestre de printemps pour économie ?,emploi_du_temps
Quels documents sont requis pour un changement de parcours ?,procedure_administrative
Quand a lieu le prochain cours de biologie cellulaire ?,emploi_du_temps
Pourriez-vous me dire : Pourriez-vous m’indiquer le créneau de droit public ?,emploi_du_temps
"J’ai perdu mes clés, où se situe le bureau des objets trouvés ?",service_campus
"Où soumettre la demande de carte étudiante , merci d’avance ?",procedure_administrative
Comment demander un relevé officiel ?,procedure_administrative
Où et à quelle heure est mon cours du vendredi à 8h30 ?,emploi_du_temps
"Bonsoir, Où se trouve la maison des étudiants ?! ?",service_campus
"Excusez-moi, combien de crédits faut-il pour se spécialiser en Lettres modernes ?",formation
"Pourriez-vous m’indiquer le créneau de algèbre avancée , c’est urgent ?",emploi_du_temps
Comment réussir le prochain module de statistiques ?,formation
Comment réussir le prochain module de statistiques ?,formation
J’aimerais savoir : où se trouve la maison des étudiants ?,service_campus
J’aimerais savoir quand se déroule le cours de analyse de données. ?,emploi_du_temps
"Bonjour, Combien de crédits faut-il pour se spécialiser en Psychologie ?",formation
"Pourriez-vous me dire : quand a lieu le prochain cours de programmation python , si possible ?",emploi_du_temps
Quelles sont les matières principales en Lettres modernes ?,formation
Petite question : où et à quelle heure est mon cours du jeudi à 8h30 ?,emploi_du_temps
Quel est l’horaire du cours de chimie organique avec le professeur dubois ?,emploi_du_temps
Pouvez-vous me donner l’emploi du temps du semestre de automne pour droit public ?,emploi_du_temps
Puis-je changer de majeure ou de spécialisation en cours d’année ?,formation
"Excusez-moi, où puis-je imprimer mes documents sur le campus ?",service_campus
"Bonsoir, est-il possible de savoir où soumettre la demande de carte étudiante ?",procedure_administrative
"J’aimerais savoir : Le VPN ne fonctionne pas, que puis-je faire ?",service_campus
À quelle heure commencent les TD de économie ?,emploi_du_temps
J’aimerais savoir : Quelles sont les UE obligatoires pour le Parcours Data Science ?,formation
Où soumettre la demande de carte étudiante ?,procedure_administrative
J’aimerais savoir : Pouvez-vous me donner l’emploi du temps du semestre de été pour statistiques appliquées ?,emploi_du_temps
J’aimerais savoir quand se déroule le cours de littérature moderne. ?,emploi_du_temps
Quels sont les prérequis pour le Master Psychologie ?,formation
"J’ai perdu mes clés, où se situe le bureau des objets trouvés ?",service_campus
Y a-t-il un règlement spécifique pour les stages  !?,reglement
Quelles sont les matières principales en Biologie ?,formation
Où soumettre la demande de carte étudiante ?,procedure_administrative
"J’ai perdu mes clés, où se situe le bureau des objets trouvés ?",service_campus
"Pardon, Où consulter le code de conduite des étudiants ?",reglement
"Excusez-moi, Combien d’absences sont autorisées avant une sanction ?",reglement
Puis-je réserver une salle de travail ou un terrain de sport ?,service_campus
Pourriez-vous me dire : Où puis-je imprimer mes documents sur le campus ?,service_campus
Pourriez-vous me dire : Comment demander un report d’admission  ??,procedure_administrative
Quand a lieu le prochain cours de algèbre avancée ?,emploi_du_temps
Où soumettre la demande de carte étudiante ?,procedure_administrative
"Excusez-moi, puis-je changer de majeure ou de spécialisation en cours d’année ?",formation
"Bonsoir, Pourriez-vous me dire : Quelle est la politique concernant le absence aux cours ?",reglement
"Excusez-moi, Où se trouve la bureau des carrières ?",service_campus
Quel est l’horaire du cours de microéconomie avec le professeur Dupont ?,emploi_du_temps
Combien de crédits faut-il pour se spécialiser en Biologie ?,formation
"Excusez-moi, Est-il possible de savoir où puis-je imprimer mes documents sur le campus , pour aujourd’hui ?",service_campus
"Pardon, Est-il possible de savoir comment renouveler ma carte étudiante , pour aujourd’hui ?",procedure_administrative
J’aimerais savoir quand se déroule le cours de statistiques appliquées. — pour la semaine prochaine ?,emploi_du_temps
Où puis-je imprimer mes documents sur le campus ?,service_campus
"Pouvez-vous me donner l’emploi du temps du semestre de été pour analyse de données , merci d’avance ?",emploi_du_temps
"Pardon, puis-je changer de majeure ou de spécialisation en cours d’année ?",formation
Est-il possible de savoir à quelle heure commencent les TD de biologie cellulaire ?,emploi_du_temps
"S'il vous plaît, quels sont les prérequis pour le Master Psychologie , pour aujourd’hui ?",formation
"S'il vous plaît, comment me connecter au Wi-Fi de l’université , merci d’avance ?",service_campus
Petite question : où soumettre la demande de carte étudiante ?,procedure_administrative
Pourriez-vous me dire : Où et à quelle heure est mon cours du mardi à 14h00 ?,emploi_du_temps
Comment me connecter au portail étudiant de l’université ?,service_campus
Où et à quelle heure est mon cours du jeudi à 10h00 ?,emploi_du_temps
"Est-il possible de savoir à quelle heure commencent les TD de économie , si possible ?",emploi_du_temps
Quels sont les prérequis pour le MBA Finance ?,formation
Où et à quelle heure est mon cours du lundi à 10h00 ?,emploi_du_temps
Quel est l’horaire du cours de statistiques appliquées avec le professeur Dupont ?,emploi_du_temps
"Excusez-moi, J’aimerais savoir : Y a-t-il un règlement spécifique pour les stages ?",reglement
Quelle est la date limite pour l’inscription aux cours ?,procedure_administrative
"Est-il possible de savoir où puis-je imprimer mes documents sur le campus , c’est urgent ?",service_campus
"Puis-je changer de majeure ou de spécialisation en cours d’année , pour aujourd’hui ?",formation
"Le VPN ne fonctionne pas, que puis-je faire ?",service_campus
Combien de crédits faut-il pour se spécialiser en Informatique ?,formation
Où se trouve la service logement ?,service_campus
Quelles sont les UE obligatoires pour le Licence Histoire ?,formation
J’aimerais savoir quand se déroule le cours de droit public. ?,emploi_du_temps
Où puis-je imprimer mes documents sur le campus ?,service_campus
J’aimerais savoir : Combien d’absences sont autorisées avant une sanction ?,reglement
"Combien d’absences sont autorisées avant une sanction , pour la semaine prochaine ?",reglement
Où puis-je imprimer mes documents sur le campus ?,service_campus
Est-il possible de savoir quels sont les prérequis pour le Parcours Data Science ?! ?,formation
Est-il possible de savoir où consulter le code de conduite des étudiants ?,reglement
Puis-je réserver une salle de travail ou un terrain de sport ?,service_campus
Comment réussir le prochain module de statistiques ?! ?,formation
"Bonsoir, où et à quelle heure est mon cours du mercredi à 8h30 ?",emploi_du_temps
Puis-je changer de majeure ou de spécialisation en cours d’année ?,formation
Où déposer mon dossier pour payer mes frais de scolarité ?,procedure_administrative
Comment réussir le prochain module de statistiques ?! ?,formation
"J’ai perdu mes clés, où se situe le bureau des objets trouvés ?",service_campus
Où consulter le code de conduite des étudiants ?,reglement
Existe-t-il un minimum de crédits ou de moyenne par semestre ?,reglement
Quelle est la date limite pour la demande d’aide financière ?,procedure_administrative
Puis-je réserver une salle de travail ou un terrain de sport ?,service_campus
"Bonsoir, est-il possible de savoir quelles sont les matières principales en Psychologie ?",formation
"Bonsoir, j’aimerais savoir : Pouvez-vous me donner l’emploi du temps du semestre de été pour programmation Python … ?",emploi_du_temps
Où déposer mon dossier pour obtenir une convention de stage ?,procedure_administrative
Pourriez-vous me dire : Quels sont les prérequis pour le Parcours Data Science ?,formation
J’aimerais savoir : Où consulter le code de conduite des étudiants ?,reglement
Pourriez-vous me dire : Où soumettre la demande de carte étudiante ?,procedure_administrative
Y a-t-il un règlement spécifique pour les stages ?! ?,reglement
"Bonsoir, Pourriez-vous me dire : Le portail étudiant ne fonctionne pas, que puis-je faire ?",service_campus
Quelles sont les matières principales en Informatique ?! ?,formation
Où et à quelle heure est mon cours du mercredi à 8h30 ?,emploi_du_temps
Comment candidater pour la remise de diplôme ?,procedure_administrative
"Bonsoir, J’aimerais savoir quand se déroule le cours de psychologie cognitive. ?",emploi_du_temps
Pourriez-vous me dire : Où se trouve la gymnase ?,service_campus
Est-il possible de savoir existe-t-il un minimum de crédits ou de moyenne par semestre ?,reglement
Quels sont les horaires d’ouverture de la centre de santé  ??,service_campus
"Bonsoir, quelles sont les UE obligatoires pour le Master Psychologie ?",formation
Quelles sont les règles pour le retrait d’un cours ?,reglement
"J’ai perdu mes clés, où se situe le bureau des objets trouvés ?",service_campus
Pourriez-vous me dire : Comment réussir le prochain module de statistiques ?,formation
"S'il vous plaît, j’aimerais savoir : Quelles sont les matières principales en Biologie , merci d’avance ?",formation
Existe-t-il un minimum de crédits ou de moyenne par semestre ?,reglement
Est-il possible de savoir existe-t-il un minimum de crédits ou de moyenne par semestre ?,reglement
Quelle est la date limite pour la demande d’aide financière ?,procedure_administrative
"Est-il possible de savoir quelles sont les matières principales en Psychologie , c’est urgent ?",formation
Combien de crédits faut-il pour se spécialiser en informatique ?,formation
Quels documents sont requis pour un changement de parcours ?,procedure_administrative
Quels sont les prérequis pour le MBA Finance ?! ?,formation
Comment me connecter au VPN de l’université … ?,service_campus
"Petite question : Est-il possible de savoir comment payer mes frais de scolarité , merci d’avance ?",procedure_administrative
"Excusez-moi, Y a-t-il un règlement spécifique pour les stages ?",reglement
"Pardon, Y a-t-il un règlement spécifique pour les stages ?",reglement
Comment réussir le prochain module de statistiques ?,formation
Quels sont les horaires d’ouverture de la gymnase ?,service_campus
Où soumettre la demande de carte étudiante ?,procedure_administrative
"Petite question : à quelle heure commencent les TD de littérature moderne , si possible ?",emploi_du_temps
"Comment obtenir une convention de stage , pour aujourd’hui ?",procedure_administrative
"Le VPN ne fonctionne pas, que puis-je faire  !?",service_campus
"S'il vous plaît, Pourriez-vous me dire : Comment réussir le prochain module de statistiques ?",formation
Est-il possible de savoir y a-t-il un règlement spécifique pour les stages ?,reglement
J’aimerais savoir : Comment candidater pour la remise de diplôme ?! ?,procedure_administrative
Quelles sont les règles pour le retrait d’un cours ?,reglement
Quels sont les prérequis pour le master robotique ?,formation
J’aimerais savoir : Quelles sont les matières principales en Informatique ?,formation
"Bonsoir, Pourriez-vous me dire : Comment réussir le prochain module de statistiques ?",formation
Puis-je changer de majeure ou de spécialisation en cours d’année ?,formation
"Excusez-moi, Où soumettre la demande de carte étudiante ?",procedure_administrative
Quels documents sont requis pour un changement de parcours ?,procedure_administrative
"Bonjour, Est-il possible de savoir le portail etudiant ne fonctionne pas, que puis-je faire ?",service_campus
"J’aimerais savoir : J’ai perdu mes clés, où se situe le bureau des objets trouvés ?",service_campus
Pourriez-vous me dire : Quelle est la date limite pour l’inscription aux cours ?,procedure_administrative
"Bonjour, Où et à quelle heure est mon cours du mercredi à 8h30  ??",emploi_du_temps
Pouvez-vous me donner l’emploi du temps du semestre de automne pour économie … ?,emploi_du_temps
Que se passe-t-il en cas de triche à un examen ?,reglement
Pourriez-vous me dire : Comment renouveler ma carte étudiante ?,procedure_administrative
"Pardon, Existe-t-il un minimum de crédits ou de moyenne par semestre ?",reglement
Est-il possible de savoir où puis-je imprimer mes documents sur le campus ?,service_campus
Quelles sont les UE obligatoires pour le Licence Histoire ?,formation
"S'il vous plaît, quels sont les prérequis pour le Master Robotique , pour aujourd’hui ?",formation
"J’ai perdu mes clés, où se situe le bureau des objets trouvés ?",service_campus
"Bonsoir, quelle est la politique concernant le retards ?",reglement
Quel est l’horaire du cours de économie avec le professeur Anderson ?,emploi_du_temps
Pourriez-vous me dire : Quel est l’horaire du cours de droit public avec le professeur Dubois ?,emploi_du_temps
Est-il possible de savoir où se trouve la maison des étudiants ?,service_campus
"Excusez-moi, puis-je changer de majeure ou de spécialisation en cours d’annééée , si possible ?",formation
Pourriez-vous me dire : Combien de crédits faut-il pour se spécialiser en Biologie ?,formation
"Bonsoir, Quels sont les prérequis pour le Parcours Data Science ?",formation
Quelle est la politique concernant le probation académique ?,reglement
"Bonjour, Est-il possible de savoir uels sont les prérequis pour le Master Psychologie ?",formation
Combien de crédits faut-il pour se spécialiser en Biologie ?,formation
J’aimerais savoir quand se déroule le cours de droit public. ?,emploi_du_temps
Existe-t-il un minimum de crédits ou de moyenne par semestre ?,reglement
Est-il possible de savoir comment obtenir une convetnion de stage ?,procedure_administrative
"Pourriez-vous me dire : Quelles sont les UE obligatoires pour le MBA Finance , pour aujourd’hui ?",formation
J’aimerais savoir : Comment réussir le prochain module de statistiques ?,formation
Quelles sont les règles pour le retrait d’un cours ?,reglement
Quel est l’horaire du cours de chimie organique avec le professeur Nguyen ?,emploi_du_temps
Pourriez-vous m’indiquer le créneau de littérature moderne ?,emploi_du_temps
"Quand a lieu le prochain cours de biologie cellulaire , merci d’avance ?",emploi_du_temps
Où puis-je imprimer mes documents sur le campus ?,service_campus
"Bonjour, Est-il possible de savoir puis-je changer de majeure ou de spécialisation en cours d’année ?",formation
Pourriez-vous m’indiquer le créneau de analyse de données ?,emploi_du_temps
Quels documents sont requis pour un changement de parcours ?,procedure_administrative
Quels sont les prérequis pour le MBA Finance ?,formation
Puis-je réserver une salle de travail ou un terrain de sport ?,service_campus
"Quels sont les horaires d’ouverture de la centre de santé , c’est urgent ?",service_campus
"Comment réussir le prochain module de statistiques , c’est urgent … ?",formation
"Pardon, Où se trouve la service logement ?",service_campus
"Bonjour, comment me connecter au ENT de l’université , pour la semaine prochaine ?",service_campus
"Quels documents sont requis pour un changement de parcours , merci d’avance ?",procedure_administrative
Est-il possible de savoir puis-je changer de majeure ou de spécialisation en cours d’année ?,formation
Est-il possible de savoir y a-t-il un règlement spécifique pour les stages ?,reglement
Petite question : Quels documents sont requis pour un changement de parcours ?,procedure_administrative
Combien de crédits faut-il pour se spécialiser en Psychologie ?,formation
J’aimerais savoir quand se déroule le cours de droit public. ?,emploi_du_temps
Est-il possible de savoir où consulter le code de conduite des étudiants ?,reglement
Pourriez-vous me dire : Puis-je changer de majeure ou de spécialisation en cours d’année ?,formation
Où puis-je imprimer mes documents sur le campus ?,service_campus
J’aimerais savoir quand se déroule le cours de microéconomie. ?,emploi_du_temps
"Combien de crédits faut-il pour se spécialiser en Informatique , si possible ?",formation
"S'il vous plaît, J’aimerais savoir : Comment réussir le prochain module de statistiques  ??",formation
Comment demander un report d’admission ?,procedure_administrative
"Excusez-moi, comment demander un relevé officiel ?! ?",procedure_administrative
J’aimerais savoir : Comment obtenir une convention de stage ?,procedure_administrative
"Pardon, Est-il possible de savoir quels sont les prérequis pour le Master Psychologie ?",formation
"Bonsoir, est-il possible de savoir j’aimerais savoir quand se déroule le cours de économie ?",emploi_du_temps
J’aimerais savoir : J’aimerais savoir quand se déroule le cours de économie ?,emploi_du_temps
Pourriez-vous me dire : Où soumettre la demande de carte étudiante ?,procedure_administrative
Où soumettre la demande de carte étudiante ?,procedure_administrative
"S'il vous plaît, où se trouve la service logement ?! ?",service_campus
Quels sont les prérequis pour le Parcours Data Science ?,formation
"Bonsoir, comment me connecter au portail étudiant de l’université , pour la semaine prochaine ?",service_campus
"Le VPN ne fonctionne pas, que puis-je faire ?",service_campus
"Pourriez-vous me dire : Combien d’absences sont autorisées avant une sanction , c’est urgent … ?",reglement
Puis-je changer de majeure ou de spécialisation en cours d’année ?,formation
"Quels sont les prérequis pour le Master Robotique , pour la semaine prochaine ?",formation
"Bonjour, Où se trouve la centre de santé ?",service_campus
Où consulter le code de conduite des étudiants ?,reglement
Pourriez-vous me dire : Où soumettre la demande de carte étudiante ?,procedure_administrative
"Est-il possible de savoir où et à quelle heure est mon cours du lundi à 16h30 , si possible … ?",emploi_du_temps
"Pardon, Pourriez-vous me dire : Pouvez-vous me donner l’emploi du temps du semestre de automne pour programmation Python ?",emploi_du_temps
Puis-je changer de majeure ou de spécialisation en cours d’année ?,formation
"S'il vous plaît, pourriez-vous me dire : Combien de crédits faut-il pour se spécialiser en Biologie ?",formation
"Pourriez-vous me dire : Quels documents sont requis pour un changement de parcours , c’est urgent ?",procedure_administrative
Quelles sont les règles pour le retrait d’un cours ?,reglement
Petite question : J’aimerais savoir : Où déposer mon dossier pour obtenir une convention de stage ?,procedure_administrative
"S'il vous plaît, que se passe-t-il en cas de triche à un examen ?",reglement
"Le Wi-Fi ne fonctionne pas, que puis-je faire ?",service_campus
Où soumettre la demande de carte étudiante ?,procedure_administrative
Est-il possible de savoir quelles sont les UE obligatoires pour le Master Psychologie ?,formation
Quelle est la politique concernant le probation académique ?,reglement
Comment réussir le prochain module de statistiques ?,formation
"S'il vous plaît, comment réussir le prochain module de statistiques ?",formation
Pourriez-vous m’indiquer le créneau de microéconomie  !?,emploi_du_temps
"Quand a lieu le prochain cours de statistiques appliquées , pour aujourd’hui ?",emploi_du_temps
"Combien de crédits faut-il pour se spécialiser en Biologie , merci d’avance  ??",formation
"J’aimerais savoir : Pourriez-vous m’indiquer le créneau de statistiques appliquées , si possible ?",emploi_du_temps
Pourriez-vous me dire : Comment me connecter au ENT de l’universite … ?,service_campus
"Pouvez-vous me donner l’emploi du temps du semestre de été pour statistiques appliquées , c’est urgent ?",emploi_du_temps
Pouvez-vous me donner l’emploi du temps du semestre de automne pour chimie organique ?,emploi_du_temps
"Comment me connecter au Wi-Fi de l’université , merci d’avance ?! ?",service_campus
Quand a lieu le prochain cours de robotique ?,emploi_du_temps
"J’ai perdu mes clés, où se situe le bureau des objets trouvés , si possible ?",service_campus
J’aimerais savoir : Puis-je réserver une salle de travail ou un terrain de sport ?,service_campus
"S'il vous plaît, Est-il possible de savoir où consulter le code de conduite des étudiants ?! ?",reglement
"Bonjour, pourriez-vous me dire : Que se passe-t-il en cas de triche a un examen ?",reglement
"Bonsoir, Quels sont les horaires d’ouverture de la bureau des carrières ?",service_campus
À quelle heure commencent les TD de biologie cellulaire ?,emploi_du_temps
"J’aimerais savoir : Comment renouveler ma carte étudiante , c’est urgent ?",procedure_administrative
"Excusez-moi, Puis-je réserver une salle de travail ou un terrain de sport ?",service_campus
"Le ENT ne fonctionne pas, que puis-je faire , si possible ?",service_campus
"Où déposer mon dossier pour demander un relevé officiel , c’est urgent ?",procedure_administrative
Pourriez-vous m’indiquer le créneau de chimie organique ?,emploi_du_temps
"Où se trouve la service logement , si possible ?",service_campus
Où se trouve la service logement ?,service_campus
Comment obtenir une convention de stage ?,procedure_administrative
Comment demander un relevé officiel ?,procedure_administrative
"Bonsoir, Puis-je réserver une salle de travail ou un terrain de sport ?",service_campus
Combien de crédits faut-il pour se spécialiser en Biologie ?,formation
"Puis-je réserver une salle de travail ou un terrain de sport , pour aujourd’hui ?",service_campus
"Quelles sont les UE obligatoires pour le Master Psychologie , merci d’avance ?",formation
Que se passe-t-il en cas de triche à un examen ?,reglement
Petite question : J’aimerais savoir : Quels documents sont requis pour un changement de parcours ?,procedure_administrative
"Bonjour, quelles sont les règles pour le retrait d’un cours ?",reglement
"Pardon, j’aimerais savoir quand se déroule le cours de algèbre avancée. ?",emploi_du_temps
Y a-t-il un règlement spécifique pour les stages ?,reglement
"Pardon, Pourriez-vous me dire : Quelle est la date limite pour l’abandon d’une UE ?",procedure_administrative
Petite question : Comment me connecter au VPN de l’université ?,service_campus
J’aimerais savoir quand se déroule le cours de statistiques appliquées. ?,emploi_du_temps
J’aimerais savoir quand se déroule le cours de robotique. — c’est urgent ?,emploi_du_temps
Quels sont les prérequis pour le mba finance ?,formation
Existe-t-il un minimum de crédits ou de moyenne par semestre ?,reglement
Pourriez-vous m’indiquer le créneau de microéconomie ?,emploi_du_temps
"Pardon, J’aimerais savoir : Quel est l’horaire du cours de droit public avec le professeur Moreau ?",emploi_du_temps
Est-il possible de savoir y a-t-il un règlement spécifique pour les stages ?,reglement
Comment réussir le prochain module de statistiques ?,formation
"Bonjour, Où consulter le code de conduite des étudiants … ?",reglement
"Excusez-moi, j’aimerais savoir : Existe-t-il un minimum de crédits ou de moyenne par semestre ?",reglement
"Pardon, Comment demander un report d’admission ?",procedure_administrative
Comment payer mes frais de scolarité ?,procedure_administrative
Où soumettre la demande de carte étudiante ?,procedure_administrative
Quelles sont les matières principales en Philosohie ?,formation
Est-il possible de savoir quelles sont les règles pour le retrait d’un cours ?,reglement
Petite question : Quelle est la politique concernant le probation académique ?,reglement
Existe-t-il un minimum de crédits ou de moyenne par semestre ?,reglement
Est-il possible de savoir puis-je changer de majeure ou de spécialisation en cours d’année ?,formation
Où soumettre la demande de carte étudiante ?,procedure_administrative
Est-il possible de savoir quelles sont les UE obligatoires pour le Master Robotique ?,formation
Quelles sont les UE obligatoires pour le Master Psychologie ?,formation
"Bonjour, pourriez-vous m’indiquer le créneau de littérature moderne ?! ?",emploi_du_temps
Quels sont les prérequis pour le Parcours Data Science  ??,formation
"Bonjour, Quel est l’horaire du cours de analyse de données avec le professeur Dubois ?",emploi_du_temps
"S'il vous plaît, Puis-je réserver une salle de travail ou un terrain de sport ?",service_campus
Ou puis-je imprimer mes documents sur le campus ?,service_campus
"Pourriez-vous me dire : Le portail étudiant ne fonctionne pas, que puis-je faire ?",service_campus
"Pourriez-vous me dire : Quelle est la date limite pour la demande d’aide financière , pour la semaine prochaine ?",procedure_administrative
Petite question : Combien d’absences sont autorisées avant une sanction ?,reglement
"Où consulterl e code de conduite des étudiants , merci d’avance ?",reglement
Où déposer mon dossier pour obtenir une convention de stage ?,procedure_administrative
J’aimerais savoir : Quelles sont les matières principales en Psychologie  ??,formation
Où se trouve la maison des étudiants ?,service_campus
Puis-je changer de majeure ou de spécialisation en cours d’anné ?,formation
Y a-t-il un règlement spécifique pour les stages ?,reglement
Petite question : comment candidater pour la reimse de diplôme ?,procedure_administrative
Pourriez-vous me dire : Où soumettre la demande de carte étudiante ?,procedure_administrative
"Est-il possible de savoir quels documents sont requis pour un changement de parcours , merci d’avance ?",procedure_administrative
Est-il possible de savoir quelles sont les règles pour le retrait d’un cours ?,reglement
"Bonjour, est-il possible de savoir pouvez-vous me donner l’emploi du temps du semestre de printemps pour chimie organique ?",emploi_du_temps
Quelle est la date limite pour l’inscription aux cours ?,procedure_administrative
Comment demander un report d’admission  !?,procedure_administrative
"Pourriez-vous m’indiquer le créneau de droit public , pour aujourd’hui ?",emploi_du_temps
J’aimerais savoir : Quelles sont les matières principales en Informatique … ?,formation
"Excusez-moi, quelle est la politique concernant le probation académique ?",reglement
Quand a lieu le prochain cours de algèbre avancée ?,emploi_du_temps
Où et à quelle heure est mon cours du lundià 14h00 ?,emploi_du_temps
Est-il possible de savoir combien de crédits faut-il pour se spécialiser en Psychologie ?,formation
J’aimerais savoir quand se déroule le cours de robotique. ?,emploi_du_temps
Comment réussir le prochain module de statistiques ?,formation
"Bonsoir, est-il possible de savoir quelles sont les matières principales en Psychologie ?",formation
"J’aimerais savoir : J’ai perdu mes clés, où se situe le bureau des objets trouvés , merci d’avance ?",service_campus
"Excusez-moi, Y a-t-il un règlement spécifique pour les stages ?",reglement
Quelles sont les règles pour le retrait d’un cours ?,reglement
"Pouvez-vous me donner l’emploi du temps du semestre de automne pour littérature moderne , c’est urgent ?",emploi_du_temps
"Pouvez-vous me donner l’emploi du temps du semestre de printemps pour psychologie cognitive , pour la semaine prochaine ?",emploi_du_temps
Quand a lieu le prochain cours de littérature moderne ?,emploi_du_temps
"S'il vous plaît, y a-t-il un règlement spécifique pour les stages ?",reglement
"S'il vous plaît, quand   a lieu le prochain cours de littérature moderne ?",emploi_du_temps
Pourriez-vous me dire : Comment demander un report d’admission ?,procedure_administrative
"Quel est l’horaire du cours de microéconomie avec le professeur Martin , pour aujourd’hui ?",emploi_du_temps
Pourriez-vous m’indiquer le créneau de robotique ?,emploi_du_temps
Quels documents sont requis pour un changement de parcours ?,procedure_administrative
J’aimerais savoir quand se déroule le cours de psychologie cognitive. — pour aujourd’hui ?,emploi_du_temps
J’aimerais savoir quand se déroule le cours de statistiques appliquées. ?,emploi_du_temps
"Quelle est la politique concernant le absence aux cours , c’est urgent ?",reglement
"Pardon, Quels sont les horaires d’ouverture de la bureau des carrières … ?",service_campus
Pourriez-vous me dire : Existe-t-il un minimum de crédits ou de moyenne par semestre ?,reglement
"J’ai perdu mes clés, où se situe le bureau des objets trouvés ?",service_campus
Où consulter le code de conduite des étudiants ?,reglement
Pourriez-vous m’indiquer le créneau de psychologie cognitive ?,emploi_du_temps
Quels documents sont requis pour un changement de parcours ?,procedure_administrative
Combien de crédits faut-il pour se spécialiser en Lettres modernes ?,formation
Quelles sont les matières principales en Phhhilosophie ?,formation
"Bonsoir, Où et à quelle heure est mon cours du mardi à 16h30 … ?",emploi_du_temps
Quels documents sont requis pour un changement de parcours ?,procedure_administrative
"J’aimerais savoir : J’ai perdu mes clés, où se situe le bureau des objets trouvés ?",service_campus
"Où soumettre la demande de carte étudiante , pour aujourd’hui ?",procedure_administrative
"Quels documents sont requis pour un changement de parcours , pour la semaine prochaine ?",procedure_administrative
"Bonsoir, Est-il possible de savoir quelle est la date limite pour la demande d’aide financière ?",procedure_administrative
Pourriez-vous m’indiquer le créneau de analyse de données ?,emploi_du_temps
"S'il vous plaît, Quels sont les horaires d’ouverture de la service logement ?",service_campus
"Bonsoi,r J’aimerais savoir quand se déroule le cours de algèbre avancée. ?",emploi_du_temps
"Petite question : Puis-je réserver une salle de travail ou un terrain de sport , pour la semaine prochaine ?",service_campus
"Excusez-moi, j’aimerais savoir : Puis-je réserver une salle de travail ou un terrain de sport ?! ?",service_campus
"Bonjour, où et à quelle heure est mon cours du jeudi à 16h30 ?",emploi_du_temps
"Pardon, J’aimerais savoir : Quelle est la date limite pour la demande d’aide financière ?",procedure_administrative
Pouvez-vous me donner l’emploi du temps du semestre de automne pour biologie cellulaire ?,emploi_du_temps
J’aimerais savoir quand se déroule le cours de statistiques appliquées. ?,emploi_du_temps
"Excusez-moi, le ENT ne fonctionne pas, que puis-je faire ?",service_campus
Comment demander un relevé officiel  ??,procedure_administrative
Est-il possible de savoir où se trouve la service logement ?,service_campus
"S'il vous plaît, Quels sont les prérequis pour le Licence Histoire ?",formation
"Bonjour, Quels documents sont requis pour un changement de parcours ?",procedure_administrative
J’aimerais savoir : Quels sont les horaires d’ouverture de la service logement ?,service_campus
"Pardon, quelles sont les UE obligatoires pour le Parcours Data Science , merci d’avance ?",formation
Est-il possible de savoir où soumettre la demande de carte étudiante  !?,procedure_administrative
Que se passe-t-il en cas de triche à un examen ?,reglement
"Bonsoir, J’aimerais savoir : Où consulter le code de conduite des étudiants , c’est urgent ?",reglement
Quels documents sont requis pour un changement de parcours  !?,procedure_administrative
Est-il possible de savoir quels sont les horaires d’ouverture de la centre de santé ?,service_campus
J’aimerais savoir : Où puis-je imprimer mes documents sur le campus ?,service_campus
Comment demander un report d’admission ?,procedure_administrative
Existe-t-il un minimum de crédits ou de moyenne par semestre  ??,reglement
J’aimerais savoir : Quelles sont les UE obligatoires pour le Parcours Data Science ?,formation
"Bonsoir, Quelle est la date limite pour l’inscription aux cours ?",procedure_administrative
"Pourriez-vous me dire : J’ai perdu mes clés, où se situe le bureau des objets trouvés ?",service_campus
Comment réussir le prochain module de statistiques ?,formation
Pourriez-vous me dire : Quelles sont les matières principales en Lettres modernes ?,formation
Combien d’absences sont autorisées avant une sanction  !?,reglement
À quelle heure commencent les TD de analyse de données ?,emploi_du_temps
"Bonsoir, J’aimerais savoir : Comment demander un report d’admission ?",procedure_administrative
"Pourriez-vous me dire : Le portail étudiant ne fonctionne pas, que puis-je faire ?",service_campus
Quelle est la politique concernant le retards ?,reglement
"Bonjour, Pourriez-vous me dire : Où puis-je imprimer mes documents sur le campus ?",service_campus
"Où soumettre la demande de carte étudiante , pour aujourd’hui ?",procedure_administrative
"Où consulter le code de conduite des étudiants , merci d’avance … ?",reglement
Pourriez-vous me dire : Comment me connecter au portail étudiant de l’université ?,service_campus
"Bonsoir, est-il possible de savoir comment demander un report d’admission ?",procedure_administrative
Où déposer mon dossier pour obtenir une conventio de stage ?,procedure_administrative
"Pourriez-vous me dire : Pourriez-vous m’indiquer le créneau de biologie cellulaire , si possible ?",emploi_du_temps
"Existe-t-il un minimum de crédits ou de moyenne par semestre , si possible ?",reglement
"Puis-je réserver une salle de travail ou un terrain de sport , pour la semaine prochaine ?",service_campus
Est-il possible de savoir quand a lieu le prochain cours de droit public ?,emploi_du_temps
"Où soumettre la demande de carte étudiante , pour la semaine prochaine ?",procedure_administrative
Pouvez-vous me donner l’emploi du temps du semestre de automne pour algèbre avancée  !?,emploi_du_temps
Y a-t-il un règlement spécifique pour les stages ?,reglement
Pourriez-vous me dire : Puis-je changer de majeure ou de spécialisation en cours d’année … ?,formation
J’aimerais savoir quand se deroule le cours de litterature moderne. ?,emploi_du_temps
Pourriez-vous me dire : pourriez-vous m’indiquer le créneau de chimie organique ?,emploi_du_temps
Où puis-je imprimer mes documents sur le campus ?! ?,service_campus
"Excusez-moi, Où et à quelle heure est mon cours du mardi à 16h30  !?",emploi_du_temps
Quels documents sont requis pour un changement de parcours ?,procedure_administrative
Pouvez-vous me donner l’emploi du temps du semestre de automne pour statistiques appliquées ?,emploi_du_temps
"S'il vous plaît, où et à quelle heure est mon cours du mardi à 8h30 ?",emploi_du_temps
Petite question : Combien de crédits faut-il pour s spécialiser en Lettres modernes ?,formation
Quels sont les prérequis pour le Licence Histoire ?,formation
Comment demander un report d’admission ?,procedure_administrative
Où et à quelle heure est mon cours du jeudi à 8h30 … ?,emploi_du_temps
Pourriez-vous me dire : Comment obtenir une convention de stage ?,procedure_administrative
"Le VPN ne fonctionne pas, que puis-je faire , si possible ?",service_campus
Comment demander un report d’admission ?,procedure_administrative
Où se trouve la centre de santé ?,service_campus
Pourriez-vous me dire : Quelle est la date limite pour l’abandon d’une UE ?,procedure_administrative
"Bonjour, Comment demander un report d’admission ?",procedure_administrative
Pourriez-vous me dire : Où déposer mon dossier pour mettre à jour mon adresse ?,procedure_administrative
Quels sont les horaires d’ouverture de la gymnase … ?,service_campus
J’aimerais savoir : Où soumettre la demande de carte étudiante ?,procedure_administrative
Quelles sont les règles pour le retrait d’un cours ?,reglement
Ou consulter le code de conduite des etudiants ?,reglement
"Excusez-moi, Combien de crédits faut-il pour se spécialiser en Philosophie ?",formation
Où déposer mon dossier pour candidater pour la remise de diplôme ?,procedure_administrative
Pourriez-vous me dire : Où soumettre la demande de carte étudiante ?,procedure_administrative
"Le Wi-Fi ne fonctionne pas, que puis-je faire ?",service_campus
"Où se trouve la gymnase , merci d’avance ?",service_campus
Quelle est la date limite pour l’abandon d’une UE ?,procedure_administrative
"S'ilv ous plaît, comment demander un report d’admission ?",procedure_administrative
Petite question : où soumettre la demande de carte étudiante ?,procedure_administrative
Comment candidater pour la remise de diplôme … ?,procedure_administrative
"Quand a lieu le prochain cours de droit public , pour aujourd’hui ?",emploi_du_temps
Quelles sont les matières principales en Psychologie ?,formation
Est-il possible de savoir combien d’absences sont autorisées avant une sanction ?,reglement
Quel est l’horaire du cours de littérature moderne avec le professeur Bennani ?,emploi_du_temps
"J’aimerais savoir : J’ai perdu mes clés, où se situe le bureau des objets trouvés ?",service_campus
Petite question : quand a lieu le prochain cours de robotique ?,emploi_du_temps
"Pourriez-vous me dire : Quelle est la politique concernant le rattrapage d’examen , pour aujourd’hui ?",reglement
"Bonsoir, J’ai perdu mes clés, où se situe le bureau des objets trouvés ?",service_campus
J’aimerais savoir : Comment renouveler ma carte étudiante  ??,procedure_administrative
Où se trouve la gymnase ?,service_campus
Quels documents sont requis pour un changement de parcours ?,procedure_administrative
Que se passe-t-il en cas de triche à un examen ?,reglement
Quand a lieu le prochain cours de économie  ??,emploi_du_temps
Quelle est la politique concernant le absence aux cours ?,reglement
"Est-il possible de savoir j’ai perdu mes clés, où se situe le bureau des objets trouvés , pour la semaine prochaine ?",service_campus
Comment réussir le prochain module de statistiques ?,formation
Où se trouve la bureau des carrières ?,service_campus
"Excusez-moi, j’aimerais savoir : Quelle est la politique concernant le probation académique ?",reglement
"Pourriez-vous m’indiquer le créneau de analyse de données , pour aujourd’hui ?",emploi_du_temps
"Bonjour, comment me connecter au ENT de l’université ?",service_campus
"Comment mettre à jour mon adresse , pour aujourd’hui ?",procedure_administrative
Quelles sont les règles pour le retrait d’un cours ?,reglement
Est-il possible de savoir j’aimerais savoir quand se déroule le cours de littérature moderne ?,emploi_du_temps
Pouvez-vous me donner l’emploi du temps du semestre de printemps pour psychologie cognitive ?,emploi_du_temps
Quelles sont les matières principales en Biologie ?,formation
"S'il vous plaît, où consulter le code de conduite des étudiants ?",reglement
Où déposer mon dossier pour renouveler ma carte étudiante ?,procedure_administrative
J’aimerais savoir : J’aimerais savoir quand se déroule le cours de droit public ?,emploi_du_temps
Petite question : Où soumettre la demande de carte étudiante ?,procedure_administrative
Quelle est la date limite pour l’inscription aux cours ?,procedure_administrative
"Bonjour, où soumettre la demande de carte étudiante , c’est urgent ?",procedure_administrative
Pourriez-vous me dire : À quelle heure commencent les TD de biologie cellulaire ?,emploi_du_temps
Puis-je changer de majeure ou de spécialisation en cours d’année ?,formation
Où et à quelle heure est mon cours ud lundi à 10h00 ?,emploi_du_temps
Pourriez-vous me dire : Comment me connecter au ENT de l’université ?,service_campus
Quels sont les prérequis pour le Master Psychologie ?,formation
Quand a lieu le prochain cours de psychologie cognitive ?,emploi_du_temps
"Excusez-moi, Combien de crédits faut-il pour se spécialiser en Informatique ?",formation
Est-il possible de savoir quels documents sont requis pour un changement de parcours ?,procedure_administrative
"Pourriez-vous me dire : Quels sont les prérequis pour le Licence Histoire , si possible  !?",formation
Quelles sont les règles pour le retrait d’un cours ?,reglement
Où puis-je imprimer mes documents sur le campus ?,service_campus
Quelle est la date limite pour la demande d’aide financière ?,procedure_administrative
Quelle est la politique concernant le plagiat ?,reglement
À quelle heure commencent les TD de algèbre avancée ?,emploi_du_temps
Quels documents sont requis pour un changement de parcours … ?,procedure_administrative
Comment demander un report d’admission ?,procedure_administrative
"Quelle est la politique concernant le retards , pour aujourd’hui ?",reglement
"Bonsoir, Puis-je réserver une salle de travail ou un terrain de sport ?",service_campus
Petite question : Quelles sont les matières principales en Biologie ?,formation
Où déposer mon dossier pour demander un relevé officiel ?,procedure_administrative
Quels sont les horaires d’ouverture de la service logement ?,service_campus
"Bonjour, quel est l’horaire du cours de robotique avec le professeur Bennani ?",emploi_du_temps
Pourriez-vous me dire : Puis-je réserver une salle de travail ou un terrain de sport ?,service_campus
Est-il possible de savoir quels sont les prérequis pour le Parcours Data Science ?,formation
Où déposer mon dossier pour obtenir une convention de stage ?,procedure_administrative
Quels documents sont requis pour un changement de parcours ?,procedure_administrative
"J’aimerais savoir : À quelle heure commencent les TD de économie , si possible ?",emploi_du_temps
"Pardon, est-il possible de savoir quelle est la politique concernant le absence aux cours ?",reglement
"Quelles sont les matières principales en Informatique , pour aujourd’hui ?",formation
Combien d’absences sont autorisées avant une sanction ?,reglement
"Bonsoir, pourriez-vous m’indiquer le créneau de statistiques appliquées ?",emploi_du_temps
J’aimerais savoir quand se déroule le cours de robotique. ?,emploi_du_temps
Où soumettre la demande de carte étudiante ?,procedure_administrative
"Pardon, j’aimerais savoir : Existe-t-il un minimum de crédits ou de moyenne par semestre ?",reglement
"Comment réussir le prochain module de statistiques , merci d’avance ?",formation
J’aimerais savoir : Quelles sont les règles pour le retrait d’un cours ?,reglement
Commeeent réussir le prochain module de statistiques ?,formation
"Comment demander un report d’admission , c’est urgent ?",procedure_administrative
Pourriez-vous me dire : À quelle heure commencent les TD de littérature moderne ?,emploi_du_temps
"Excusez-moi, Où et à quelle heure est mon cours du mercredi à 8h30 , merci d’avance ?",emploi_du_temps
J’aimerais savoir : Que se passe-t-il en cas de triche à un examen ?,reglement
"Est-il possible de savoir quels sont les prérequis pour le Master Robotique , merci d’avance ?",formation
"Bonsoir, Puis-je changer de majeure ou de spécialisation en cours d’année , c’est urgent ?",formation
Où consulter le code de conduite des étudiants ?,reglement
Existe-t-il un minimum de crédits ou de moyenne par semestre ?,reglement
"Pardon, Quelles sont les règles pour le retrait d’un cours ?",reglement
"Pardon, Est-il possible de savoir quels sont les horaires d’ouverture de la bibliothèque centrale  !?",service_campus
Petite question : Existe-t-il un minimum de crédits ou de moyenne par semestre ?,reglement
J’aimerais savoir : Puis-je changer de majeure ou de spécialisation en cours d’année … ?,formation
Quand a lieu le prochain cours de robotique ?,emploi_du_temps
J’aimerais savoir : Combien de crédits faut-il pour se spécialiser en Lettres modernes ?,formation
"J’ai perdu mes clés, où se situe le bureau des objets trouvés ?",service_campus
"Le portail étudiant ne fonctionne pas, que puis-je faire ?",service_campus
Où et à quelle heure est mon cours du vendredi à 8h30 ?,emploi_du_temps
"À quelle heure commencent les TD de économie , merci d’avance ?",emploi_du_temps
Pouvez-vous me donner l’emploi du temps du semestre de été pour statistiques appliquées ?,emploi_du_temps
"Puis-je changer de majeure ou de spécialisation en cours d’année , merci d’avance ?",formation
Est-il possible de savoir quelles sont les UE obligatoires pour le Parcours Data Science ?,formation
"Où se trouve la service logement , merci d’avance ?",service_campus
Pourriez-vous m’indiquer le créneau de microéconomie ?,emploi_du_temps
Quelle est la politique concernant le plagiat ?,reglement
"J’ai perdu mes clés, où se situe le bureau des objets trouvés ?",service_campus
Puis-je changer de majeure ou de spécialisation en cours d’année ?,formation
"Bonjour, quelle est la date limite pour l’abandon d’une UE ?",procedure_administrative
